2026-08-10 12:53:19.711 [0x00000974] INFO  EPC - 	setBatchWithCar 写入 1/1 carNum=1 ready=0 ttl=300s cacheSize=1 
2026-08-10 13:07:16.304 [0x000047d0] INFO  EPC - 	setSkuBinding 新增 epc=AC78A59C0C4010A22811029240003546 barcode=WV34S1CN2001B60L skuBound carNum= ready=0 cacheSize=1
2026-08-10 13:09:40.180 [0x00000da0] INFO  EPC - 	setBatchWithCar 写入 1/1 carNum=0 ready=1 ttl=300s cacheSize=1 
2026-08-10 13:09:40.182 [0x00000da0] WARN  EPC - 	getCarNum 缓存未命中 epc=WV34S1CN2001B60L cacheSize=1
2026-08-10 16:30:41.799 [0x000041d8] INFO  WAVE_ITEM - 	[原始报文] http://hzmx.nat100.top/api/DispatchSortingCommand/InsertWaveInfo body={"items":[{"gridNum":"1","gridNumber":1,"gridType":"普通格口","inco":"WV34S1CN2001B60L","obxCode":"BOX202203200080"}],"orderCode":"PB202203200003","orderQty":2}(164字节)
2026-08-10 16:30:41.801 [0x000041d8] INFO  WAVE_ITEM - 	[原始报文] http://hzmx.nat100.top/api/DispatchSortingCommand/InsertWaveInfo body={"items":[{"gridNum":"2","gridNumber":1,"gridType":"普通格口","inco":"WV34S1CN2001B61L","obxCode":"BOX202203200081"}],"orderCode":"PB202203200003","orderQty":2}(164字节)
2026-08-10 16:31:24.064 [0x000083d8] INFO  WAVE_ITEM - 	[原始报文] http://hzmx.nat100.top/api/DispatchSortingCommand/InsertWaveInfo body={"items":[{"gridNum":"1","gridNumber":1,"gridType":"普通格口","inco":"WV34S1CN2001B60L","obxCode":"BOX202203200080"}],"orderCode":"PB202203200003","orderQty":2}(164字节)
2026-08-10 16:31:24.065 [0x000083d8] INFO  WAVE_ITEM - 	[原始报文] http://hzmx.nat100.top/api/DispatchSortingCommand/InsertWaveInfo body={"items":[{"gridNum":"2","gridNumber":1,"gridType":"普通格口","inco":"WV34S1CN2001B61L","obxCode":"BOX202203200081"}],"orderCode":"PB202203200003","orderQty":2}(164字节)
2026-08-10 16:38:01.474 [0x000083d8] INFO  WAVE_ITEM - 	[原始报文] http://hzmx.nat100.top/api/DispatchSortingCommand/InsertWaveInfo body={"items":[{"epcn":"AC78A59C0C4010A22811029240003546","gridNum":"1","gridNumber":1,"gridType":"普通格口","inco":"WV34S1CN2001B60L","obxCode":"BOX202203200080","volu":"1234"}],"orderCode":"PB202203200003","orderQty":1}(220字节)
2026-08-10 16:38:01.589 [0x000052b4] INFO  EPC - 	setSkuBinding 新增 epc=AC78A59C0C4010A22811029240003546 barcode=WV34S1CN2001B60L skuBound carNum= ready=0 cacheSize=1
2026-08-10 16:41:28.267 [0x0000c280] INFO  WAVE_ITEM - 	[原始报文] http://hzmx.nat100.top/api/DispatchSortingCommand/InsertWaveInfo body={"items":[{"epcn":"AC78A59C0C4010A22811029240003546","gridNum":"1","gridNumber":1,"gridType":"普通格口","inco":"WV34S1CN2001B60L","obxCode":"BOX202203200080","volu":"1234"}],"orderCode":"PB202203200003","orderQty":1}(220字节)
2026-08-10 16:41:28.303 [0x000052b4] INFO  EPC - 	setSkuBinding 新增 epc=AC78A59C0C4010A22811029240003546 barcode=WV34S1CN2001B60L skuBound carNum= ready=0 cacheSize=1
2026-08-10 16:46:39.840 [0x00006804] INFO  WAVE_ITEM - 	[原始报文] http://hzmx.nat100.top/api/DispatchSortingCommand/InsertWaveInfo body={"items":[{"gridNum":"1","gridNumber":1,"gridType":"普通格口","inco":"WV34S1CN2001B60L","obxCode":"BOX202203200080"}],"orderCode":"PB202203200003","orderQty":2}(164字节)
2026-08-10 16:46:39.840 [0x00006804] INFO  WAVE_ITEM - 	[原始报文] http://hzmx.nat100.top/api/DispatchSortingCommand/InsertWaveInfo body={"items":[{"gridNum":"2","gridNumber":1,"gridType":"普通格口","inco":"WV34S1CN2001B61L","obxCode":"BOX202203200081"}],"orderCode":"PB202203200003","orderQty":2}(164字节)
2026-08-10 16:46:59.215 [0x00006804] INFO  WAVE_ITEM - 	[原始报文] http://hzmx.nat100.top/api/DispatchSortingCommand/InsertWaveInfo body={"items":[{"epcn":"AC78A59C0C4010A22811029240003546","gridNum":"1","gridNumber":1,"gridType":"普通格口","inco":"WV34S1CN2001B60L","obxCode":"BOX202203200080","volu":"1234"}],"orderCode":"PB202203200003","orderQty":1}(220字节)
2026-08-10 16:46:59.253 [0x00009870] INFO  EPC - 	setSkuBinding 新增 epc=AC78A59C0C4010A22811029240003546 barcode=WV34S1CN2001B60L skuBound carNum= ready=0 cacheSize=1
2026-08-10 16:47:08.496 [0x00006804] INFO  WAVE_ITEM - 	[原始报文] http://hzmx.nat100.top/api/DispatchSortingCommand/InsertWaveInfo body={"items":[{"gridNum":"1","gridNumber":1,"gridType":"普通格口","inco":"WV34S1CN2001B60L","obxCode":"BOX202203200080"}],"orderCode":"PB202203200003","orderQty":2}(164字节)
2026-08-10 16:47:08.498 [0x00006804] INFO  WAVE_ITEM - 	[原始报文] http://hzmx.nat100.top/api/DispatchSortingCommand/InsertWaveInfo body={"items":[{"gridNum":"2","gridNumber":1,"gridType":"普通格口","inco":"WV34S1CN2001B61L","obxCode":"BOX202203200081"}],"orderCode":"PB202203200003","orderQty":2}(164字节)
2026-08-10 17:29:25.567 [0x00008068] INFO  WAVE_ITEM - 	[原始报文] http://hzmx.nat100.top/api/DispatchSortingCommand/InsertWaveInfo body={"items":[{"gridNum":"1","gridNumber":1,"gridType":"普通格口","inco":"WV34S1CN2001B60L","obxCode":"BOX202203200080"}],"orderCode":"PB202203200003","orderQty":2}(164字节)
2026-08-10 17:29:25.567 [0x00008068] INFO  WAVE_ITEM - 	[原始报文] http://hzmx.nat100.top/api/DispatchSortingCommand/InsertWaveInfo body={"items":[{"gridNum":"2","gridNumber":1,"gridType":"普通格口","inco":"WV34S1CN2001B61L","obxCode":"BOX202203200081"}],"orderCode":"PB202203200003","orderQty":2}(164字节)
2026-08-10 17:29:28.104 [0x00008068] INFO  WAVE_ITEM - 	[原始报文] http://hzmx.nat100.top/api/DispatchSortingCommand/InsertWaveInfo body={"items":[{"epcn":"AC78A59C0C4010A22811029240003546","gridNum":"1","gridNumber":1,"gridType":"普通格口","inco":"WV34S1CN2001B60L","obxCode":"BOX202203200080","volu":"1234"}],"orderCode":"PB202203200003","orderQty":1}(220字节)
2026-08-10 17:29:28.136 [0x00004ac8] INFO  EPC - 	setSkuBinding 新增 epc=AC78A59C0C4010A22811029240003546 barcode=WV34S1CN2001B60L skuBound carNum= ready=0 cacheSize=1
2026-08-11 10:24:52.174 [0x000089b0] INFO  WAVE_ITEM - 	[原始报文] http://hzmx.nat100.top/api/DispatchSortingCommand/InsertWaveInfo body={"items":[{"epcn":"WV34S1CN2001B60L","gridNum":"1","gridNumber":1,"gridType":"普通格口","inco":"WV34S1CN2001B60L","obxCode":"BOX202203200080"}],"orderCode":"PB202203200003","orderQty":2}(190字节)
2026-08-11 10:24:52.175 [0x000089b0] INFO  WAVE_ITEM - 	[原始报文] http://hzmx.nat100.top/api/DispatchSortingCommand/InsertWaveInfo body={"items":[{"epcn":"WV34S1CN2001B61L","gridNum":"2","gridNumber":1,"gridType":"普通格口","inco":"WV34S1CN2001B61L","obxCode":"BOX202203200081"}],"orderCode":"PB202203200003","orderQty":2}(190字节)
2026-08-11 10:31:05.565 [0x0000afc8] INFO  WAVE_ITEM - 	[原始报文] http://hzmx.nat100.top/api/DispatchSortingCommand/InsertWaveInfo body={"items":[{"epcn":"WV34S1CN2001B60L","gridNum":"1","gridNumber":1,"gridType":"普通格口","inco":"WV34S1CN2001B60L","obxCode":"BOX202203200080"}],"orderCode":"PB202203200003","orderQty":2}(190字节)
2026-08-11 10:31:05.565 [0x0000afc8] INFO  WAVE_ITEM - 	[原始报文] http://hzmx.nat100.top/api/DispatchSortingCommand/InsertWaveInfo body={"items":[{"epcn":"WV34S1CN2001B61L","gridNum":"2","gridNumber":1,"gridType":"普通格口","inco":"WV34S1CN2001B61L","obxCode":"BOX202203200081"}],"orderCode":"PB202203200003","orderQty":2}(190字节)
2026-08-11 10:43:55.080 [0x00003590] INFO  WAVE_ITEM - 	[原始报文] http://hzmx.nat100.top/api/DispatchSortingCommand/InsertWaveInfo body={"items":[{"epcn":"WV34S1CN2001B60L","gridNum":"1","gridNumber":1,"gridType":"普通格口","inco":"WV34S1CN2001B60L","obxCode":"BOX202203200080"}],"orderCode":"PB202203200003","orderQty":2}(190字节)
2026-08-11 10:43:55.080 [0x00003590] INFO  WAVE_ITEM - 	[原始报文] http://hzmx.nat100.top/api/DispatchSortingCommand/InsertWaveInfo body={"items":[{"epcn":"WV34S1CN2001B61L","gridNum":"2","gridNumber":1,"gridType":"普通格口","inco":"WV34S1CN2001B61L","obxCode":"BOX202203200081"}],"orderCode":"PB202203200003","orderQty":2}(190字节)
2026-08-11 11:17:58.531 [0x0000aa94] INFO  WAVE_ITEM - 	[原始报文] http://hzmx.nat100.top/api/DispatchSortingCommand/InsertWaveInfo body={"items":[{"epcn":"WV34S1CN2001B60L","gridNum":"1","gridNumber":1,"gridType":"普通格口","inco":"WV34S1CN2001B60L","obxCode":"BOX202203200080"}],"orderCode":"PB202203200003","orderQty":2}(190字节)
2026-08-11 11:17:58.532 [0x0000aa94] INFO  WAVE_ITEM - 	[原始报文] http://hzmx.nat100.top/api/DispatchSortingCommand/InsertWaveInfo body={"items":[{"epcn":"WV34S1CN2001B61L","gridNum":"2","gridNumber":1,"gridType":"普通格口","inco":"WV34S1CN2001B61L","obxCode":"BOX202203200081"}],"orderCode":"PB202203200003","orderQty":2}(190字节)
2026-08-11 11:25:38.159 [0x00009ed4] INFO  WAVE_ITEM - 	[原始报文] http://hzmx.nat100.top/api/DispatchSortingCommand/InsertWaveInfo body={"items":[{"epcn":"WV34S1CN2001B60L","gridNum":"1","gridNumber":1,"gridType":"普通格口","inco":"WV34S1CN2001B60L","obxCode":"BOX202203200080"}],"orderCode":"PB202203200003","orderQty":2}(190字节)
2026-08-11 11:25:38.159 [0x00009ed4] INFO  WAVE_ITEM - 	[原始报文] http://hzmx.nat100.top/api/DispatchSortingCommand/InsertWaveInfo body={"items":[{"epcn":"WV34S1CN2001B61L","gridNum":"2","gridNumber":1,"gridType":"普通格口","inco":"WV34S1CN2001B61L","obxCode":"BOX202203200081"}],"orderCode":"PB202203200003","orderQty":2}(190字节)
2026-08-11 11:32:28.058 [0x0000950c] INFO  WAVE_ITEM - 	[原始报文] http://hzmx.nat100.top/api/DispatchSortingCommand/InsertWaveInfo body={"items":[{"epcn":"WV34S1CN2001B60L","gridNum":"1","gridNumber":1,"gridType":"普通格口","inco":"WV34S1CN2001B60L","obxCode":"BOX202203200080"}],"orderCode":"PB202203200003","orderQty":2}(190字节)
2026-08-11 11:32:28.058 [0x0000950c] INFO  WAVE_ITEM - 	[原始报文] http://hzmx.nat100.top/api/DispatchSortingCommand/InsertWaveInfo body={"items":[{"epcn":"WV34S1CN2001B61L","gridNum":"2","gridNumber":1,"gridType":"普通格口","inco":"WV34S1CN2001B61L","obxCode":"BOX202203200081"}],"orderCode":"PB202203200003","orderQty":2}(190字节)
2026-08-11 11:32:28.079 [0x00004fcc] INFO  EPC - 	setSkuBinding 新增 epc=WV34S1CN2001B60L barcode=WV34S1CN2001B60L skuBound carNum= ready=0 cacheSize=1
2026-08-11 11:32:28.080 [0x00004fcc] INFO  EPC - 	setSkuBinding 新增 epc=WV34S1CN2001B61L barcode=WV34S1CN2001B61L skuBound carNum= ready=0 cacheSize=2
2026-08-11 11:32:28.142 [0x00001f74] INFO  EPC - 	setBatchWithCar 写入 2/2 carNum=2 ready=2 ttl=300s cacheSize=2 
2026-08-11 11:35:49.414 [0x0000d11c] INFO  WAVE_ITEM - 	[原始报文] http://hzmx.nat100.top/api/DispatchSortingCommand/InsertWaveInfo body={"items":[{"epcn":"WV34S1CN2001B60L","gridNum":"1","gridNumber":1,"gridType":"普通格口","inco":"WV34S1CN2001B60L","obxCode":"BOX202203200080"}],"orderCode":"PB202203200003","orderQty":2}(190字节)
2026-08-11 11:35:49.414 [0x0000d11c] INFO  WAVE_ITEM - 	[原始报文] http://hzmx.nat100.top/api/DispatchSortingCommand/InsertWaveInfo body={"items":[{"epcn":"WV34S1CN2001B61L","gridNum":"2","gridNumber":1,"gridType":"普通格口","inco":"WV34S1CN2001B61L","obxCode":"BOX202203200081"}],"orderCode":"PB202203200003","orderQty":2}(190字节)
2026-08-11 11:35:49.437 [0x00009d44] INFO  EPC - 	setSkuBinding 新增 epc=WV34S1CN2001B60L barcode=WV34S1CN2001B60L skuBound carNum= ready=0 cacheSize=1
2026-08-11 11:35:49.438 [0x00009d44] INFO  EPC - 	setSkuBinding 新增 epc=WV34S1CN2001B61L barcode=WV34S1CN2001B61L skuBound carNum= ready=0 cacheSize=2
2026-08-11 11:35:49.456 [0x00005b08] INFO  EPC - 	setBatchWithCar 写入 2/2 carNum=2 ready=2 ttl=300s cacheSize=2 
2026-08-11 11:41:34.179 [0x000078f8] INFO  WAVE_ITEM - 	[原始报文] http://hzmx.nat100.top/api/DispatchSortingCommand/InsertWaveInfo body={"items":[{"epcn":"AC78A59C0C4010A22811029240003546","gridNum":"1","gridNumber":1,"gridType":"普通格口","inco":"WV34S1CN2001B60L","obxCode":"BOX202203200080","volu":"1234"}],"orderCode":"PB202203200003","orderQty":1}(220字节)
2026-08-11 11:41:34.211 [0x000057ec] INFO  EPC - 	setBatchWithCar 写入 1/1 carNum=1 ready=0 ttl=300s cacheSize=1 
2026-08-11 11:41:34.229 [0x000045e4] INFO  EPC - 	setSkuBinding 覆盖 epc=AC78A59C0C4010A22811029240003546 barcode=AC78A59C0C4010A22811029240003546 skuBound carNum=5 ready=1 cacheSize=1
2026-08-11 11:42:04.205 [0x000078f8] INFO  WAVE_ITEM - 	[原始报文] http://hzmx.nat100.top/api/DispatchSortingCommand/InsertWaveInfo body={"items":[{"epcn":"WV34S1CN2001B60L","gridNum":"1","gridNumber":1,"gridType":"普通格口","inco":"WV34S1CN2001B60L","obxCode":"BOX202203200080"}],"orderCode":"PB202203200003","orderQty":2}(190字节)
2026-08-11 11:42:04.205 [0x000078f8] INFO  WAVE_ITEM - 	[原始报文] http://hzmx.nat100.top/api/DispatchSortingCommand/InsertWaveInfo body={"items":[{"epcn":"WV34S1CN2001B61L","gridNum":"2","gridNumber":1,"gridType":"普通格口","inco":"WV34S1CN2001B61L","obxCode":"BOX202203200081"}],"orderCode":"PB202203200003","orderQty":2}(190字节)
2026-08-11 11:42:04.222 [0x00007bc0] INFO  EPC - 	setBatchWithCar 写入 2/2 carNum=2 ready=0 ttl=300s cacheSize=3 
2026-08-11 11:42:04.224 [0x000045e4] INFO  EPC - 	setSkuBinding 覆盖 epc=WV34S1CN2001B60L barcode=WV34S1CN2001B60L skuBound carNum=6 ready=1 cacheSize=3
2026-08-11 11:42:04.224 [0x000045e4] INFO  EPC - 	setSkuBinding 覆盖 epc=WV34S1CN2001B61L barcode=WV34S1CN2001B61L skuBound carNum=7 ready=1 cacheSize=3
2026-08-11 12:00:20.139 [0x00005698] INFO  WAVE_ITEM - 	[原始报文] http://hzmx.nat100.top/api/DispatchSortingCommand/InsertWaveInfo body={"items":[{"epcn":"WV34S1CN2001B60L","gridNum":"1","gridNumber":1,"gridType":"普通格口","inco":"WV34S1CN2001B60L","obxCode":"BOX202203200080"}],"orderCode":"PB202203200003","orderQty":2}(190字节)
2026-08-11 12:00:20.140 [0x00005698] INFO  WAVE_ITEM - 	[原始报文] http://hzmx.nat100.top/api/DispatchSortingCommand/InsertWaveInfo body={"items":[{"epcn":"WV34S1CN2001B61L","gridNum":"2","gridNumber":1,"gridType":"普通格口","inco":"WV34S1CN2001B61L","obxCode":"BOX202203200081"}],"orderCode":"PB202203200003","orderQty":2}(190字节)
2026-08-11 12:00:20.169 [0x0000b2bc] INFO  EPC - 	setSkuBinding 新增 epc=WV34S1CN2001B60L barcode=WV34S1CN2001B60L skuBound carNum= ready=0 cacheSize=1
2026-08-11 12:00:20.170 [0x00008860] INFO  EPC - 	setBatchWithCar 写入 2/2 carNum=2 ready=1 ttl=300s cacheSize=2 
2026-08-11 12:00:20.170 [0x0000b2bc] INFO  EPC - 	setSkuBinding 覆盖 epc=WV34S1CN2001B61L barcode=WV34S1CN2001B61L skuBound carNum=1 ready=1 cacheSize=2
2026-08-11 12:06:33.389 [0x00006308] INFO  WAVE_ITEM - 	[原始报文] http://hzmx.nat100.top/api/DispatchSortingCommand/InsertWaveInfo body={"items":[{"epcn":"WV34S1CN2001B60L","gridNum":"1","gridNumber":1,"gridType":"普通格口","inco":"WV34S1CN2001B60L","obxCode":"BOX202203200080"}],"orderCode":"PB202203200003","orderQty":2}(190字节)
2026-08-11 12:06:33.389 [0x00006308] INFO  WAVE_ITEM - 	[原始报文] http://hzmx.nat100.top/api/DispatchSortingCommand/InsertWaveInfo body={"items":[{"epcn":"WV34S1CN2001B61L","gridNum":"2","gridNumber":1,"gridType":"普通格口","inco":"WV34S1CN2001B61L","obxCode":"BOX202203200081"}],"orderCode":"PB202203200003","orderQty":2}(190字节)
2026-08-13 09:35:47.920 [0x00004408] INFO  WAVE_ITEM - 	[原始报文] http://hzmx.nat100.top/api/DispatchSortingCommand/InsertWaveInfo body={"items":[{"epcn":"1134010560404","gridNum":"20010","gridNumber":3,"gridType":"0","inco":"1134010560404","obxCode":""}],"orderCode":"PP202600000007","orderQty":1937}(165字节)
2026-08-13 09:35:47.921 [0x00004408] INFO  WAVE_ITEM - 	[原始报文] http://hzmx.nat100.top/api/DispatchSortingCommand/InsertWaveInfo body={"items":[{"epcn":"1134010560403","gridNum":"20015","gridNumber":4,"gridType":"0","inco":"1134010560403","obxCode":""}],"orderCode":"PP202600000007","orderQty":1937}(165字节)
2026-08-13 09:35:47.921 [0x00004408] INFO  WAVE_ITEM - 	[原始报文] http://hzmx.nat100.top/api/DispatchSortingCommand/InsertWaveInfo body={"items":[{"epcn":"1134010560402","gridNum":"20065","gridNumber":1,"gridType":"0","inco":"1134010560402","obxCode":""}],"orderCode":"PP202600000007","orderQty":1937}(165字节)
2026-08-13 09:35:47.921 [0x00004408] INFO  WAVE_ITEM - 	[原始报文] http://hzmx.nat100.top/api/DispatchSortingCommand/InsertWaveInfo body={"items":[{"epcn":"104001955301001","gridNum":"20066","gridNumber":4,"gridType":"1","inco":"104001955301001","obxCode":""}],"orderCode":"PP202600000007","orderQty":1937}(169字节)
2026-08-13 09:35:47.921 [0x00004408] INFO  WAVE_ITEM - 	[原始报文] http://hzmx.nat100.top/api/DispatchSortingCommand/InsertWaveInfo body={"items":[{"epcn":"104001955301004","gridNum":"20066","gridNumber":4,"gridType":"1","inco":"104001955301004","obxCode":""}],"orderCode":"PP202600000007","orderQty":1937}(169字节)
2026-08-13 09:35:47.922 [0x00004408] INFO  WAVE_ITEM - 	[原始报文] http://hzmx.nat100.top/api/DispatchSortingCommand/InsertWaveInfo body={"items":[{"epcn":"104001955601704","gridNum":"20066","gridNumber":4,"gridType":"1","inco":"104001955601704","obxCode":""}],"orderCode":"PP202600000007","orderQty":1937}(169字节)
2026-08-13 09:35:47.922 [0x00004408] INFO  WAVE_ITEM - 	[原始报文] http://hzmx.nat100.top/api/DispatchSortingCommand/InsertWaveInfo body={"items":[{"epcn":"104078014100388","gridNum":"20066","gridNumber":2,"gridType":"1","inco":"104078014100388","obxCode":""}],"orderCode":"PP202600000007","orderQty":1937}(169字节)
2026-08-13 09:35:47.922 [0x00004408] INFO  WAVE_ITEM - 	[原始报文] http://hzmx.nat100.top/api/DispatchSortingCommand/InsertWaveInfo body={"items":[{"epcn":"105027002103901","gridNum":"20066","gridNumber":5,"gridType":"1","inco":"105027002103901","obxCode":""}],"orderCode":"PP202600000007","orderQty":1937}(169字节)
2026-08-13 09:35:47.922 [0x00004408] INFO  WAVE_ITEM - 	[原始报文] http://hzmx.nat100.top/api/DispatchSortingCommand/InsertWaveInfo body={"items":[{"epcn":"105027002103904","gridNum":"20066","gridNumber":4,"gridType":"1","inco":"105027002103904","obxCode":""}],"orderCode":"PP202600000007","orderQty":1937}(169字节)
2026-08-13 09:35:47.922 [0x00004408] INFO  WAVE_ITEM - 	[原始报文] http://hzmx.nat100.top/api/DispatchSortingCommand/InsertWaveInfo body={"items":[{"epcn":"105027002110403","gridNum":"20066","gridNumber":4,"gridType":"1","inco":"105027002110403","obxCode":""}],"orderCode":"PP202600000007","orderQty":1937}(169字节)
2026-08-13 09:35:47.922 [0x00004408] INFO  WAVE_ITEM - 	[原始报文] http://hzmx.nat100.top/api/DispatchSortingCommand/InsertWaveInfo body={"items":[{"epcn":"105101062309806","gridNum":"20066","gridNumber":50,"gridType":"1","inco":"105101062309806","obxCode":""}],"orderCode":"PP202600000007","orderQty":1937}(170字节)
2026-08-13 09:35:47.922 [0x00004408] INFO  WAVE_ITEM - 	[原始报文] http://hzmx.nat100.top/api/DispatchSortingCommand/InsertWaveInfo body={"items":[{"epcn":"105101062309808","gridNum":"20066","gridNumber":28,"gridType":"1","inco":"105101062309808","obxCode":""}],"orderCode":"PP202600000007","orderQty":1937}(170字节)
2026-08-13 09:35:47.922 [0x00004408] INFO  WAVE_ITEM - 	[原始报文] http://hzmx.nat100.top/api/DispatchSortingCommand/InsertWaveInfo body={"items":[{"epcn":"1101010520503","gridNum":"20066","gridNumber":1,"gridType":"1","inco":"1101010520503","obxCode":""}],"orderCode":"PP202600000007","orderQty":1937}(165字节)
2026-08-13 09:35:47.922 [0x00004408] INFO  WAVE_ITEM - 	[原始报文] http://hzmx.nat100.top/api/DispatchSortingCommand/InsertWaveInfo body={"items":[{"epcn":"1101010520504","gridNum":"20066","gridNumber":1,"gridType":"1","inco":"1101010520504","obxCode":""}],"orderCode":"PP202600000007","orderQty":1937}(165字节)
2026-08-13 09:35:47.922 [0x00004408] INFO  WAVE_ITEM - 	[原始报文] http://hzmx.nat100.top/api/DispatchSortingCommand/InsertWaveInfo body={"items":[{"epcn":"1101010520505","gridNum":"20066","gridNumber":1,"gridType":"1","inco":"1101010520505","obxCode":""}],"orderCode":"PP202600000007","orderQty":1937}(165字节)
2026-08-13 09:35:47.922 [0x00004408] INFO  WAVE_ITEM - 	[原始报文] http://hzmx.nat100.top/api/DispatchSortingCommand/InsertWaveInfo body={"items":[{"epcn":"1101010520506","gridNum":"20066","gridNumber":1,"gridType":"1","inco":"1101010520506","obxCode":""}],"orderCode":"PP202600000007","orderQty":1937}(165字节)
2026-08-13 09:35:47.922 [0x00004408] INFO  WAVE_ITEM - 	[原始报文] http://hzmx.nat100.top/api/DispatchSortingCommand/InsertWaveInfo body={"items":[{"epcn":"1101010530402","gridNum":"20066","gridNumber":5,"gridType":"1","inco":"1101010530402","obxCode":""}],"orderCode":"PP202600000007","orderQty":1937}(165字节)
2026-08-13 09:35:47.922 [0x00004408] INFO  WAVE_ITEM - 	[原始报文] http://hzmx.nat100.top/api/DispatchSortingCommand/InsertWaveInfo body={"items":[{"epcn":"1101010530403","gridNum":"20066","gridNumber":11,"gridType":"1","inco":"1101010530403","obxCode":""}],"orderCode":"PP202600000007","orderQty":1937}(166字节)
2026-08-13 09:35:47.922 [0x00004408] INFO  WAVE_ITEM - 	[原始报文] http://hzmx.nat100.top/api/DispatchSortingCommand/InsertWaveInfo body={"items":[{"epcn":"1101010530404","gridNum":"20066","gridNumber":8,"gridType":"1","inco":"1101010530404","obxCode":""}],"orderCode":"PP202600000007","orderQty":1937}(165字节)
2026-08-13 09:35:47.922 [0x00004408] INFO  WAVE_ITEM - 	[原始报文] http://hzmx.nat100.top/api/DispatchSortingCommand/InsertWaveInfo body={"items":[{"epcn":"1101190141840","gridNum":"20066","gridNumber":1,"gridType":"1","inco":"1101190141840","obxCode":""}],"orderCode":"PP202600000007","orderQty":1937}(165字节)
2026-08-13 09:35:47.922 [0x00004408] INFO  WAVE_ITEM - 	[原始报文] http://hzmx.nat100.top/api/DispatchSortingCommand/InsertWaveInfo body={"items":[{"epcn":"1101190141842","gridNum":"20066","gridNumber":1,"gridType":"1","inco":"1101190141842","obxCode":""}],"orderCode":"PP202600000007","orderQty":1937}(165字节)
2026-08-13 09:35:47.922 [0x00004408] INFO  WAVE_ITEM - 	[原始报文] http://hzmx.nat100.top/api/DispatchSortingCommand/InsertWaveInfo body={"items":[{"epcn":"1101190160443","gridNum":"20066","gridNumber":6,"gridType":"1","inco":"1101190160443","obxCode":""}],"orderCode":"PP202600000007","orderQty":1937}(165字节)
2026-08-13 09:35:47.922 [0x00004408] INFO  WAVE_ITEM - 	[原始报文] http://hzmx.nat100.top/api/DispatchSortingCommand/InsertWaveInfo body={"items":[{"epcn":"1101190160444","gridNum":"20066","gridNumber":1,"gridType":"1","inco":"1101190160444","obxCode":""}],"orderCode":"PP202600000007","orderQty":1937}(165字节)
2026-08-13 09:35:47.922 [0x00004408] INFO  WAVE_ITEM - 	[原始报文] http://hzmx.nat100.top/api/DispatchSortingCommand/InsertWaveInfo body={"items":[{"epcn":"1101510160406","gridNum":"20066","gridNumber":1,"gridType":"1","inco":"1101510160406","obxCode":""}],"orderCode":"PP202600000007","orderQty":1937}(165字节)
2026-08-13 09:35:47.922 [0x00004408] INFO  WAVE_ITEM - 	[原始报文] http://hzmx.nat100.top/api/DispatchSortingCommand/InsertWaveInfo body={"items":[{"epcn":"1101510180602","gridNum":"20066","gridNumber":1,"gridType":"1","inco":"1101510180602","obxCode":""}],"orderCode":"PP202600000007","orderQty":1937}(165字节)
2026-08-13 09:35:47.923 [0x00004408] INFO  WAVE_ITEM - 	[原始报文] http://hzmx.nat100.top/api/DispatchSortingCommand/InsertWaveInfo body={"items":[{"epcn":"1101510180603","gridNum":"20066","gridNumber":1,"gridType":"1","inco":"1101510180603","obxCode":""}],"orderCode":"PP202600000007","orderQty":1937}(165字节)
2026-08-13 09:35:47.923 [0x00004408] INFO  WAVE_ITEM - 	[原始报文] http://hzmx.nat100.top/api/DispatchSortingCommand/InsertWaveInfo body={"items":[{"epcn":"1101510180604","gridNum":"20066","gridNumber":1,"gridType":"1","inco":"1101510180604","obxCode":""}],"orderCode":"PP202600000007","orderQty":1937}(165字节)
2026-08-13 09:35:47.923 [0x00004408] INFO  WAVE_ITEM - 	[原始报文] http://hzmx.nat100.top/api/DispatchSortingCommand/InsertWaveInfo body={"items":[{"epcn":"1101510180606","gridNum":"20066","gridNumber":2,"gridType":"1","inco":"1101510180606","obxCode":""}],"orderCode":"PP202600000007","orderQty":1937}(165字节)
2026-08-13 09:35:47.923 [0x00004408] INFO  WAVE_ITEM - 	[原始报文] http://hzmx.nat100.top/api/DispatchSortingCommand/InsertWaveInfo body={"items":[{"epcn":"1102120360402","gridNum":"20066","gridNumber":2,"gridType":"1","inco":"1102120360402","obxCode":""}],"orderCode":"PP202600000007","orderQty":1937}(165字节)
2026-08-13 09:35:47.923 [0x00004408] INFO  WAVE_ITEM - 	[原始报文] http://hzmx.nat100.top/api/DispatchSortingCommand/InsertWaveInfo body={"items":[{"epcn":"1102120360403","gridNum":"20066","gridNumber":1,"gridType":"1","inco":"1102120360403","obxCode":""}],"orderCode":"PP202600000007","orderQty":1937}(165字节)
2026-08-13 09:35:47.923 [0x00004408] INFO  WAVE_ITEM - 	[原始报文] http://hzmx.nat100.top/api/DispatchSortingCommand/InsertWaveInfo body={"items":[{"epcn":"1102120360405","gridNum":"20066","gridNumber":1,"gridType":"1","inco":"1102120360405","obxCode":""}],"orderCode":"PP202600000007","orderQty":1937}(165字节)
2026-08-13 09:35:47.923 [0x00004408] INFO  WAVE_ITEM - 	[原始报文] http://hzmx.nat100.top/api/DispatchSortingCommand/InsertWaveInfo body={"items":[{"epcn":"1102120360406","gridNum":"20066","gridNumber":1,"gridType":"1","inco":"1102120360406","obxCode":""}],"orderCode":"PP202600000007","orderQty":1937}(165字节)
2026-08-13 09:35:47.923 [0x00004408] INFO  WAVE_ITEM - 	[原始报文] http://hzmx.nat100.top/api/DispatchSortingCommand/InsertWaveInfo body={"items":[{"epcn":"1102120360407","gridNum":"20066","gridNumber":1,"gridType":"1","inco":"1102120360407","obxCode":""}],"orderCode":"PP202600000007","orderQty":1937}(165字节)
2026-08-13 09:35:47.923 [0x00004408] INFO  WAVE_ITEM - 	[原始报文] http://hzmx.nat100.top/api/DispatchSortingCommand/InsertWaveInfo body={"items":[{"epcn":"1102120380602","gridNum":"20066","gridNumber":1,"gridType":"1","inco":"1102120380602","obxCode":""}],"orderCode":"PP202600000007","orderQty":1937}(165字节)
2026-08-13 09:35:47.923 [0x00004408] INFO  WAVE_ITEM - 	[原始报文] http://hzmx.nat100.top/api/DispatchSortingCommand/InsertWaveInfo body={"items":[{"epcn":"1102120380605","gridNum":"20066","gridNumber":1,"gridType":"1","inco":"1102120380605","obxCode":""}],"orderCode":"PP202600000007","orderQty":1937}(165字节)
2026-08-13 09:35:47.923 [0x00004408] INFO  WAVE_ITEM - 	[原始报文] http://hzmx.nat100.top/api/DispatchSortingCommand/InsertWaveInfo body={"items":[{"epcn":"1102120541803","gridNum":"20066","gridNumber":1,"gridType":"1","inco":"1102120541803","obxCode":""}],"orderCode":"PP202600000007","orderQty":1937}(165字节)
2026-08-13 09:35:47.923 [0x00004408] INFO  WAVE_ITEM - 	[原始报文] http://hzmx.nat100.top/api/DispatchSortingCommand/InsertWaveInfo body={"items":[{"epcn":"1102120580604","gridNum":"20066","gridNumber":1,"gridType":"1","inco":"1102120580604","obxCode":""}],"orderCode":"PP202600000007","orderQty":1937}(165字节)
2026-08-13 09:35:47.923 [0x00004408] INFO  WAVE_ITEM - 	[原始报文] http://hzmx.nat100.top/api/DispatchSortingCommand/InsertWaveInfo body={"items":[{"epcn":"1102121529607","gridNum":"20066","gridNumber":1,"gridType":"1","inco":"1102121529607","obxCode":""}],"orderCode":"PP202600000007","orderQty":1937}(165字节)
2026-08-13 09:35:47.923 [0x00004408] INFO  WAVE_ITEM - 	[原始报文] http://hzmx.nat100.top/api/DispatchSortingCommand/InsertWaveInfo body={"items":[{"epcn":"1102121580603","gridNum":"20066","gridNumber":1,"gridType":"1","inco":"1102121580603","obxCode":""}],"orderCode":"PP202600000007","orderQty":1937}(165字节)
2026-08-13 09:35:47.923 [0x00004408] INFO  WAVE_ITEM - 	[原始报文] http://hzmx.nat100.top/api/DispatchSortingCommand/InsertWaveInfo body={"items":[{"epcn":"1102121580604","gridNum":"20066","gridNumber":1,"gridType":"1","inco":"1102121580604","obxCode":""}],"orderCode":"PP202600000007","orderQty":1937}(165字节)
2026-08-13 09:35:47.923 [0x00004408] INFO  WAVE_ITEM - 	[原始报文] http://hzmx.nat100.top/api/DispatchSortingCommand/InsertWaveInfo body={"items":[{"epcn":"1102121580606","gridNum":"20066","gridNumber":1,"gridType":"1","inco":"1102121580606","obxCode":""}],"orderCode":"PP202600000007","orderQty":1937}(165字节)
2026-08-13 09:35:47.923 [0x00004408] INFO  WAVE_ITEM - 	[原始报文] http://hzmx.nat100.top/api/DispatchSortingCommand/InsertWaveInfo body={"items":[{"epcn":"1102121589206","gridNum":"20066","gridNumber":1,"gridType":"1","inco":"1102121589206","obxCode":""}],"orderCode":"PP202600000007","orderQty":1937}(165字节)
2026-08-13 09:35:47.923 [0x00004408] INFO  WAVE_ITEM - 	[原始报文] http://hzmx.nat100.top/api/DispatchSortingCommand/InsertWaveInfo body={"items":[{"epcn":"1102121980606","gridNum":"20066","gridNumber":1,"gridType":"1","inco":"1102121980606","obxCode":""}],"orderCode":"PP202600000007","orderQty":1937}(165字节)
2026-08-13 09:35:47.923 [0x00004408] INFO  WAVE_ITEM - 	[原始报文] http://hzmx.nat100.top/api/DispatchSortingCommand/InsertWaveInfo body={"items":[{"epcn":"1102141932205","gridNum":"20066","gridNumber":4,"gridType":"1","inco":"1102141932205","obxCode":""}],"orderCode":"PP202600000007","orderQty":1937}(165字节)
2026-08-13 09:35:47.923 [0x00004408] INFO  WAVE_ITEM - 	[原始报文] http://hzmx.nat100.top/api/DispatchSortingCommand/InsertWaveInfo body={"items":[{"epcn":"1102151160403","gridNum":"20066","gridNumber":4,"gridType":"1","inco":"1102151160403","obxCode":""}],"orderCode":"PP202600000007","orderQty":1937}(165字节)
2026-08-13 09:35:47.923 [0x00004408] INFO  WAVE_ITEM - 	[原始报文] http://hzmx.nat100.top/api/DispatchSortingCommand/InsertWaveInfo body={"items":[{"epcn":"1103070370306","gridNum":"20066","gridNumber":4,"gridType":"1","inco":"1103070370306","obxCode":""}],"orderCode":"PP202600000007","orderQty":1937}(165字节)
2026-08-13 09:35:47.923 [0x00004408] INFO  WAVE_ITEM - 	[原始报文] http://hzmx.nat100.top/api/DispatchSortingCommand/InsertWaveInfo body={"items":[{"epcn":"1103150131002","gridNum":"20066","gridNumber":10,"gridType":"1","inco":"1103150131002","obxCode":""}],"orderCode":"PP202600000007","orderQty":1937}(166字节)
2026-08-13 09:35:47.924 [0x00004408] INFO  WAVE_ITEM - 	[原始报文] http://hzmx.nat100.top/api/DispatchSortingCommand/InsertWaveInfo body={"items":[{"epcn":"1103150131003","gridNum":"20066","gridNumber":20,"gridType":"1","inco":"1103150131003","obxCode":""}],"orderCode":"PP202600000007","orderQty":1937}(166字节)
2026-08-13 09:35:47.924 [0x00004408] INFO  WAVE_ITEM - 	[原始报文] http://hzmx.nat100.top/api/DispatchSortingCommand/InsertWaveInfo body={"items":[{"epcn":"1103150131004","gridNum":"20066","gridNumber":20,"gridType":"1","inco":"1103150131004","obxCode":""}],"orderCode":"PP202600000007","orderQty":1937}(166字节)
2026-08-13 09:35:47.924 [0x00004408] INFO  WAVE_ITEM - 	[原始报文] http://hzmx.nat100.top/api/DispatchSortingCommand/InsertWaveInfo body={"items":[{"epcn":"1103150131005","gridNum":"20066","gridNumber":1,"gridType":"1","inco":"1103150131005","obxCode":""}],"orderCode":"PP202600000007","orderQty":1937}(165字节)
2026-08-13 09:35:47.924 [0x00004408] INFO  WAVE_ITEM - 	[原始报文] http://hzmx.nat100.top/api/DispatchSortingCommand/InsertWaveInfo body={"items":[{"epcn":"1103150131006","gridNum":"20066","gridNumber":20,"gridType":"1","inco":"1103150131006","obxCode":""}],"orderCode":"PP202600000007","orderQty":1937}(166字节)
2026-08-13 09:35:47.924 [0x00004408] INFO  WAVE_ITEM - 	[原始报文] http://hzmx.nat100.top/api/DispatchSortingCommand/InsertWaveInfo body={"items":[{"epcn":"1103150131007","gridNum":"20066","gridNumber":20,"gridType":"1","inco":"1103150131007","obxCode":""}],"orderCode":"PP202600000007","orderQty":1937}(166字节)
2026-08-13 09:35:47.924 [0x00004408] INFO  WAVE_ITEM - 	[原始报文] http://hzmx.nat100.top/api/DispatchSortingCommand/InsertWaveInfo body={"items":[{"epcn":"1103150141802","gridNum":"20066","gridNumber":31,"gridType":"1","inco":"1103150141802","obxCode":""}],"orderCode":"PP202600000007","orderQty":1937}(166字节)
2026-08-13 09:35:47.924 [0x00004408] INFO  WAVE_ITEM - 	[原始报文] http://hzmx.nat100.top/api/DispatchSortingCommand/InsertWaveInfo body={"items":[{"epcn":"1103150141803","gridNum":"20066","gridNumber":1,"gridType":"1","inco":"1103150141803","obxCode":""}],"orderCode":"PP202600000007","orderQty":1937}(165字节)
2026-08-13 09:35:47.924 [0x00004408] INFO  WAVE_ITEM - 	[原始报文] http://hzmx.nat100.top/api/DispatchSortingCommand/InsertWaveInfo body={"items":[{"epcn":"1103150141804","gridNum":"20066","gridNumber":10,"gridType":"1","inco":"1103150141804","obxCode":""}],"orderCode":"PP202600000007","orderQty":1937}(166字节)
2026-08-13 09:35:47.924 [0x00004408] INFO  WAVE_ITEM - 	[原始报文] http://hzmx.nat100.top/api/DispatchSortingCommand/InsertWaveInfo body={"items":[{"epcn":"1103150141805","gridNum":"20066","gridNumber":20,"gridType":"1","inco":"1103150141805","obxCode":""}],"orderCode":"PP202600000007","orderQty":1937}(166字节)
2026-08-13 09:35:47.924 [0x00004408] INFO  WAVE_ITEM - 	[原始报文] http://hzmx.nat100.top/api/DispatchSortingCommand/InsertWaveInfo body={"items":[{"epcn":"1103150141806","gridNum":"20066","gridNumber":30,"gridType":"1","inco":"1103150141806","obxCode":""}],"orderCode":"PP202600000007","orderQty":1937}(166字节)
2026-08-13 09:35:47.924 [0x00004408] INFO  WAVE_ITEM - 	[原始报文] http://hzmx.nat100.top/api/DispatchSortingCommand/InsertWaveInfo body={"items":[{"epcn":"1103150141807","gridNum":"20066","gridNumber":31,"gridType":"1","inco":"1103150141807","obxCode":""}],"orderCode":"PP202600000007","orderQty":1937}(166字节)
2026-08-13 09:35:47.924 [0x00004408] INFO  WAVE_ITEM - 	[原始报文] http://hzmx.nat100.top/api/DispatchSortingCommand/InsertWaveInfo body={"items":[{"epcn":"1103150160402","gridNum":"20066","gridNumber":10,"gridType":"1","inco":"1103150160402","obxCode":""}],"orderCode":"PP202600000007","orderQty":1937}(166字节)
2026-08-13 09:35:47.924 [0x00004408] INFO  WAVE_ITEM - 	[原始报文] http://hzmx.nat100.top/api/DispatchSortingCommand/InsertWaveInfo body={"items":[{"epcn":"1103150160403","gridNum":"20066","gridNumber":20,"gridType":"1","inco":"1103150160403","obxCode":""}],"orderCode":"PP202600000007","orderQty":1937}(166字节)
2026-08-13 09:35:47.924 [0x00004408] INFO  WAVE_ITEM - 	[原始报文] http://hzmx.nat100.top/api/DispatchSortingCommand/InsertWaveInfo body={"items":[{"epcn":"1103150160404","gridNum":"20066","gridNumber":1,"gridType":"1","inco":"1103150160404","obxCode":""}],"orderCode":"PP202600000007","orderQty":1937}(165字节)
2026-08-13 09:35:47.924 [0x00004408] INFO  WAVE_ITEM - 	[原始报文] http://hzmx.nat100.top/api/DispatchSortingCommand/InsertWaveInfo body={"items":[{"epcn":"1103150160405","gridNum":"20066","gridNumber":20,"gridType":"1","inco":"1103150160405","obxCode":""}],"orderCode":"PP202600000007","orderQty":1937}(166字节)
2026-08-13 09:35:47.924 [0x00004408] INFO  WAVE_ITEM - 	[原始报文] http://hzmx.nat100.top/api/DispatchSortingCommand/InsertWaveInfo body={"items":[{"epcn":"1103150160406","gridNum":"20066","gridNumber":10,"gridType":"1","inco":"1103150160406","obxCode":""}],"orderCode":"PP202600000007","orderQty":1937}(166字节)
2026-08-13 09:35:47.924 [0x00004408] INFO  WAVE_ITEM - 	[原始报文] http://hzmx.nat100.top/api/DispatchSortingCommand/InsertWaveInfo body={"items":[{"epcn":"1103150160407","gridNum":"20066","gridNumber":30,"gridType":"1","inco":"1103150160407","obxCode":""}],"orderCode":"PP202600000007","orderQty":1937}(166字节)
2026-08-13 09:35:47.924 [0x00004408] INFO  WAVE_ITEM - 	[原始报文] http://hzmx.nat100.top/api/DispatchSortingCommand/InsertWaveInfo body={"items":[{"epcn":"1103150180602","gridNum":"20066","gridNumber":1,"gridType":"1","inco":"1103150180602","obxCode":""}],"orderCode":"PP202600000007","orderQty":1937}(165字节)
2026-08-13 09:35:47.924 [0x00004408] INFO  WAVE_ITEM - 	[原始报文] http://hzmx.nat100.top/api/DispatchSortingCommand/InsertWaveInfo body={"items":[{"epcn":"1103150180603","gridNum":"20066","gridNumber":1,"gridType":"1","inco":"1103150180603","obxCode":""}],"orderCode":"PP202600000007","orderQty":1937}(165字节)
2026-08-13 09:35:47.924 [0x00004408] INFO  WAVE_ITEM - 	[原始报文] http://hzmx.nat100.top/api/DispatchSortingCommand/InsertWaveInfo body={"items":[{"epcn":"1103150180604","gridNum":"20066","gridNumber":1,"gridType":"1","inco":"1103150180604","obxCode":""}],"orderCode":"PP202600000007","orderQty":1937}(165字节)
2026-08-13 09:35:47.924 [0x00004408] INFO  WAVE_ITEM - 	[原始报文] http://hzmx.nat100.top/api/DispatchSortingCommand/InsertWaveInfo body={"items":[{"epcn":"1103150180605","gridNum":"20066","gridNumber":1,"gridType":"1","inco":"1103150180605","obxCode":""}],"orderCode":"PP202600000007","orderQty":1937}(165字节)
2026-08-13 09:35:47.924 [0x00004408] INFO  WAVE_ITEM - 	[原始报文] http://hzmx.nat100.top/api/DispatchSortingCommand/InsertWaveInfo body={"items":[{"epcn":"1103150180606","gridNum":"20066","gridNumber":20,"gridType":"1","inco":"1103150180606","obxCode":""}],"orderCode":"PP202600000007","orderQty":1937}(166字节)
2026-08-13 09:35:47.924 [0x00004408] INFO  WAVE_ITEM - 	[原始报文] http://hzmx.nat100.top/api/DispatchSortingCommand/InsertWaveInfo body={"items":[{"epcn":"1103150180607","gridNum":"20066","gridNumber":10,"gridType":"1","inco":"1103150180607","obxCode":""}],"orderCode":"PP202600000007","orderQty":1937}(166字节)
2026-08-13 09:35:47.924 [0x00004408] INFO  WAVE_ITEM - 	[原始报文] http://hzmx.nat100.top/api/DispatchSortingCommand/InsertWaveInfo body={"items":[{"epcn":"1109140330396","gridNum":"20066","gridNumber":3,"gridType":"1","inco":"1109140330396","obxCode":""}],"orderCode":"PP202600000007","orderQty":1937}(165字节)
2026-08-13 09:35:47.924 [0x00004408] INFO  WAVE_ITEM - 	[原始报文] http://hzmx.nat100.top/api/DispatchSortingCommand/InsertWaveInfo body={"items":[{"epcn":"1112141160405","gridNum":"20066","gridNumber":1,"gridType":"1","inco":"1112141160405","obxCode":""}],"orderCode":"PP202600000007","orderQty":1937}(165字节)
2026-08-13 09:35:47.924 [0x00004408] INFO  WAVE_ITEM - 	[原始报文] http://hzmx.nat100.top/api/DispatchSortingCommand/InsertWaveInfo body={"items":[{"epcn":"1112381171102","gridNum":"20066","gridNumber":1,"gridType":"1","inco":"1112381171102","obxCode":""}],"orderCode":"PP202600000007","orderQty":1937}(165字节)
2026-08-13 09:35:47.924 [0x00004408] INFO  WAVE_ITEM - 	[原始报文] http://hzmx.nat100.top/api/DispatchSortingCommand/InsertWaveInfo body={"items":[{"epcn":"1119010789404","gridNum":"20066","gridNumber":2,"gridType":"1","inco":"1119010789404","obxCode":""}],"orderCode":"PP202600000007","orderQty":1937}(165字节)
2026-08-13 09:35:47.924 [0x00004408] INFO  WAVE_ITEM - 	[原始报文] http://hzmx.nat100.top/api/DispatchSortingCommand/InsertWaveInfo body={"items":[{"epcn":"1119140720573","gridNum":"20066","gridNumber":1,"gridType":"1","inco":"1119140720573","obxCode":""}],"orderCode":"PP202600000007","orderQty":1937}(165字节)
2026-08-13 09:35:47.924 [0x00004408] INFO  WAVE_ITEM - 	[原始报文] http://hzmx.nat100.top/api/DispatchSortingCommand/InsertWaveInfo body={"items":[{"epcn":"1119140770369","gridNum":"20066","gridNumber":1,"gridType":"1","inco":"1119140770369","obxCode":""}],"orderCode":"PP202600000007","orderQty":1937}(165字节)
2026-08-13 09:35:47.924 [0x00004408] INFO  WAVE_ITEM - 	[原始报文] http://hzmx.nat100.top/api/DispatchSortingCommand/InsertWaveInfo body={"items":[{"epcn":"1119140772273","gridNum":"20066","gridNumber":2,"gridType":"1","inco":"1119140772273","obxCode":""}],"orderCode":"PP202600000007","orderQty":1937}(165字节)
2026-08-13 09:35:47.924 [0x00004408] INFO  WAVE_ITEM - 	[原始报文] http://hzmx.nat100.top/api/DispatchSortingCommand/InsertWaveInfo body={"items":[{"epcn":"1119140772277","gridNum":"20066","gridNumber":6,"gridType":"1","inco":"1119140772277","obxCode":""}],"orderCode":"PP202600000007","orderQty":1937}(165字节)
2026-08-13 09:35:47.924 [0x00004408] INFO  WAVE_ITEM - 	[原始报文] http://hzmx.nat100.top/api/DispatchSortingCommand/InsertWaveInfo body={"items":[{"epcn":"1121190324441","gridNum":"20066","gridNumber":5,"gridType":"1","inco":"1121190324441","obxCode":""}],"orderCode":"PP202600000007","orderQty":1937}(165字节)
2026-08-13 09:35:47.924 [0x00004408] INFO  WAVE_ITEM - 	[原始报文] http://hzmx.nat100.top/api/DispatchSortingCommand/InsertWaveInfo body={"items":[{"epcn":"1122200141839","gridNum":"20066","gridNumber":1,"gridType":"1","inco":"1122200141839","obxCode":""}],"orderCode":"PP202600000007","orderQty":1937}(165字节)
2026-08-13 09:35:47.924 [0x00004408] INFO  WAVE_ITEM - 	[原始报文] http://hzmx.nat100.top/api/DispatchSortingCommand/InsertWaveInfo body={"items":[{"epcn":"1123060141806","gridNum":"20066","gridNumber":4,"gridType":"1","inco":"1123060141806","obxCode":""}],"orderCode":"PP202600000007","orderQty":1937}(165字节)
2026-08-13 09:35:47.924 [0x00004408] INFO  WAVE_ITEM - 	[原始报文] http://hzmx.nat100.top/api/DispatchSortingCommand/InsertWaveInfo body={"items":[{"epcn":"1131510120504","gridNum":"20066","gridNumber":3,"gridType":"1","inco":"1131510120504","obxCode":""}],"orderCode":"PP202600000007","orderQty":1937}(165字节)
2026-08-13 09:35:47.926 [0x00004408] INFO  WAVE_ITEM - 	[原始报文] http://hzmx.nat100.top/api/DispatchSortingCommand/InsertWaveInfo body={"items":[{"epcn":"1132140524702","gridNum":"20066","gridNumber":4,"gridType":"1","inco":"1132140524702","obxCode":""}],"orderCode":"PP202600000007","orderQty":1937}(165字节)
2026-08-13 09:35:47.926 [0x00004408] INFO  WAVE_ITEM - 	[原始报文] http://hzmx.nat100.top/api/DispatchSortingCommand/InsertWaveInfo body={"items":[{"epcn":"1132140524703","gridNum":"20066","gridNumber":4,"gridType":"1","inco":"1132140524703","obxCode":""}],"orderCode":"PP202600000007","orderQty":1937}(165字节)
2026-08-13 09:35:47.926 [0x00004408] INFO  WAVE_ITEM - 	[原始报文] http://hzmx.nat100.top/api/DispatchSortingCommand/InsertWaveInfo body={"items":[{"epcn":"1132140524704","gridNum":"20066","gridNumber":4,"gridType":"1","inco":"1132140524704","obxCode":""}],"orderCode":"PP202600000007","orderQty":1937}(165字节)
2026-08-13 09:35:47.926 [0x00004408] INFO  WAVE_ITEM - 	[原始报文] http://hzmx.nat100.top/api/DispatchSortingCommand/InsertWaveInfo body={"items":[{"epcn":"1132140524705","gridNum":"20066","gridNumber":4,"gridType":"1","inco":"1132140524705","obxCode":""}],"orderCode":"PP202600000007","orderQty":1937}(165字节)
2026-08-13 09:35:47.926 [0x00004408] INFO  WAVE_ITEM - 	[原始报文] http://hzmx.nat100.top/api/DispatchSortingCommand/InsertWaveInfo body={"items":[{"epcn":"1132140570304","gridNum":"20066","gridNumber":4,"gridType":"1","inco":"1132140570304","obxCode":""}],"orderCode":"PP202600000007","orderQty":1937}(165字节)
2026-08-13 09:35:47.926 [0x00004408] INFO  WAVE_ITEM - 	[原始报文] http://hzmx.nat100.top/api/DispatchSortingCommand/InsertWaveInfo body={"items":[{"epcn":"1134010514604","gridNum":"20066","gridNumber":4,"gridType":"1","inco":"1134010514604","obxCode":""}],"orderCode":"PP202600000007","orderQty":1937}(165字节)
2026-08-13 09:35:47.926 [0x00004408] INFO  WAVE_ITEM - 	[原始报文] http://hzmx.nat100.top/api/DispatchSortingCommand/InsertWaveInfo body={"items":[{"epcn":"1141190972442","gridNum":"20066","gridNumber":1,"gridType":"1","inco":"1141190972442","obxCode":""}],"orderCode":"PP202600000007","orderQty":1937}(165字节)
2026-08-13 09:35:47.926 [0x00004408] INFO  WAVE_ITEM - 	[原始报文] http://hzmx.nat100.top/api/DispatchSortingCommand/InsertWaveInfo body={"items":[{"epcn":"1142150761805","gridNum":"20066","gridNumber":1,"gridType":"1","inco":"1142150761805","obxCode":""}],"orderCode":"PP202600000007","orderQty":1937}(165字节)
2026-08-13 09:35:47.926 [0x00004408] INFO  WAVE_ITEM - 	[原始报文] http://hzmx.nat100.top/api/DispatchSortingCommand/InsertWaveInfo body={"items":[{"epcn":"11430100127602","gridNum":"20066","gridNumber":4,"gridType":"1","inco":"11430100127602","obxCode":""}],"orderCode":"PP202600000007","orderQty":1937}(167字节)
2026-08-13 09:35:47.926 [0x00004408] INFO  WAVE_ITEM - 	[原始报文] http://hzmx.nat100.top/api/DispatchSortingCommand/InsertWaveInfo body={"items":[{"epcn":"11430100127603","gridNum":"20066","gridNumber":1,"gridType":"1","inco":"11430100127603","obxCode":""}],"orderCode":"PP202600000007","orderQty":1937}(167字节)
2026-08-13 09:35:47.926 [0x00004408] INFO  WAVE_ITEM - 	[原始报文] http://hzmx.nat100.top/api/DispatchSortingCommand/InsertWaveInfo body={"items":[{"epcn":"11430100127604","gridNum":"20066","gridNumber":1,"gridType":"1","inco":"11430100127604","obxCode":""}],"orderCode":"PP202600000007","orderQty":1937}(167字节)
2026-08-13 09:35:47.926 [0x00004408] INFO  WAVE_ITEM - 	[原始报文] http://hzmx.nat100.top/api/DispatchSortingCommand/InsertWaveInfo body={"items":[{"epcn":"11430614134002","gridNum":"20066","gridNumber":1,"gridType":"1","inco":"11430614134002","obxCode":""}],"orderCode":"PP202600000007","orderQty":1937}(167字节)
2026-08-13 09:35:47.926 [0x00004408] INFO  WAVE_ITEM - 	[原始报文] http://hzmx.nat100.top/api/DispatchSortingCommand/InsertWaveInfo body={"items":[{"epcn":"11430614134003","gridNum":"20066","gridNumber":1,"gridType":"1","inco":"11430614134003","obxCode":""}],"orderCode":"PP202600000007","orderQty":1937}(167字节)
2026-08-13 09:35:47.926 [0x00004408] INFO  WAVE_ITEM - 	[原始报文] http://hzmx.nat100.top/api/DispatchSortingCommand/InsertWaveInfo body={"items":[{"epcn":"11430614134004","gridNum":"20066","gridNumber":1,"gridType":"1","inco":"11430614134004","obxCode":""}],"orderCode":"PP202600000007","orderQty":1937}(167字节)
2026-08-13 09:35:47.926 [0x00004408] INFO  WAVE_ITEM - 	[原始报文] http://hzmx.nat100.top/api/DispatchSortingCommand/InsertWaveInfo body={"items":[{"epcn":"11430614134005","gridNum":"20066","gridNumber":1,"gridType":"1","inco":"11430614134005","obxCode":""}],"orderCode":"PP202600000007","orderQty":1937}(167字节)
2026-08-13 09:35:47.926 [0x00004408] INFO  WAVE_ITEM - 	[原始报文] http://hzmx.nat100.top/api/DispatchSortingCommand/InsertWaveInfo body={"items":[{"epcn":"11430614134006","gridNum":"20066","gridNumber":1,"gridType":"1","inco":"11430614134006","obxCode":""}],"orderCode":"PP202600000007","orderQty":1937}(167字节)
2026-08-13 09:35:47.926 [0x00004408] INFO  WAVE_ITEM - 	[原始报文] http://hzmx.nat100.top/api/DispatchSortingCommand/InsertWaveInfo body={"items":[{"epcn":"11430614161802","gridNum":"20066","gridNumber":1,"gridType":"1","inco":"11430614161802","obxCode":""}],"orderCode":"PP202600000007","orderQty":1937}(167字节)
2026-08-13 09:35:47.926 [0x00004408] INFO  WAVE_ITEM - 	[原始报文] http://hzmx.nat100.top/api/DispatchSortingCommand/InsertWaveInfo body={"items":[{"epcn":"11430614161803","gridNum":"20066","gridNumber":2,"gridType":"1","inco":"11430614161803","obxCode":""}],"orderCode":"PP202600000007","orderQty":1937}(167字节)
2026-08-13 09:35:47.926 [0x00004408] INFO  WAVE_ITEM - 	[原始报文] http://hzmx.nat100.top/api/DispatchSortingCommand/InsertWaveInfo body={"items":[{"epcn":"11430614161804","gridNum":"20066","gridNumber":2,"gridType":"1","inco":"11430614161804","obxCode":""}],"orderCode":"PP202600000007","orderQty":1937}(167字节)
2026-08-13 09:35:47.926 [0x00004408] INFO  WAVE_ITEM - 	[原始报文] http://hzmx.nat100.top/api/DispatchSortingCommand/InsertWaveInfo body={"items":[{"epcn":"11430614161805","gridNum":"20066","gridNumber":2,"gridType":"1","inco":"11430614161805","obxCode":""}],"orderCode":"PP202600000007","orderQty":1937}(167字节)
2026-08-13 09:35:47.926 [0x00004408] INFO  WAVE_ITEM - 	[原始报文] http://hzmx.nat100.top/api/DispatchSortingCommand/InsertWaveInfo body={"items":[{"epcn":"11430614161806","gridNum":"20066","gridNumber":2,"gridType":"1","inco":"11430614161806","obxCode":""}],"orderCode":"PP202600000007","orderQty":1937}(167字节)
2026-08-13 09:35:47.926 [0x00004408] INFO  WAVE_ITEM - 	[原始报文] http://hzmx.nat100.top/api/DispatchSortingCommand/InsertWaveInfo body={"items":[{"epcn":"11430614172803","gridNum":"20066","gridNumber":2,"gridType":"1","inco":"11430614172803","obxCode":""}],"orderCode":"PP202600000007","orderQty":1937}(167字节)
2026-08-13 09:35:47.926 [0x00004408] INFO  WAVE_ITEM - 	[原始报文] http://hzmx.nat100.top/api/DispatchSortingCommand/InsertWaveInfo body={"items":[{"epcn":"11430614172804","gridNum":"20066","gridNumber":2,"gridType":"1","inco":"11430614172804","obxCode":""}],"orderCode":"PP202600000007","orderQty":1937}(167字节)
2026-08-13 09:35:47.926 [0x00004408] INFO  WAVE_ITEM - 	[原始报文] http://hzmx.nat100.top/api/DispatchSortingCommand/InsertWaveInfo body={"items":[{"epcn":"11430614172805","gridNum":"20066","gridNumber":2,"gridType":"1","inco":"11430614172805","obxCode":""}],"orderCode":"PP202600000007","orderQty":1937}(167字节)
2026-08-13 09:35:47.926 [0x00004408] INFO  WAVE_ITEM - 	[原始报文] http://hzmx.nat100.top/api/DispatchSortingCommand/InsertWaveInfo body={"items":[{"epcn":"11430614172806","gridNum":"20066","gridNumber":2,"gridType":"1","inco":"11430614172806","obxCode":""}],"orderCode":"PP202600000007","orderQty":1937}(167字节)
2026-08-13 09:35:47.927 [0x00004408] INFO  WAVE_ITEM - 	[原始报文] http://hzmx.nat100.top/api/DispatchSortingCommand/InsertWaveInfo body={"items":[{"epcn":"11440934161802","gridNum":"20066","gridNumber":3,"gridType":"1","inco":"11440934161802","obxCode":""}],"orderCode":"PP202600000007","orderQty":1937}(167字节)
2026-08-13 09:35:47.927 [0x00004408] INFO  WAVE_ITEM - 	[原始报文] http://hzmx.nat100.top/api/DispatchSortingCommand/InsertWaveInfo body={"items":[{"epcn":"11440934161803","gridNum":"20066","gridNumber":2,"gridType":"1","inco":"11440934161803","obxCode":""}],"orderCode":"PP202600000007","orderQty":1937}(167字节)
2026-08-13 09:35:47.927 [0x00004408] INFO  WAVE_ITEM - 	[原始报文] http://hzmx.nat100.top/api/DispatchSortingCommand/InsertWaveInfo body={"items":[{"epcn":"11440934161804","gridNum":"20066","gridNumber":6,"gridType":"1","inco":"11440934161804","obxCode":""}],"orderCode":"PP202600000007","orderQty":1937}(167字节)
2026-08-13 09:35:47.927 [0x00004408] INFO  WAVE_ITEM - 	[原始报文] http://hzmx.nat100.top/api/DispatchSortingCommand/InsertWaveInfo body={"items":[{"epcn":"115119025201543","gridNum":"20066","gridNumber":5,"gridType":"1","inco":"115119025201543","obxCode":""}],"orderCode":"PP202600000007","orderQty":1937}(169字节)
2026-08-13 09:35:47.927 [0x00004408] INFO  WAVE_ITEM - 	[原始报文] http://hzmx.nat100.top/api/DispatchSortingCommand/InsertWaveInfo body={"items":[{"epcn":"115119035600442","gridNum":"20066","gridNumber":1,"gridType":"1","inco":"115119035600442","obxCode":""}],"orderCode":"PP202600000007","orderQty":1937}(169字节)
2026-08-13 09:35:47.927 [0x00004408] INFO  WAVE_ITEM - 	[原始报文] http://hzmx.nat100.top/api/DispatchSortingCommand/InsertWaveInfo body={"items":[{"epcn":"115119035600443","gridNum":"20066","gridNumber":1,"gridType":"1","inco":"115119035600443","obxCode":""}],"orderCode":"PP202600000007","orderQty":1937}(169字节)
2026-08-13 09:35:47.927 [0x00004408] INFO  WAVE_ITEM - 	[原始报文] http://hzmx.nat100.top/api/DispatchSortingCommand/InsertWaveInfo body={"items":[{"epcn":"116302028200902","gridNum":"20066","gridNumber":3,"gridType":"1","inco":"116302028200902","obxCode":""}],"orderCode":"PP202600000007","orderQty":1937}(169字节)
2026-08-13 09:35:47.927 [0x00004408] INFO  WAVE_ITEM - 	[原始报文] http://hzmx.nat100.top/api/DispatchSortingCommand/InsertWaveInfo body={"items":[{"epcn":"116302028200903","gridNum":"20066","gridNumber":5,"gridType":"1","inco":"116302028200903","obxCode":""}],"orderCode":"PP202600000007","orderQty":1937}(169字节)
2026-08-13 09:35:47.927 [0x00004408] INFO  WAVE_ITEM - 	[原始报文] http://hzmx.nat100.top/api/DispatchSortingCommand/InsertWaveInfo body={"items":[{"epcn":"116302028200904","gridNum":"20066","gridNumber":2,"gridType":"1","inco":"116302028200904","obxCode":""}],"orderCode":"PP202600000007","orderQty":1937}(169字节)
2026-08-13 09:35:47.927 [0x00004408] INFO  WAVE_ITEM - 	[原始报文] http://hzmx.nat100.top/api/DispatchSortingCommand/InsertWaveInfo body={"items":[{"epcn":"116302028200905","gridNum":"20066","gridNumber":2,"gridType":"1","inco":"116302028200905","obxCode":""}],"orderCode":"PP202600000007","orderQty":1937}(169字节)
2026-08-13 09:35:47.927 [0x00004408] INFO  WAVE_ITEM - 	[原始报文] http://hzmx.nat100.top/api/DispatchSortingCommand/InsertWaveInfo body={"items":[{"epcn":"116302028200906","gridNum":"20066","gridNumber":2,"gridType":"1","inco":"116302028200906","obxCode":""}],"orderCode":"PP202600000007","orderQty":1937}(169字节)
2026-08-13 09:35:47.927 [0x00004408] INFO  WAVE_ITEM - 	[原始报文] http://hzmx.nat100.top/api/DispatchSortingCommand/InsertWaveInfo body={"items":[{"epcn":"116302028203402","gridNum":"20066","gridNumber":4,"gridType":"1","inco":"116302028203402","obxCode":""}],"orderCode":"PP202600000007","orderQty":1937}(169字节)
2026-08-13 09:35:47.927 [0x00004408] INFO  WAVE_ITEM - 	[原始报文] http://hzmx.nat100.top/api/DispatchSortingCommand/InsertWaveInfo body={"items":[{"epcn":"116302028203403","gridNum":"20066","gridNumber":1,"gridType":"1","inco":"116302028203403","obxCode":""}],"orderCode":"PP202600000007","orderQty":1937}(169字节)
2026-08-13 09:35:47.927 [0x00004408] INFO  WAVE_ITEM - 	[原始报文] http://hzmx.nat100.top/api/DispatchSortingCommand/InsertWaveInfo body={"items":[{"epcn":"116302028203404","gridNum":"20066","gridNumber":3,"gridType":"1","inco":"116302028203404","obxCode":""}],"orderCode":"PP202600000007","orderQty":1937}(169字节)
2026-08-13 09:35:47.927 [0x00004408] INFO  WAVE_ITEM - 	[原始报文] http://hzmx.nat100.top/api/DispatchSortingCommand/InsertWaveInfo body={"items":[{"epcn":"116302028203405","gridNum":"20066","gridNumber":3,"gridType":"1","inco":"116302028203405","obxCode":""}],"orderCode":"PP202600000007","orderQty":1937}(169字节)
2026-08-13 09:35:47.927 [0x00004408] INFO  WAVE_ITEM - 	[原始报文] http://hzmx.nat100.top/api/DispatchSortingCommand/InsertWaveInfo body={"items":[{"epcn":"116302028703002","gridNum":"20066","gridNumber":1,"gridType":"1","inco":"116302028703002","obxCode":""}],"orderCode":"PP202600000007","orderQty":1937}(169字节)
2026-08-13 09:35:47.927 [0x00004408] INFO  WAVE_ITEM - 	[原始报文] http://hzmx.nat100.top/api/DispatchSortingCommand/InsertWaveInfo body={"items":[{"epcn":"116302028703003","gridNum":"20066","gridNumber":1,"gridType":"1","inco":"116302028703003","obxCode":""}],"orderCode":"PP202600000007","orderQty":1937}(169字节)
2026-08-13 09:35:47.927 [0x00004408] INFO  WAVE_ITEM - 	[原始报文] http://hzmx.nat100.top/api/DispatchSortingCommand/InsertWaveInfo body={"items":[{"epcn":"116302028703004","gridNum":"20066","gridNumber":1,"gridType":"1","inco":"116302028703004","obxCode":""}],"orderCode":"PP202600000007","orderQty":1937}(169字节)
2026-08-13 09:35:47.927 [0x00004408] INFO  WAVE_ITEM - 	[原始报文] http://hzmx.nat100.top/api/DispatchSortingCommand/InsertWaveInfo body={"items":[{"epcn":"116302028703005","gridNum":"20066","gridNumber":3,"gridType":"1","inco":"116302028703005","obxCode":""}],"orderCode":"PP202600000007","orderQty":1937}(169字节)
2026-08-13 09:35:47.927 [0x00004408] INFO  WAVE_ITEM - 	[原始报文] http://hzmx.nat100.top/api/DispatchSortingCommand/InsertWaveInfo body={"items":[{"epcn":"116302028703006","gridNum":"20066","gridNumber":3,"gridType":"1","inco":"116302028703006","obxCode":""}],"orderCode":"PP202600000007","orderQty":1937}(169字节)
2026-08-13 09:35:47.927 [0x00004408] INFO  WAVE_ITEM - 	[原始报文] http://hzmx.nat100.top/api/DispatchSortingCommand/InsertWaveInfo body={"items":[{"epcn":"1172140960105","gridNum":"20066","gridNumber":20,"gridType":"1","inco":"1172140960105","obxCode":""}],"orderCode":"PP202600000007","orderQty":1937}(166字节)
2026-08-13 09:35:47.927 [0x00004408] INFO  WAVE_ITEM - 	[原始报文] http://hzmx.nat100.top/api/DispatchSortingCommand/InsertWaveInfo body={"items":[{"epcn":"1172151770405","gridNum":"20066","gridNumber":4,"gridType":"1","inco":"1172151770405","obxCode":""}],"orderCode":"PP202600000007","orderQty":1937}(165字节)
2026-08-13 09:35:47.927 [0x00004408] INFO  WAVE_ITEM - 	[原始报文] http://hzmx.nat100.top/api/DispatchSortingCommand/InsertWaveInfo body={"items":[{"epcn":"1174011520503","gridNum":"20066","gridNumber":3,"gridType":"1","inco":"1174011520503","obxCode":""}],"orderCode":"PP202600000007","orderQty":1937}(165字节)
2026-08-13 09:35:47.927 [0x00004408] INFO  WAVE_ITEM - 	[原始报文] http://hzmx.nat100.top/api/DispatchSortingCommand/InsertWaveInfo body={"items":[{"epcn":"1181370560403","gridNum":"20066","gridNumber":4,"gridType":"1","inco":"1181370560403","obxCode":""}],"orderCode":"PP202600000007","orderQty":1937}(165字节)
2026-08-13 09:35:47.927 [0x00004408] INFO  WAVE_ITEM - 	[原始报文] http://hzmx.nat100.top/api/DispatchSortingCommand/InsertWaveInfo body={"items":[{"epcn":"1181370580603","gridNum":"20066","gridNumber":4,"gridType":"1","inco":"1181370580603","obxCode":""}],"orderCode":"PP202600000007","orderQty":1937}(165字节)
2026-08-13 09:35:47.927 [0x00004408] INFO  WAVE_ITEM - 	[原始报文] http://hzmx.nat100.top/api/DispatchSortingCommand/InsertWaveInfo body={"items":[{"epcn":"1183100341804","gridNum":"20066","gridNumber":20,"gridType":"1","inco":"1183100341804","obxCode":""}],"orderCode":"PP202600000007","orderQty":1937}(166字节)
2026-08-13 09:35:47.927 [0x00004408] INFO  WAVE_ITEM - 	[原始报文] http://hzmx.nat100.top/api/DispatchSortingCommand/InsertWaveInfo body={"items":[{"epcn":"1183100341805","gridNum":"20066","gridNumber":20,"gridType":"1","inco":"1183100341805","obxCode":""}],"orderCode":"PP202600000007","orderQty":1937}(166字节)
2026-08-13 09:35:47.928 [0x00004408] INFO  WAVE_ITEM - 	[原始报文] http://hzmx.nat100.top/api/DispatchSortingCommand/InsertWaveInfo body={"items":[{"epcn":"1183100360404","gridNum":"20066","gridNumber":40,"gridType":"1","inco":"1183100360404","obxCode":""}],"orderCode":"PP202600000007","orderQty":1937}(166字节)
2026-08-13 09:35:47.928 [0x00004408] INFO  WAVE_ITEM - 	[原始报文] http://hzmx.nat100.top/api/DispatchSortingCommand/InsertWaveInfo body={"items":[{"epcn":"1183100360405","gridNum":"20066","gridNumber":20,"gridType":"1","inco":"1183100360405","obxCode":""}],"orderCode":"PP202600000007","orderQty":1937}(166字节)
2026-08-13 09:35:47.928 [0x00004408] INFO  WAVE_ITEM - 	[原始报文] http://hzmx.nat100.top/api/DispatchSortingCommand/InsertWaveInfo body={"items":[{"epcn":"1183100360406","gridNum":"20066","gridNumber":20,"gridType":"1","inco":"1183100360406","obxCode":""}],"orderCode":"PP202600000007","orderQty":1937}(166字节)
2026-08-13 09:35:47.928 [0x00004408] INFO  WAVE_ITEM - 	[原始报文] http://hzmx.nat100.top/api/DispatchSortingCommand/InsertWaveInfo body={"items":[{"epcn":"1183100380602","gridNum":"20066","gridNumber":1,"gridType":"1","inco":"1183100380602","obxCode":""}],"orderCode":"PP202600000007","orderQty":1937}(165字节)
2026-08-13 09:35:47.928 [0x00004408] INFO  WAVE_ITEM - 	[原始报文] http://hzmx.nat100.top/api/DispatchSortingCommand/InsertWaveInfo body={"items":[{"epcn":"1183100380603","gridNum":"20066","gridNumber":3,"gridType":"1","inco":"1183100380603","obxCode":""}],"orderCode":"PP202600000007","orderQty":1937}(165字节)
2026-08-13 09:35:47.928 [0x00004408] INFO  WAVE_ITEM - 	[原始报文] http://hzmx.nat100.top/api/DispatchSortingCommand/InsertWaveInfo body={"items":[{"epcn":"1183100380604","gridNum":"20066","gridNumber":20,"gridType":"1","inco":"1183100380604","obxCode":""}],"orderCode":"PP202600000007","orderQty":1937}(166字节)
2026-08-13 09:35:47.928 [0x00004408] INFO  WAVE_ITEM - 	[原始报文] http://hzmx.nat100.top/api/DispatchSortingCommand/InsertWaveInfo body={"items":[{"epcn":"1183100380605","gridNum":"20066","gridNumber":40,"gridType":"1","inco":"1183100380605","obxCode":""}],"orderCode":"PP202600000007","orderQty":1937}(166字节)
2026-08-13 09:35:47.928 [0x00004408] INFO  WAVE_ITEM - 	[原始报文] http://hzmx.nat100.top/api/DispatchSortingCommand/InsertWaveInfo body={"items":[{"epcn":"1183370971004","gridNum":"20066","gridNumber":5,"gridType":"1","inco":"1183370971004","obxCode":""}],"orderCode":"PP202600000007","orderQty":1937}(165字节)
2026-08-13 09:35:47.928 [0x00004408] INFO  WAVE_ITEM - 	[原始报文] http://hzmx.nat100.top/api/DispatchSortingCommand/InsertWaveInfo body={"items":[{"epcn":"1192141960404","gridNum":"20066","gridNumber":1,"gridType":"1","inco":"1192141960404","obxCode":""}],"orderCode":"PP202600000007","orderQty":1937}(165字节)
2026-08-13 09:35:47.928 [0x00004408] INFO  WAVE_ITEM - 	[原始报文] http://hzmx.nat100.top/api/DispatchSortingCommand/InsertWaveInfo body={"items":[{"epcn":"1199060760103","gridNum":"20066","gridNumber":1,"gridType":"1","inco":"1199060760103","obxCode":""}],"orderCode":"PP202600000007","orderQty":1937}(165字节)
2026-08-13 09:35:47.928 [0x00004408] INFO  WAVE_ITEM - 	[原始报文] http://hzmx.nat100.top/api/DispatchSortingCommand/InsertWaveInfo body={"items":[{"epcn":"1203102641805","gridNum":"20066","gridNumber":1,"gridType":"1","inco":"1203102641805","obxCode":""}],"orderCode":"PP202600000007","orderQty":1937}(165字节)
2026-08-13 09:35:47.928 [0x00004408] INFO  WAVE_ITEM - 	[原始报文] http://hzmx.nat100.top/api/DispatchSortingCommand/InsertWaveInfo body={"items":[{"epcn":"1203102680406","gridNum":"20066","gridNumber":1,"gridType":"1","inco":"1203102680406","obxCode":""}],"orderCode":"PP202600000007","orderQty":1937}(165字节)
2026-08-13 09:35:47.929 [0x00004408] INFO  WAVE_ITEM - 	[原始报文] http://hzmx.nat100.top/api/DispatchSortingCommand/InsertWaveInfo body={"items":[{"epcn":"1204081080402","gridNum":"20066","gridNumber":3,"gridType":"1","inco":"1204081080402","obxCode":""}],"orderCode":"PP202600000007","orderQty":1937}(165字节)
2026-08-13 09:35:47.929 [0x00004408] INFO  WAVE_ITEM - 	[原始报文] http://hzmx.nat100.top/api/DispatchSortingCommand/InsertWaveInfo body={"items":[{"epcn":"1204081830302","gridNum":"20066","gridNumber":1,"gridType":"1","inco":"1204081830302","obxCode":""}],"orderCode":"PP202600000007","orderQty":1937}(165字节)
2026-08-13 09:35:47.929 [0x00004408] INFO  WAVE_ITEM - 	[原始报文] http://hzmx.nat100.top/api/DispatchSortingCommand/InsertWaveInfo body={"items":[{"epcn":"1212141260402","gridNum":"20066","gridNumber":1,"gridType":"1","inco":"1212141260402","obxCode":""}],"orderCode":"PP202600000007","orderQty":1937}(165字节)
2026-08-13 09:35:47.929 [0x00004408] INFO  WAVE_ITEM - 	[原始报文] http://hzmx.nat100.top/api/DispatchSortingCommand/InsertWaveInfo body={"items":[{"epcn":"1212141260403","gridNum":"20066","gridNumber":1,"gridType":"1","inco":"1212141260403","obxCode":""}],"orderCode":"PP202600000007","orderQty":1937}(165字节)
2026-08-13 09:35:47.929 [0x00004408] INFO  WAVE_ITEM - 	[原始报文] http://hzmx.nat100.top/api/DispatchSortingCommand/InsertWaveInfo body={"items":[{"epcn":"1212150242505","gridNum":"20066","gridNumber":1,"gridType":"1","inco":"1212150242505","obxCode":""}],"orderCode":"PP202600000007","orderQty":1937}(165字节)
2026-08-13 09:35:47.929 [0x00004408] INFO  WAVE_ITEM - 	[原始报文] http://hzmx.nat100.top/api/DispatchSortingCommand/InsertWaveInfo body={"items":[{"epcn":"1212150280605","gridNum":"20066","gridNumber":2,"gridType":"1","inco":"1212150280605","obxCode":""}],"orderCode":"PP202600000007","orderQty":1937}(165字节)
2026-08-13 09:35:47.929 [0x00004408] INFO  WAVE_ITEM - 	[原始报文] http://hzmx.nat100.top/api/DispatchSortingCommand/InsertWaveInfo body={"items":[{"epcn":"1212150612402","gridNum":"20066","gridNumber":6,"gridType":"1","inco":"1212150612402","obxCode":""}],"orderCode":"PP202600000007","orderQty":1937}(165字节)
2026-08-13 09:35:47.929 [0x00004408] INFO  WAVE_ITEM - 	[原始报文] http://hzmx.nat100.top/api/DispatchSortingCommand/InsertWaveInfo body={"items":[{"epcn":"1212150612403","gridNum":"20066","gridNumber":5,"gridType":"1","inco":"1212150612403","obxCode":""}],"orderCode":"PP202600000007","orderQty":1937}(165字节)
2026-08-13 09:35:47.929 [0x00004408] INFO  WAVE_ITEM - 	[原始报文] http://hzmx.nat100.top/api/DispatchSortingCommand/InsertWaveInfo body={"items":[{"epcn":"1212150612404","gridNum":"20066","gridNumber":5,"gridType":"1","inco":"1212150612404","obxCode":""}],"orderCode":"PP202600000007","orderQty":1937}(165字节)
2026-08-13 09:35:47.929 [0x00004408] INFO  WAVE_ITEM - 	[原始报文] http://hzmx.nat100.top/api/DispatchSortingCommand/InsertWaveInfo body={"items":[{"epcn":"1212150612405","gridNum":"20066","gridNumber":5,"gridType":"1","inco":"1212150612405","obxCode":""}],"orderCode":"PP202600000007","orderQty":1937}(165字节)
2026-08-13 09:35:47.929 [0x00004408] INFO  WAVE_ITEM - 	[原始报文] http://hzmx.nat100.top/api/DispatchSortingCommand/InsertWaveInfo body={"items":[{"epcn":"1212150660402","gridNum":"20066","gridNumber":5,"gridType":"1","inco":"1212150660402","obxCode":""}],"orderCode":"PP202600000007","orderQty":1937}(165字节)
2026-08-13 09:35:47.929 [0x00004408] INFO  WAVE_ITEM - 	[原始报文] http://hzmx.nat100.top/api/DispatchSortingCommand/InsertWaveInfo body={"items":[{"epcn":"1212150660403","gridNum":"20066","gridNumber":5,"gridType":"1","inco":"1212150660403","obxCode":""}],"orderCode":"PP202600000007","orderQty":1937}(165字节)
2026-08-13 09:35:47.929 [0x00004408] INFO  WAVE_ITEM - 	[原始报文] http://hzmx.nat100.top/api/DispatchSortingCommand/InsertWaveInfo body={"items":[{"epcn":"1212150660404","gridNum":"20066","gridNumber":5,"gridType":"1","inco":"1212150660404","obxCode":""}],"orderCode":"PP202600000007","orderQty":1937}(165字节)
2026-08-13 09:35:47.929 [0x00004408] INFO  WAVE_ITEM - 	[原始报文] http://hzmx.nat100.top/api/DispatchSortingCommand/InsertWaveInfo body={"items":[{"epcn":"1212150660405","gridNum":"20066","gridNumber":6,"gridType":"1","inco":"1212150660405","obxCode":""}],"orderCode":"PP202600000007","orderQty":1937}(165字节)
2026-08-13 09:35:47.929 [0x00004408] INFO  WAVE_ITEM - 	[原始报文] http://hzmx.nat100.top/api/DispatchSortingCommand/InsertWaveInfo body={"items":[{"epcn":"1212150660406","gridNum":"20066","gridNumber":6,"gridType":"1","inco":"1212150660406","obxCode":""}],"orderCode":"PP202600000007","orderQty":1937}(165字节)
2026-08-13 09:35:47.929 [0x00004408] INFO  WAVE_ITEM - 	[原始报文] http://hzmx.nat100.top/api/DispatchSortingCommand/InsertWaveInfo body={"items":[{"epcn":"1212150680602","gridNum":"20066","gridNumber":6,"gridType":"1","inco":"1212150680602","obxCode":""}],"orderCode":"PP202600000007","orderQty":1937}(165字节)
2026-08-13 09:35:47.929 [0x00004408] INFO  WAVE_ITEM - 	[原始报文] http://hzmx.nat100.top/api/DispatchSortingCommand/InsertWaveInfo body={"items":[{"epcn":"1212150680603","gridNum":"20066","gridNumber":5,"gridType":"1","inco":"1212150680603","obxCode":""}],"orderCode":"PP202600000007","orderQty":1937}(165字节)
2026-08-13 09:35:47.929 [0x00004408] INFO  WAVE_ITEM - 	[原始报文] http://hzmx.nat100.top/api/DispatchSortingCommand/InsertWaveInfo body={"items":[{"epcn":"1212150680605","gridNum":"20066","gridNumber":6,"gridType":"1","inco":"1212150680605","obxCode":""}],"orderCode":"PP202600000007","orderQty":1937}(165字节)
2026-08-13 09:35:47.929 [0x00004408] INFO  WAVE_ITEM - 	[原始报文] http://hzmx.nat100.top/api/DispatchSortingCommand/InsertWaveInfo body={"items":[{"epcn":"1212150680606","gridNum":"20066","gridNumber":5,"gridType":"1","inco":"1212150680606","obxCode":""}],"orderCode":"PP202600000007","orderQty":1937}(165字节)
2026-08-13 09:35:47.929 [0x00004408] INFO  WAVE_ITEM - 	[原始报文] http://hzmx.nat100.top/api/DispatchSortingCommand/InsertWaveInfo body={"items":[{"epcn":"1213100660404","gridNum":"20066","gridNumber":4,"gridType":"1","inco":"1213100660404","obxCode":""}],"orderCode":"PP202600000007","orderQty":1937}(165字节)
2026-08-13 09:35:47.929 [0x00004408] INFO  WAVE_ITEM - 	[原始报文] http://hzmx.nat100.top/api/DispatchSortingCommand/InsertWaveInfo body={"items":[{"epcn":"1213380241806","gridNum":"20066","gridNumber":4,"gridType":"1","inco":"1213380241806","obxCode":""}],"orderCode":"PP202600000007","orderQty":1937}(165字节)
2026-08-13 09:35:47.929 [0x00004408] INFO  WAVE_ITEM - 	[原始报文] http://hzmx.nat100.top/api/DispatchSortingCommand/InsertWaveInfo body={"items":[{"epcn":"1221371060403","gridNum":"20066","gridNumber":4,"gridType":"1","inco":"1221371060403","obxCode":""}],"orderCode":"PP202600000007","orderQty":1937}(165字节)
2026-08-13 09:35:47.929 [0x00004408] INFO  WAVE_ITEM - 	[原始报文] http://hzmx.nat100.top/api/DispatchSortingCommand/InsertWaveInfo body={"items":[{"epcn":"1221510860403","gridNum":"20066","gridNumber":1,"gridType":"1","inco":"1221510860403","obxCode":""}],"orderCode":"PP202600000007","orderQty":1937}(165字节)
2026-08-13 09:35:47.929 [0x00004408] INFO  WAVE_ITEM - 	[原始报文] http://hzmx.nat100.top/api/DispatchSortingCommand/InsertWaveInfo body={"items":[{"epcn":"1222154260404","gridNum":"20066","gridNumber":3,"gridType":"1","inco":"1222154260404","obxCode":""}],"orderCode":"PP202600000007","orderQty":1937}(165字节)
2026-08-13 09:35:47.929 [0x00004408] INFO  WAVE_ITEM - 	[原始报文] http://hzmx.nat100.top/api/DispatchSortingCommand/InsertWaveInfo body={"items":[{"epcn":"1223060280904","gridNum":"20066","gridNumber":1,"gridType":"1","inco":"1223060280904","obxCode":""}],"orderCode":"PP202600000007","orderQty":1937}(165字节)
2026-08-13 09:35:47.929 [0x00004408] INFO  WAVE_ITEM - 	[原始报文] http://hzmx.nat100.top/api/DispatchSortingCommand/InsertWaveInfo body={"items":[{"epcn":"1223061860903","gridNum":"20066","gridNumber":4,"gridType":"1","inco":"1223061860903","obxCode":""}],"orderCode":"PP202600000007","orderQty":1937}(165字节)
2026-08-13 09:35:47.929 [0x00004408] INFO  WAVE_ITEM - 	[原始报文] http://hzmx.nat100.top/api/DispatchSortingCommand/InsertWaveInfo body={"items":[{"epcn":"1224012880302","gridNum":"20066","gridNumber":2,"gridType":"1","inco":"1224012880302","obxCode":""}],"orderCode":"PP202600000007","orderQty":1937}(165字节)
2026-08-13 09:35:47.929 [0x00004408] INFO  WAVE_ITEM - 	[原始报文] http://hzmx.nat100.top/api/DispatchSortingCommand/InsertWaveInfo body={"items":[{"epcn":"1224012880307","gridNum":"20066","gridNumber":1,"gridType":"1","inco":"1224012880307","obxCode":""}],"orderCode":"PP202600000007","orderQty":1937}(165字节)
2026-08-13 09:35:47.929 [0x00004408] INFO  WAVE_ITEM - 	[原始报文] http://hzmx.nat100.top/api/DispatchSortingCommand/InsertWaveInfo body={"items":[{"epcn":"1232122271903","gridNum":"20066","gridNumber":4,"gridType":"1","inco":"1232122271903","obxCode":""}],"orderCode":"PP202600000007","orderQty":1937}(165字节)
2026-08-13 09:35:47.929 [0x00004408] INFO  WAVE_ITEM - 	[原始报文] http://hzmx.nat100.top/api/DispatchSortingCommand/InsertWaveInfo body={"items":[{"epcn":"1232122280604","gridNum":"20066","gridNumber":1,"gridType":"1","inco":"1232122280604","obxCode":""}],"orderCode":"PP202600000007","orderQty":1937}(165字节)
2026-08-13 09:35:47.929 [0x00004408] INFO  WAVE_ITEM - 	[原始报文] http://hzmx.nat100.top/api/DispatchSortingCommand/InsertWaveInfo body={"items":[{"epcn":"1232151641802","gridNum":"20066","gridNumber":4,"gridType":"1","inco":"1232151641802","obxCode":""}],"orderCode":"PP202600000007","orderQty":1937}(165字节)
2026-08-13 09:35:47.929 [0x00004408] INFO  WAVE_ITEM - 	[原始报文] http://hzmx.nat100.top/api/DispatchSortingCommand/InsertWaveInfo body={"items":[{"epcn":"1234010632206","gridNum":"20066","gridNumber":4,"gridType":"1","inco":"1234010632206","obxCode":""}],"orderCode":"PP202600000007","orderQty":1937}(165字节)
2026-08-13 09:35:47.929 [0x00004408] INFO  WAVE_ITEM - 	[原始报文] http://hzmx.nat100.top/api/DispatchSortingCommand/InsertWaveInfo body={"items":[{"epcn":"1234016452410","gridNum":"20066","gridNumber":4,"gridType":"1","inco":"1234016452410","obxCode":""}],"orderCode":"PP202600000007","orderQty":1937}(165字节)
2026-08-13 09:35:47.931 [0x00004408] INFO  WAVE_ITEM - 	[原始报文] http://hzmx.nat100.top/api/DispatchSortingCommand/InsertWaveInfo body={"items":[{"epcn":"12410104835701","gridNum":"20066","gridNumber":4,"gridType":"1","inco":"12410104835701","obxCode":""}],"orderCode":"PP202600000007","orderQty":1937}(167字节)
2026-08-13 09:35:47.931 [0x00004408] INFO  WAVE_ITEM - 	[原始报文] http://hzmx.nat100.top/api/DispatchSortingCommand/InsertWaveInfo body={"items":[{"epcn":"1242122052202","gridNum":"20066","gridNumber":4,"gridType":"1","inco":"1242122052202","obxCode":""}],"orderCode":"PP202600000007","orderQty":1937}(165字节)
2026-08-13 09:35:47.931 [0x00004408] INFO  WAVE_ITEM - 	[原始报文] http://hzmx.nat100.top/api/DispatchSortingCommand/InsertWaveInfo body={"items":[{"epcn":"1242151015104","gridNum":"20066","gridNumber":3,"gridType":"1","inco":"1242151015104","obxCode":""}],"orderCode":"PP202600000007","orderQty":1937}(165字节)
2026-08-13 09:35:47.931 [0x00004408] INFO  WAVE_ITEM - 	[原始报文] http://hzmx.nat100.top/api/DispatchSortingCommand/InsertWaveInfo body={"items":[{"epcn":"1242200260437","gridNum":"20066","gridNumber":1,"gridType":"1","inco":"1242200260437","obxCode":""}],"orderCode":"PP202600000007","orderQty":1937}(165字节)
2026-08-13 09:35:47.931 [0x00004408] INFO  WAVE_ITEM - 	[原始报文] http://hzmx.nat100.top/api/DispatchSortingCommand/InsertWaveInfo body={"items":[{"epcn":"12430614416502","gridNum":"20066","gridNumber":2,"gridType":"1","inco":"12430614416502","obxCode":""}],"orderCode":"PP202600000007","orderQty":1937}(167字节)
2026-08-13 09:35:47.931 [0x00004408] INFO  WAVE_ITEM - 	[原始报文] http://hzmx.nat100.top/api/DispatchSortingCommand/InsertWaveInfo body={"items":[{"epcn":"12430614416503","gridNum":"20066","gridNumber":1,"gridType":"1","inco":"12430614416503","obxCode":""}],"orderCode":"PP202600000007","orderQty":1937}(167字节)
2026-08-13 09:35:47.931 [0x00004408] INFO  WAVE_ITEM - 	[原始报文] http://hzmx.nat100.top/api/DispatchSortingCommand/InsertWaveInfo body={"items":[{"epcn":"12430614416505","gridNum":"20066","gridNumber":1,"gridType":"1","inco":"12430614416505","obxCode":""}],"orderCode":"PP202600000007","orderQty":1937}(167字节)
2026-08-13 09:35:47.931 [0x00004408] INFO  WAVE_ITEM - 	[原始报文] http://hzmx.nat100.top/api/DispatchSortingCommand/InsertWaveInfo body={"items":[{"epcn":"12430614416506","gridNum":"20066","gridNumber":1,"gridType":"1","inco":"12430614416506","obxCode":""}],"orderCode":"PP202600000007","orderQty":1937}(167字节)
2026-08-13 09:35:47.931 [0x00004408] INFO  WAVE_ITEM - 	[原始报文] http://hzmx.nat100.top/api/DispatchSortingCommand/InsertWaveInfo body={"items":[{"epcn":"12430614435802","gridNum":"20066","gridNumber":1,"gridType":"1","inco":"12430614435802","obxCode":""}],"orderCode":"PP202600000007","orderQty":1937}(167字节)
2026-08-13 09:35:47.931 [0x00004408] INFO  WAVE_ITEM - 	[原始报文] http://hzmx.nat100.top/api/DispatchSortingCommand/InsertWaveInfo body={"items":[{"epcn":"12430614435803","gridNum":"20066","gridNumber":1,"gridType":"1","inco":"12430614435803","obxCode":""}],"orderCode":"PP202600000007","orderQty":1937}(167字节)
2026-08-13 09:35:47.931 [0x00004408] INFO  WAVE_ITEM - 	[原始报文] http://hzmx.nat100.top/api/DispatchSortingCommand/InsertWaveInfo body={"items":[{"epcn":"12430614435804","gridNum":"20066","gridNumber":1,"gridType":"1","inco":"12430614435804","obxCode":""}],"orderCode":"PP202600000007","orderQty":1937}(167字节)
2026-08-13 09:35:47.931 [0x00004408] INFO  WAVE_ITEM - 	[原始报文] http://hzmx.nat100.top/api/DispatchSortingCommand/InsertWaveInfo body={"items":[{"epcn":"12430614435805","gridNum":"20066","gridNumber":1,"gridType":"1","inco":"12430614435805","obxCode":""}],"orderCode":"PP202600000007","orderQty":1937}(167字节)
2026-08-13 09:35:47.931 [0x00004408] INFO  WAVE_ITEM - 	[原始报文] http://hzmx.nat100.top/api/DispatchSortingCommand/InsertWaveInfo body={"items":[{"epcn":"12430614435806","gridNum":"20066","gridNumber":1,"gridType":"1","inco":"12430614435806","obxCode":""}],"orderCode":"PP202600000007","orderQty":1937}(167字节)
2026-08-13 09:35:47.931 [0x00004408] INFO  WAVE_ITEM - 	[原始报文] http://hzmx.nat100.top/api/DispatchSortingCommand/InsertWaveInfo body={"items":[{"epcn":"12430614461802","gridNum":"20066","gridNumber":1,"gridType":"1","inco":"12430614461802","obxCode":""}],"orderCode":"PP202600000007","orderQty":1937}(167字节)
2026-08-13 09:35:47.931 [0x00004408] INFO  WAVE_ITEM - 	[原始报文] http://hzmx.nat100.top/api/DispatchSortingCommand/InsertWaveInfo body={"items":[{"epcn":"12430614461803","gridNum":"20066","gridNumber":1,"gridType":"1","inco":"12430614461803","obxCode":""}],"orderCode":"PP202600000007","orderQty":1937}(167字节)
2026-08-13 09:35:47.931 [0x00004408] INFO  WAVE_ITEM - 	[原始报文] http://hzmx.nat100.top/api/DispatchSortingCommand/InsertWaveInfo body={"items":[{"epcn":"12430614461804","gridNum":"20066","gridNumber":1,"gridType":"1","inco":"12430614461804","obxCode":""}],"orderCode":"PP202600000007","orderQty":1937}(167字节)
2026-08-13 09:35:47.932 [0x00004408] INFO  WAVE_ITEM - 	[原始报文] http://hzmx.nat100.top/api/DispatchSortingCommand/InsertWaveInfo body={"items":[{"epcn":"12430614461805","gridNum":"20066","gridNumber":1,"gridType":"1","inco":"12430614461805","obxCode":""}],"orderCode":"PP202600000007","orderQty":1937}(167字节)
2026-08-13 09:35:47.932 [0x00004408] INFO  WAVE_ITEM - 	[原始报文] http://hzmx.nat100.top/api/DispatchSortingCommand/InsertWaveInfo body={"items":[{"epcn":"12430614461806","gridNum":"20066","gridNumber":1,"gridType":"1","inco":"12430614461806","obxCode":""}],"orderCode":"PP202600000007","orderQty":1937}(167字节)
2026-08-13 09:35:47.932 [0x00004408] INFO  WAVE_ITEM - 	[原始报文] http://hzmx.nat100.top/api/DispatchSortingCommand/InsertWaveInfo body={"items":[{"epcn":"12431018460402","gridNum":"20066","gridNumber":1,"gridType":"1","inco":"12431018460402","obxCode":""}],"orderCode":"PP202600000007","orderQty":1937}(167字节)
2026-08-13 09:35:47.932 [0x00004408] INFO  WAVE_ITEM - 	[原始报文] http://hzmx.nat100.top/api/DispatchSortingCommand/InsertWaveInfo body={"items":[{"epcn":"12431018460403","gridNum":"20066","gridNumber":1,"gridType":"1","inco":"12431018460403","obxCode":""}],"orderCode":"PP202600000007","orderQty":1937}(167字节)
2026-08-13 09:35:47.932 [0x00004408] INFO  WAVE_ITEM - 	[原始报文] http://hzmx.nat100.top/api/DispatchSortingCommand/InsertWaveInfo body={"items":[{"epcn":"12431018460404","gridNum":"20066","gridNumber":1,"gridType":"1","inco":"12431018460404","obxCode":""}],"orderCode":"PP202600000007","orderQty":1937}(167字节)
2026-08-13 09:35:47.932 [0x00004408] INFO  WAVE_ITEM - 	[原始报文] http://hzmx.nat100.top/api/DispatchSortingCommand/InsertWaveInfo body={"items":[{"epcn":"12431018460405","gridNum":"20066","gridNumber":1,"gridType":"1","inco":"12431018460405","obxCode":""}],"orderCode":"PP202600000007","orderQty":1937}(167字节)
2026-08-13 09:35:47.932 [0x00004408] INFO  WAVE_ITEM - 	[原始报文] http://hzmx.nat100.top/api/DispatchSortingCommand/InsertWaveInfo body={"items":[{"epcn":"12431018460406","gridNum":"20066","gridNumber":1,"gridType":"1","inco":"12431018460406","obxCode":""}],"orderCode":"PP202600000007","orderQty":1937}(167字节)
2026-08-13 09:35:47.932 [0x00004408] INFO  WAVE_ITEM - 	[原始报文] http://hzmx.nat100.top/api/DispatchSortingCommand/InsertWaveInfo body={"items":[{"epcn":"12431018482402","gridNum":"20066","gridNumber":1,"gridType":"1","inco":"12431018482402","obxCode":""}],"orderCode":"PP202600000007","orderQty":1937}(167字节)
2026-08-13 09:35:47.932 [0x00004408] INFO  WAVE_ITEM - 	[原始报文] http://hzmx.nat100.top/api/DispatchSortingCommand/InsertWaveInfo body={"items":[{"epcn":"12431018482403","gridNum":"20066","gridNumber":1,"gridType":"1","inco":"12431018482403","obxCode":""}],"orderCode":"PP202600000007","orderQty":1937}(167字节)
2026-08-13 09:35:47.932 [0x00004408] INFO  WAVE_ITEM - 	[原始报文] http://hzmx.nat100.top/api/DispatchSortingCommand/InsertWaveInfo body={"items":[{"epcn":"12431018482404","gridNum":"20066","gridNumber":2,"gridType":"1","inco":"12431018482404","obxCode":""}],"orderCode":"PP202600000007","orderQty":1937}(167字节)
2026-08-13 09:35:47.932 [0x00004408] INFO  WAVE_ITEM - 	[原始报文] http://hzmx.nat100.top/api/DispatchSortingCommand/InsertWaveInfo body={"items":[{"epcn":"12431018482405","gridNum":"20066","gridNumber":1,"gridType":"1","inco":"12431018482405","obxCode":""}],"orderCode":"PP202600000007","orderQty":1937}(167字节)
2026-08-13 09:35:47.932 [0x00004408] INFO  WAVE_ITEM - 	[原始报文] http://hzmx.nat100.top/api/DispatchSortingCommand/InsertWaveInfo body={"items":[{"epcn":"12431018482406","gridNum":"20066","gridNumber":1,"gridType":"1","inco":"12431018482406","obxCode":""}],"orderCode":"PP202600000007","orderQty":1937}(167字节)
2026-08-13 09:35:47.932 [0x00004408] INFO  WAVE_ITEM - 	[原始报文] http://hzmx.nat100.top/api/DispatchSortingCommand/InsertWaveInfo body={"items":[{"epcn":"12431437461802","gridNum":"20066","gridNumber":1,"gridType":"1","inco":"12431437461802","obxCode":""}],"orderCode":"PP202600000007","orderQty":1937}(167字节)
2026-08-13 09:35:47.932 [0x00004408] INFO  WAVE_ITEM - 	[原始报文] http://hzmx.nat100.top/api/DispatchSortingCommand/InsertWaveInfo body={"items":[{"epcn":"12435109261803","gridNum":"20066","gridNumber":1,"gridType":"1","inco":"12435109261803","obxCode":""}],"orderCode":"PP202600000007","orderQty":1937}(167字节)
2026-08-13 09:35:47.932 [0x00004408] INFO  WAVE_ITEM - 	[原始报文] http://hzmx.nat100.top/api/DispatchSortingCommand/InsertWaveInfo body={"items":[{"epcn":"12435109261804","gridNum":"20066","gridNumber":1,"gridType":"1","inco":"12435109261804","obxCode":""}],"orderCode":"PP202600000007","orderQty":1937}(167字节)
2026-08-13 09:35:47.932 [0x00004408] INFO  WAVE_ITEM - 	[原始报文] http://hzmx.nat100.top/api/DispatchSortingCommand/InsertWaveInfo body={"items":[{"epcn":"125214010601802","gridNum":"20066","gridNumber":4,"gridType":"1","inco":"125214010601802","obxCode":""}],"orderCode":"PP202600000007","orderQty":1937}(169字节)
2026-08-13 09:35:47.932 [0x00004408] INFO  WAVE_ITEM - 	[原始报文] http://hzmx.nat100.top/api/DispatchSortingCommand/InsertWaveInfo body={"items":[{"epcn":"125381008600436","gridNum":"20066","gridNumber":1,"gridType":"1","inco":"125381008600436","obxCode":""}],"orderCode":"PP202600000007","orderQty":1937}(169字节)
2026-08-13 09:35:47.932 [0x00004408] INFO  WAVE_ITEM - 	[原始报文] http://hzmx.nat100.top/api/DispatchSortingCommand/InsertWaveInfo body={"items":[{"epcn":"1263060620302","gridNum":"20066","gridNumber":12,"gridType":"1","inco":"1263060620302","obxCode":""}],"orderCode":"PP202600000007","orderQty":1937}(166字节)
2026-08-13 09:35:47.932 [0x00004408] INFO  WAVE_ITEM - 	[原始报文] http://hzmx.nat100.top/api/DispatchSortingCommand/InsertWaveInfo body={"items":[{"epcn":"1263060620303","gridNum":"20066","gridNumber":10,"gridType":"1","inco":"1263060620303","obxCode":""}],"orderCode":"PP202600000007","orderQty":1937}(166字节)
2026-08-13 09:35:47.932 [0x00004408] INFO  WAVE_ITEM - 	[原始报文] http://hzmx.nat100.top/api/DispatchSortingCommand/InsertWaveInfo body={"items":[{"epcn":"1263060620304","gridNum":"20066","gridNumber":10,"gridType":"1","inco":"1263060620304","obxCode":""}],"orderCode":"PP202600000007","orderQty":1937}(166字节)
2026-08-13 09:35:47.933 [0x00004408] INFO  WAVE_ITEM - 	[原始报文] http://hzmx.nat100.top/api/DispatchSortingCommand/InsertWaveInfo body={"items":[{"epcn":"1263060620305","gridNum":"20066","gridNumber":10,"gridType":"1","inco":"1263060620305","obxCode":""}],"orderCode":"PP202600000007","orderQty":1937}(166字节)
2026-08-13 09:35:47.933 [0x00004408] INFO  WAVE_ITEM - 	[原始报文] http://hzmx.nat100.top/api/DispatchSortingCommand/InsertWaveInfo body={"items":[{"epcn":"1263060620306","gridNum":"20066","gridNumber":10,"gridType":"1","inco":"1263060620306","obxCode":""}],"orderCode":"PP202600000007","orderQty":1937}(166字节)
2026-08-13 09:35:47.933 [0x00004408] INFO  WAVE_ITEM - 	[原始报文] http://hzmx.nat100.top/api/DispatchSortingCommand/InsertWaveInfo body={"items":[{"epcn":"1263060640502","gridNum":"20066","gridNumber":10,"gridType":"1","inco":"1263060640502","obxCode":""}],"orderCode":"PP202600000007","orderQty":1937}(166字节)
2026-08-13 09:35:47.933 [0x00004408] INFO  WAVE_ITEM - 	[原始报文] http://hzmx.nat100.top/api/DispatchSortingCommand/InsertWaveInfo body={"items":[{"epcn":"1263060640503","gridNum":"20066","gridNumber":15,"gridType":"1","inco":"1263060640503","obxCode":""}],"orderCode":"PP202600000007","orderQty":1937}(166字节)
2026-08-13 09:35:47.933 [0x00004408] INFO  WAVE_ITEM - 	[原始报文] http://hzmx.nat100.top/api/DispatchSortingCommand/InsertWaveInfo body={"items":[{"epcn":"1263060640504","gridNum":"20066","gridNumber":10,"gridType":"1","inco":"1263060640504","obxCode":""}],"orderCode":"PP202600000007","orderQty":1937}(166字节)
2026-08-13 09:35:47.933 [0x00004408] INFO  WAVE_ITEM - 	[原始报文] http://hzmx.nat100.top/api/DispatchSortingCommand/InsertWaveInfo body={"items":[{"epcn":"1263060640505","gridNum":"20066","gridNumber":10,"gridType":"1","inco":"1263060640505","obxCode":""}],"orderCode":"PP202600000007","orderQty":1937}(166字节)
2026-08-13 09:35:47.933 [0x00004408] INFO  WAVE_ITEM - 	[原始报文] http://hzmx.nat100.top/api/DispatchSortingCommand/InsertWaveInfo body={"items":[{"epcn":"1263060640506","gridNum":"20066","gridNumber":10,"gridType":"1","inco":"1263060640506","obxCode":""}],"orderCode":"PP202600000007","orderQty":1937}(166字节)
2026-08-13 09:35:47.933 [0x00004408] INFO  WAVE_ITEM - 	[原始报文] http://hzmx.nat100.top/api/DispatchSortingCommand/InsertWaveInfo body={"items":[{"epcn":"1263060650202","gridNum":"20066","gridNumber":10,"gridType":"1","inco":"1263060650202","obxCode":""}],"orderCode":"PP202600000007","orderQty":1937}(166字节)
2026-08-13 09:35:47.933 [0x00004408] INFO  WAVE_ITEM - 	[原始报文] http://hzmx.nat100.top/api/DispatchSortingCommand/InsertWaveInfo body={"items":[{"epcn":"1263060650203","gridNum":"20066","gridNumber":10,"gridType":"1","inco":"1263060650203","obxCode":""}],"orderCode":"PP202600000007","orderQty":1937}(166字节)
2026-08-13 09:35:47.934 [0x00004408] INFO  WAVE_ITEM - 	[原始报文] http://hzmx.nat100.top/api/DispatchSortingCommand/InsertWaveInfo body={"items":[{"epcn":"1263060650204","gridNum":"20066","gridNumber":10,"gridType":"1","inco":"1263060650204","obxCode":""}],"orderCode":"PP202600000007","orderQty":1937}(166字节)
2026-08-13 09:35:47.934 [0x00004408] INFO  WAVE_ITEM - 	[原始报文] http://hzmx.nat100.top/api/DispatchSortingCommand/InsertWaveInfo body={"items":[{"epcn":"1263060650205","gridNum":"20066","gridNumber":10,"gridType":"1","inco":"1263060650205","obxCode":""}],"orderCode":"PP202600000007","orderQty":1937}(166字节)
2026-08-13 09:35:47.934 [0x00004408] INFO  WAVE_ITEM - 	[原始报文] http://hzmx.nat100.top/api/DispatchSortingCommand/InsertWaveInfo body={"items":[{"epcn":"1263060650206","gridNum":"20066","gridNumber":10,"gridType":"1","inco":"1263060650206","obxCode":""}],"orderCode":"PP202600000007","orderQty":1937}(166字节)
2026-08-13 09:35:47.934 [0x00004408] INFO  WAVE_ITEM - 	[原始报文] http://hzmx.nat100.top/api/DispatchSortingCommand/InsertWaveInfo body={"items":[{"epcn":"1263060670202","gridNum":"20066","gridNumber":10,"gridType":"1","inco":"1263060670202","obxCode":""}],"orderCode":"PP202600000007","orderQty":1937}(166字节)
2026-08-13 09:35:47.934 [0x00004408] INFO  WAVE_ITEM - 	[原始报文] http://hzmx.nat100.top/api/DispatchSortingCommand/InsertWaveInfo body={"items":[{"epcn":"1263060670203","gridNum":"20066","gridNumber":14,"gridType":"1","inco":"1263060670203","obxCode":""}],"orderCode":"PP202600000007","orderQty":1937}(166字节)
2026-08-13 09:35:47.934 [0x00004408] INFO  WAVE_ITEM - 	[原始报文] http://hzmx.nat100.top/api/DispatchSortingCommand/InsertWaveInfo body={"items":[{"epcn":"1263060670204","gridNum":"20066","gridNumber":10,"gridType":"1","inco":"1263060670204","obxCode":""}],"orderCode":"PP202600000007","orderQty":1937}(166字节)
2026-08-13 09:35:47.934 [0x00004408] INFO  WAVE_ITEM - 	[原始报文] http://hzmx.nat100.top/api/DispatchSortingCommand/InsertWaveInfo body={"items":[{"epcn":"1263060670205","gridNum":"20066","gridNumber":11,"gridType":"1","inco":"1263060670205","obxCode":""}],"orderCode":"PP202600000007","orderQty":1937}(166字节)
2026-08-13 09:35:47.934 [0x00004408] INFO  WAVE_ITEM - 	[原始报文] http://hzmx.nat100.top/api/DispatchSortingCommand/InsertWaveInfo body={"items":[{"epcn":"1263370210304","gridNum":"20066","gridNumber":1,"gridType":"1","inco":"1263370210304","obxCode":""}],"orderCode":"PP202600000007","orderQty":1937}(165字节)
2026-08-13 09:35:47.934 [0x00004408] INFO  WAVE_ITEM - 	[原始报文] http://hzmx.nat100.top/api/DispatchSortingCommand/InsertWaveInfo body={"items":[{"epcn":"1263370260104","gridNum":"20066","gridNumber":1,"gridType":"1","inco":"1263370260104","obxCode":""}],"orderCode":"PP202600000007","orderQty":1937}(165字节)
2026-08-13 09:35:47.934 [0x00004408] INFO  WAVE_ITEM - 	[原始报文] http://hzmx.nat100.top/api/DispatchSortingCommand/InsertWaveInfo body={"items":[{"epcn":"1263370270205","gridNum":"20066","gridNumber":1,"gridType":"1","inco":"1263370270205","obxCode":""}],"orderCode":"PP202600000007","orderQty":1937}(165字节)
2026-08-13 09:35:47.934 [0x00004408] INFO  WAVE_ITEM - 	[原始报文] http://hzmx.nat100.top/api/DispatchSortingCommand/InsertWaveInfo body={"items":[{"epcn":"1263370270302","gridNum":"20066","gridNumber":1,"gridType":"1","inco":"1263370270302","obxCode":""}],"orderCode":"PP202600000007","orderQty":1937}(165字节)
2026-08-13 09:35:47.934 [0x00004408] INFO  WAVE_ITEM - 	[原始报文] http://hzmx.nat100.top/api/DispatchSortingCommand/InsertWaveInfo body={"items":[{"epcn":"1263370270304","gridNum":"20066","gridNumber":1,"gridType":"1","inco":"1263370270304","obxCode":""}],"orderCode":"PP202600000007","orderQty":1937}(165字节)
2026-08-13 09:35:47.935 [0x00004408] INFO  WAVE_ITEM - 	[原始报文] http://hzmx.nat100.top/api/DispatchSortingCommand/InsertWaveInfo body={"items":[{"epcn":"1264011020102","gridNum":"20066","gridNumber":4,"gridType":"1","inco":"1264011020102","obxCode":""}],"orderCode":"PP202600000007","orderQty":1937}(165字节)
2026-08-13 09:35:47.935 [0x00004408] INFO  WAVE_ITEM - 	[原始报文] http://hzmx.nat100.top/api/DispatchSortingCommand/InsertWaveInfo body={"items":[{"epcn":"1272221440236","gridNum":"20066","gridNumber":1,"gridType":"1","inco":"1272221440236","obxCode":""}],"orderCode":"PP202600000007","orderQty":1937}(165字节)
2026-08-13 09:35:47.935 [0x00004408] INFO  WAVE_ITEM - 	[原始报文] http://hzmx.nat100.top/api/DispatchSortingCommand/InsertWaveInfo body={"items":[{"epcn":"1274080860402","gridNum":"20066","gridNumber":1,"gridType":"1","inco":"1274080860402","obxCode":""}],"orderCode":"PP202600000007","orderQty":1937}(165字节)
2026-08-13 09:35:47.935 [0x00004408] INFO  WAVE_ITEM - 	[原始报文] http://hzmx.nat100.top/api/DispatchSortingCommand/InsertWaveInfo body={"items":[{"epcn":"1274080860403","gridNum":"20066","gridNumber":1,"gridType":"1","inco":"1274080860403","obxCode":""}],"orderCode":"PP202600000007","orderQty":1937}(165字节)
2026-08-13 09:35:47.935 [0x00004408] INFO  WAVE_ITEM - 	[原始报文] http://hzmx.nat100.top/api/DispatchSortingCommand/InsertWaveInfo body={"items":[{"epcn":"1274080860404","gridNum":"20066","gridNumber":1,"gridType":"1","inco":"1274080860404","obxCode":""}],"orderCode":"PP202600000007","orderQty":1937}(165字节)
2026-08-13 09:35:47.935 [0x00004408] INFO  WAVE_ITEM - 	[原始报文] http://hzmx.nat100.top/api/DispatchSortingCommand/InsertWaveInfo body={"items":[{"epcn":"1274080860405","gridNum":"20066","gridNumber":1,"gridType":"1","inco":"1274080860405","obxCode":""}],"orderCode":"PP202600000007","orderQty":1937}(165字节)
2026-08-13 09:35:47.935 [0x00004408] INFO  WAVE_ITEM - 	[原始报文] http://hzmx.nat100.top/api/DispatchSortingCommand/InsertWaveInfo body={"items":[{"epcn":"1274080860406","gridNum":"20066","gridNumber":1,"gridType":"1","inco":"1274080860406","obxCode":""}],"orderCode":"PP202600000007","orderQty":1937}(165字节)
2026-08-13 09:35:47.935 [0x00004408] INFO  WAVE_ITEM - 	[原始报文] http://hzmx.nat100.top/api/DispatchSortingCommand/InsertWaveInfo body={"items":[{"epcn":"1274080880402","gridNum":"20066","gridNumber":1,"gridType":"1","inco":"1274080880402","obxCode":""}],"orderCode":"PP202600000007","orderQty":1937}(165字节)
2026-08-13 09:35:47.935 [0x00004408] INFO  WAVE_ITEM - 	[原始报文] http://hzmx.nat100.top/api/DispatchSortingCommand/InsertWaveInfo body={"items":[{"epcn":"1274080880403","gridNum":"20066","gridNumber":1,"gridType":"1","inco":"1274080880403","obxCode":""}],"orderCode":"PP202600000007","orderQty":1937}(165字节)
2026-08-13 09:35:47.935 [0x00004408] INFO  WAVE_ITEM - 	[原始报文] http://hzmx.nat100.top/api/DispatchSortingCommand/InsertWaveInfo body={"items":[{"epcn":"1274080880404","gridNum":"20066","gridNumber":1,"gridType":"1","inco":"1274080880404","obxCode":""}],"orderCode":"PP202600000007","orderQty":1937}(165字节)
2026-08-13 09:35:47.935 [0x00004408] INFO  WAVE_ITEM - 	[原始报文] http://hzmx.nat100.top/api/DispatchSortingCommand/InsertWaveInfo body={"items":[{"epcn":"1274080880405","gridNum":"20066","gridNumber":1,"gridType":"1","inco":"1274080880405","obxCode":""}],"orderCode":"PP202600000007","orderQty":1937}(165字节)
2026-08-13 09:35:47.935 [0x00004408] INFO  WAVE_ITEM - 	[原始报文] http://hzmx.nat100.top/api/DispatchSortingCommand/InsertWaveInfo body={"items":[{"epcn":"1274080880406","gridNum":"20066","gridNumber":1,"gridType":"1","inco":"1274080880406","obxCode":""}],"orderCode":"PP202600000007","orderQty":1937}(165字节)
2026-08-13 09:35:47.935 [0x00004408] INFO  WAVE_ITEM - 	[原始报文] http://hzmx.nat100.top/api/DispatchSortingCommand/InsertWaveInfo body={"items":[{"epcn":"1282120811102","gridNum":"20066","gridNumber":1,"gridType":"1","inco":"1282120811102","obxCode":""}],"orderCode":"PP202600000007","orderQty":1937}(165字节)
2026-08-13 09:35:47.935 [0x00004408] INFO  WAVE_ITEM - 	[原始报文] http://hzmx.nat100.top/api/DispatchSortingCommand/InsertWaveInfo body={"items":[{"epcn":"1282120811103","gridNum":"20066","gridNumber":1,"gridType":"1","inco":"1282120811103","obxCode":""}],"orderCode":"PP202600000007","orderQty":1937}(165字节)
2026-08-13 09:35:47.935 [0x00004408] INFO  WAVE_ITEM - 	[原始报文] http://hzmx.nat100.top/api/DispatchSortingCommand/InsertWaveInfo body={"items":[{"epcn":"1282120811104","gridNum":"20066","gridNumber":1,"gridType":"1","inco":"1282120811104","obxCode":""}],"orderCode":"PP202600000007","orderQty":1937}(165字节)
2026-08-13 09:35:47.935 [0x00004408] INFO  WAVE_ITEM - 	[原始报文] http://hzmx.nat100.top/api/DispatchSortingCommand/InsertWaveInfo body={"items":[{"epcn":"1282120811105","gridNum":"20066","gridNumber":2,"gridType":"1","inco":"1282120811105","obxCode":""}],"orderCode":"PP202600000007","orderQty":1937}(165字节)
2026-08-13 09:35:47.935 [0x00004408] INFO  WAVE_ITEM - 	[原始报文] http://hzmx.nat100.top/api/DispatchSortingCommand/InsertWaveInfo body={"items":[{"epcn":"1282120811106","gridNum":"20066","gridNumber":1,"gridType":"1","inco":"1282120811106","obxCode":""}],"orderCode":"PP202600000007","orderQty":1937}(165字节)
2026-08-13 09:35:47.935 [0x00004408] INFO  WAVE_ITEM - 	[原始报文] http://hzmx.nat100.top/api/DispatchSortingCommand/InsertWaveInfo body={"items":[{"epcn":"1282120811402","gridNum":"20066","gridNumber":1,"gridType":"1","inco":"1282120811402","obxCode":""}],"orderCode":"PP202600000007","orderQty":1937}(165字节)
2026-08-13 09:35:47.935 [0x00004408] INFO  WAVE_ITEM - 	[原始报文] http://hzmx.nat100.top/api/DispatchSortingCommand/InsertWaveInfo body={"items":[{"epcn":"1282120811403","gridNum":"20066","gridNumber":1,"gridType":"1","inco":"1282120811403","obxCode":""}],"orderCode":"PP202600000007","orderQty":1937}(165字节)
2026-08-13 09:35:47.935 [0x00004408] INFO  WAVE_ITEM - 	[原始报文] http://hzmx.nat100.top/api/DispatchSortingCommand/InsertWaveInfo body={"items":[{"epcn":"1282120811404","gridNum":"20066","gridNumber":2,"gridType":"1","inco":"1282120811404","obxCode":""}],"orderCode":"PP202600000007","orderQty":1937}(165字节)
2026-08-13 09:35:47.935 [0x00004408] INFO  WAVE_ITEM - 	[原始报文] http://hzmx.nat100.top/api/DispatchSortingCommand/InsertWaveInfo body={"items":[{"epcn":"1282120811405","gridNum":"20066","gridNumber":1,"gridType":"1","inco":"1282120811405","obxCode":""}],"orderCode":"PP202600000007","orderQty":1937}(165字节)
2026-08-13 09:35:47.935 [0x00004408] INFO  WAVE_ITEM - 	[原始报文] http://hzmx.nat100.top/api/DispatchSortingCommand/InsertWaveInfo body={"items":[{"epcn":"1282120811406","gridNum":"20066","gridNumber":1,"gridType":"1","inco":"1282120811406","obxCode":""}],"orderCode":"PP202600000007","orderQty":1937}(165字节)
2026-08-13 09:35:47.935 [0x00004408] INFO  WAVE_ITEM - 	[原始报文] http://hzmx.nat100.top/api/DispatchSortingCommand/InsertWaveInfo body={"items":[{"epcn":"1282120842702","gridNum":"20066","gridNumber":1,"gridType":"1","inco":"1282120842702","obxCode":""}],"orderCode":"PP202600000007","orderQty":1937}(165字节)
2026-08-13 09:35:47.935 [0x00004408] INFO  WAVE_ITEM - 	[原始报文] http://hzmx.nat100.top/api/DispatchSortingCommand/InsertWaveInfo body={"items":[{"epcn":"1282120842703","gridNum":"20066","gridNumber":1,"gridType":"1","inco":"1282120842703","obxCode":""}],"orderCode":"PP202600000007","orderQty":1937}(165字节)
2026-08-13 09:35:47.935 [0x00004408] INFO  WAVE_ITEM - 	[原始报文] http://hzmx.nat100.top/api/DispatchSortingCommand/InsertWaveInfo body={"items":[{"epcn":"1282120842704","gridNum":"20066","gridNumber":1,"gridType":"1","inco":"1282120842704","obxCode":""}],"orderCode":"PP202600000007","orderQty":1937}(165字节)
2026-08-13 09:35:47.935 [0x00004408] INFO  WAVE_ITEM - 	[原始报文] http://hzmx.nat100.top/api/DispatchSortingCommand/InsertWaveInfo body={"items":[{"epcn":"1282120842705","gridNum":"20066","gridNumber":2,"gridType":"1","inco":"1282120842705","obxCode":""}],"orderCode":"PP202600000007","orderQty":1937}(165字节)
2026-08-13 09:35:47.935 [0x00004408] INFO  WAVE_ITEM - 	[原始报文] http://hzmx.nat100.top/api/DispatchSortingCommand/InsertWaveInfo body={"items":[{"epcn":"1282120842706","gridNum":"20066","gridNumber":5,"gridType":"1","inco":"1282120842706","obxCode":""}],"orderCode":"PP202600000007","orderQty":1937}(165字节)
2026-08-13 09:35:47.935 [0x00004408] INFO  WAVE_ITEM - 	[原始报文] http://hzmx.nat100.top/api/DispatchSortingCommand/InsertWaveInfo body={"items":[{"epcn":"1282120870302","gridNum":"20066","gridNumber":1,"gridType":"1","inco":"1282120870302","obxCode":""}],"orderCode":"PP202600000007","orderQty":1937}(165字节)
2026-08-13 09:35:47.935 [0x00004408] INFO  WAVE_ITEM - 	[原始报文] http://hzmx.nat100.top/api/DispatchSortingCommand/InsertWaveInfo body={"items":[{"epcn":"1282120870303","gridNum":"20066","gridNumber":2,"gridType":"1","inco":"1282120870303","obxCode":""}],"orderCode":"PP202600000007","orderQty":1937}(165字节)
2026-08-13 09:35:47.936 [0x00004408] INFO  WAVE_ITEM - 	[原始报文] http://hzmx.nat100.top/api/DispatchSortingCommand/InsertWaveInfo body={"items":[{"epcn":"1282120870304","gridNum":"20066","gridNumber":1,"gridType":"1","inco":"1282120870304","obxCode":""}],"orderCode":"PP202600000007","orderQty":1937}(165字节)
2026-08-13 09:35:47.936 [0x00004408] INFO  WAVE_ITEM - 	[原始报文] http://hzmx.nat100.top/api/DispatchSortingCommand/InsertWaveInfo body={"items":[{"epcn":"1282120870305","gridNum":"20066","gridNumber":1,"gridType":"1","inco":"1282120870305","obxCode":""}],"orderCode":"PP202600000007","orderQty":1937}(165字节)
2026-08-13 09:35:47.936 [0x00004408] INFO  WAVE_ITEM - 	[原始报文] http://hzmx.nat100.top/api/DispatchSortingCommand/InsertWaveInfo body={"items":[{"epcn":"1282120870306","gridNum":"20066","gridNumber":2,"gridType":"1","inco":"1282120870306","obxCode":""}],"orderCode":"PP202600000007","orderQty":1937}(165字节)
2026-08-13 09:35:47.936 [0x00004408] INFO  WAVE_ITEM - 	[原始报文] http://hzmx.nat100.top/api/DispatchSortingCommand/InsertWaveInfo body={"items":[{"epcn":"1282120880602","gridNum":"20066","gridNumber":1,"gridType":"1","inco":"1282120880602","obxCode":""}],"orderCode":"PP202600000007","orderQty":1937}(165字节)
2026-08-13 09:35:47.936 [0x00004408] INFO  WAVE_ITEM - 	[原始报文] http://hzmx.nat100.top/api/DispatchSortingCommand/InsertWaveInfo body={"items":[{"epcn":"1282120880603","gridNum":"20066","gridNumber":1,"gridType":"1","inco":"1282120880603","obxCode":""}],"orderCode":"PP202600000007","orderQty":1937}(165字节)
2026-08-13 09:35:47.936 [0x00004408] INFO  WAVE_ITEM - 	[原始报文] http://hzmx.nat100.top/api/DispatchSortingCommand/InsertWaveInfo body={"items":[{"epcn":"1282120880604","gridNum":"20066","gridNumber":1,"gridType":"1","inco":"1282120880604","obxCode":""}],"orderCode":"PP202600000007","orderQty":1937}(165字节)
2026-08-13 09:35:47.936 [0x00004408] INFO  WAVE_ITEM - 	[原始报文] http://hzmx.nat100.top/api/DispatchSortingCommand/InsertWaveInfo body={"items":[{"epcn":"1282120880605","gridNum":"20066","gridNumber":1,"gridType":"1","inco":"1282120880605","obxCode":""}],"orderCode":"PP202600000007","orderQty":1937}(165字节)
2026-08-13 09:35:47.936 [0x00004408] INFO  WAVE_ITEM - 	[原始报文] http://hzmx.nat100.top/api/DispatchSortingCommand/InsertWaveInfo body={"items":[{"epcn":"1282120880606","gridNum":"20066","gridNumber":3,"gridType":"1","inco":"1282120880606","obxCode":""}],"orderCode":"PP202600000007","orderQty":1937}(165字节)
2026-08-13 09:35:47.936 [0x00004408] INFO  WAVE_ITEM - 	[原始报文] http://hzmx.nat100.top/api/DispatchSortingCommand/InsertWaveInfo body={"items":[{"epcn":"1284020260404","gridNum":"20066","gridNumber":3,"gridType":"1","inco":"1284020260404","obxCode":""}],"orderCode":"PP202600000007","orderQty":1937}(165字节)
2026-08-13 09:35:47.936 [0x00004408] INFO  WAVE_ITEM - 	[原始报文] http://hzmx.nat100.top/api/DispatchSortingCommand/InsertWaveInfo body={"items":[{"epcn":"1284081660403","gridNum":"20066","gridNumber":1,"gridType":"1","inco":"1284081660403","obxCode":""}],"orderCode":"PP202600000007","orderQty":1937}(165字节)
2026-08-13 09:35:47.936 [0x00004408] INFO  WAVE_ITEM - 	[原始报文] http://hzmx.nat100.top/api/DispatchSortingCommand/InsertWaveInfo body={"items":[{"epcn":"1284081660405","gridNum":"20066","gridNumber":1,"gridType":"1","inco":"1284081660405","obxCode":""}],"orderCode":"PP202600000007","orderQty":1937}(165字节)
2026-08-13 09:35:47.936 [0x00004408] INFO  WAVE_ITEM - 	[原始报文] http://hzmx.nat100.top/api/DispatchSortingCommand/InsertWaveInfo body={"items":[{"epcn":"1284081660406","gridNum":"20066","gridNumber":40,"gridType":"1","inco":"1284081660406","obxCode":""}],"orderCode":"PP202600000007","orderQty":1937}(166字节)
2026-08-13 09:35:47.936 [0x00004408] INFO  WAVE_ITEM - 	[原始报文] http://hzmx.nat100.top/api/DispatchSortingCommand/InsertWaveInfo body={"items":[{"epcn":"1284081680602","gridNum":"20066","gridNumber":40,"gridType":"1","inco":"1284081680602","obxCode":""}],"orderCode":"PP202600000007","orderQty":1937}(166字节)
2026-08-13 09:35:47.936 [0x00004408] INFO  WAVE_ITEM - 	[原始报文] http://hzmx.nat100.top/api/DispatchSortingCommand/InsertWaveInfo body={"items":[{"epcn":"1284081680603","gridNum":"20066","gridNumber":1,"gridType":"1","inco":"1284081680603","obxCode":""}],"orderCode":"PP202600000007","orderQty":1937}(165字节)
2026-08-13 09:35:47.936 [0x00004408] INFO  WAVE_ITEM - 	[原始报文] http://hzmx.nat100.top/api/DispatchSortingCommand/InsertWaveInfo body={"items":[{"epcn":"1284081680604","gridNum":"20066","gridNumber":40,"gridType":"1","inco":"1284081680604","obxCode":""}],"orderCode":"PP202600000007","orderQty":1937}(166字节)
2026-08-13 09:35:47.936 [0x00004408] INFO  WAVE_ITEM - 	[原始报文] http://hzmx.nat100.top/api/DispatchSortingCommand/InsertWaveInfo body={"items":[{"epcn":"1284081680606","gridNum":"20066","gridNumber":80,"gridType":"1","inco":"1284081680606","obxCode":""}],"orderCode":"PP202600000007","orderQty":1937}(166字节)
2026-08-13 09:35:47.936 [0x00004408] INFO  WAVE_ITEM - 	[原始报文] http://hzmx.nat100.top/api/DispatchSortingCommand/InsertWaveInfo body={"items":[{"epcn":"1291190412535","gridNum":"20066","gridNumber":1,"gridType":"1","inco":"1291190412535","obxCode":""}],"orderCode":"PP202600000007","orderQty":1937}(165字节)
2026-08-13 09:35:47.936 [0x00004408] INFO  WAVE_ITEM - 	[原始报文] http://hzmx.nat100.top/api/DispatchSortingCommand/InsertWaveInfo body={"items":[{"epcn":"1291190412536","gridNum":"20066","gridNumber":1,"gridType":"1","inco":"1291190412536","obxCode":""}],"orderCode":"PP202600000007","orderQty":1937}(165字节)
2026-08-13 09:35:47.936 [0x00004408] INFO  WAVE_ITEM - 	[原始报文] http://hzmx.nat100.top/api/DispatchSortingCommand/InsertWaveInfo body={"items":[{"epcn":"1291190412537","gridNum":"20066","gridNumber":1,"gridType":"1","inco":"1291190412537","obxCode":""}],"orderCode":"PP202600000007","orderQty":1937}(165字节)
2026-08-13 09:35:47.936 [0x00004408] INFO  WAVE_ITEM - 	[原始报文] http://hzmx.nat100.top/api/DispatchSortingCommand/InsertWaveInfo body={"items":[{"epcn":"1291190412538","gridNum":"20066","gridNumber":1,"gridType":"1","inco":"1291190412538","obxCode":""}],"orderCode":"PP202600000007","orderQty":1937}(165字节)
2026-08-13 09:35:47.936 [0x00004408] INFO  WAVE_ITEM - 	[原始报文] http://hzmx.nat100.top/api/DispatchSortingCommand/InsertWaveInfo body={"items":[{"epcn":"1291190412539","gridNum":"20066","gridNumber":1,"gridType":"1","inco":"1291190412539","obxCode":""}],"orderCode":"PP202600000007","orderQty":1937}(165字节)
2026-08-13 09:35:47.937 [0x00004408] INFO  WAVE_ITEM - 	[原始报文] http://hzmx.nat100.top/api/DispatchSortingCommand/InsertWaveInfo body={"items":[{"epcn":"1291190460435","gridNum":"20066","gridNumber":1,"gridType":"1","inco":"1291190460435","obxCode":""}],"orderCode":"PP202600000007","orderQty":1937}(165字节)
2026-08-13 09:35:47.937 [0x00004408] INFO  WAVE_ITEM - 	[原始报文] http://hzmx.nat100.top/api/DispatchSortingCommand/InsertWaveInfo body={"items":[{"epcn":"1291190460436","gridNum":"20066","gridNumber":1,"gridType":"1","inco":"1291190460436","obxCode":""}],"orderCode":"PP202600000007","orderQty":1937}(165字节)
2026-08-13 09:35:47.937 [0x00004408] INFO  WAVE_ITEM - 	[原始报文] http://hzmx.nat100.top/api/DispatchSortingCommand/InsertWaveInfo body={"items":[{"epcn":"1291190460437","gridNum":"20066","gridNumber":1,"gridType":"1","inco":"1291190460437","obxCode":""}],"orderCode":"PP202600000007","orderQty":1937}(165字节)
2026-08-13 09:35:47.937 [0x00004408] INFO  WAVE_ITEM - 	[原始报文] http://hzmx.nat100.top/api/DispatchSortingCommand/InsertWaveInfo body={"items":[{"epcn":"1291190460438","gridNum":"20066","gridNumber":30,"gridType":"1","inco":"1291190460438","obxCode":""}],"orderCode":"PP202600000007","orderQty":1937}(166字节)
2026-08-13 09:35:47.937 [0x00004408] INFO  WAVE_ITEM - 	[原始报文] http://hzmx.nat100.top/api/DispatchSortingCommand/InsertWaveInfo body={"items":[{"epcn":"1291190460439","gridNum":"20066","gridNumber":31,"gridType":"1","inco":"1291190460439","obxCode":""}],"orderCode":"PP202600000007","orderQty":1937}(166字节)
2026-08-13 09:35:47.937 [0x00004408] INFO  WAVE_ITEM - 	[原始报文] http://hzmx.nat100.top/api/DispatchSortingCommand/InsertWaveInfo body={"items":[{"epcn":"1291190470335","gridNum":"20066","gridNumber":1,"gridType":"1","inco":"1291190470335","obxCode":""}],"orderCode":"PP202600000007","orderQty":1937}(165字节)
2026-08-13 09:35:47.937 [0x00004408] INFO  WAVE_ITEM - 	[原始报文] http://hzmx.nat100.top/api/DispatchSortingCommand/InsertWaveInfo body={"items":[{"epcn":"1291190470336","gridNum":"20066","gridNumber":2,"gridType":"1","inco":"1291190470336","obxCode":""}],"orderCode":"PP202600000007","orderQty":1937}(165字节)
2026-08-13 09:35:47.937 [0x00004408] INFO  WAVE_ITEM - 	[原始报文] http://hzmx.nat100.top/api/DispatchSortingCommand/InsertWaveInfo body={"items":[{"epcn":"1291190470338","gridNum":"20066","gridNumber":1,"gridType":"1","inco":"1291190470338","obxCode":""}],"orderCode":"PP202600000007","orderQty":1937}(165字节)
2026-08-13 09:35:47.937 [0x00004408] INFO  WAVE_ITEM - 	[原始报文] http://hzmx.nat100.top/api/DispatchSortingCommand/InsertWaveInfo body={"items":[{"epcn":"1291190470339","gridNum":"20066","gridNumber":1,"gridType":"1","inco":"1291190470339","obxCode":""}],"orderCode":"PP202600000007","orderQty":1937}(165字节)
2026-08-13 09:35:47.937 [0x00004408] INFO  WAVE_ITEM - 	[原始报文] http://hzmx.nat100.top/api/DispatchSortingCommand/InsertWaveInfo body={"items":[{"epcn":"1303101713116","gridNum":"20066","gridNumber":1,"gridType":"1","inco":"1303101713116","obxCode":""}],"orderCode":"PP202600000007","orderQty":1937}(165字节)
2026-08-13 09:35:47.937 [0x00004408] INFO  WAVE_ITEM - 	[原始报文] http://hzmx.nat100.top/api/DispatchSortingCommand/InsertWaveInfo body={"items":[{"epcn":"1314013222515","gridNum":"20066","gridNumber":1,"gridType":"1","inco":"1314013222515","obxCode":""}],"orderCode":"PP202600000007","orderQty":1937}(165字节)
2026-08-13 09:35:47.937 [0x00004408] INFO  WAVE_ITEM - 	[原始报文] http://hzmx.nat100.top/api/DispatchSortingCommand/InsertWaveInfo body={"items":[{"epcn":"1314081711812","gridNum":"20066","gridNumber":10,"gridType":"1","inco":"1314081711812","obxCode":""}],"orderCode":"PP202600000007","orderQty":1937}(166字节)
2026-08-13 09:35:47.937 [0x00004408] INFO  WAVE_ITEM - 	[原始报文] http://hzmx.nat100.top/api/DispatchSortingCommand/InsertWaveInfo body={"items":[{"epcn":"1314081711813","gridNum":"20066","gridNumber":10,"gridType":"1","inco":"1314081711813","obxCode":""}],"orderCode":"PP202600000007","orderQty":1937}(166字节)
2026-08-13 09:35:47.937 [0x00004408] INFO  WAVE_ITEM - 	[原始报文] http://hzmx.nat100.top/api/DispatchSortingCommand/InsertWaveInfo body={"items":[{"epcn":"1314081711814","gridNum":"20066","gridNumber":10,"gridType":"1","inco":"1314081711814","obxCode":""}],"orderCode":"PP202600000007","orderQty":1937}(166字节)
2026-08-13 09:35:47.937 [0x00004408] INFO  WAVE_ITEM - 	[原始报文] http://hzmx.nat100.top/api/DispatchSortingCommand/InsertWaveInfo body={"items":[{"epcn":"1314081711815","gridNum":"20066","gridNumber":14,"gridType":"1","inco":"1314081711815","obxCode":""}],"orderCode":"PP202600000007","orderQty":1937}(166字节)
2026-08-13 09:35:47.937 [0x00004408] INFO  WAVE_ITEM - 	[原始报文] http://hzmx.nat100.top/api/DispatchSortingCommand/InsertWaveInfo body={"items":[{"epcn":"1314081711816","gridNum":"20066","gridNumber":10,"gridType":"1","inco":"1314081711816","obxCode":""}],"orderCode":"PP202600000007","orderQty":1937}(166字节)
2026-08-13 09:35:47.937 [0x00004408] INFO  WAVE_ITEM - 	[原始报文] http://hzmx.nat100.top/api/DispatchSortingCommand/InsertWaveInfo body={"items":[{"epcn":"1314081711822","gridNum":"20066","gridNumber":10,"gridType":"1","inco":"1314081711822","obxCode":""}],"orderCode":"PP202600000007","orderQty":1937}(166字节)
2026-08-13 09:35:47.937 [0x00004408] INFO  WAVE_ITEM - 	[原始报文] http://hzmx.nat100.top/api/DispatchSortingCommand/InsertWaveInfo body={"items":[{"epcn":"1314081722412","gridNum":"20066","gridNumber":10,"gridType":"1","inco":"1314081722412","obxCode":""}],"orderCode":"PP202600000007","orderQty":1937}(166字节)
2026-08-13 09:35:47.937 [0x00004408] INFO  WAVE_ITEM - 	[原始报文] http://hzmx.nat100.top/api/DispatchSortingCommand/InsertWaveInfo body={"items":[{"epcn":"1314081722414","gridNum":"20066","gridNumber":10,"gridType":"1","inco":"1314081722414","obxCode":""}],"orderCode":"PP202600000007","orderQty":1937}(166字节)
2026-08-13 09:35:47.937 [0x00004408] INFO  WAVE_ITEM - 	[原始报文] http://hzmx.nat100.top/api/DispatchSortingCommand/InsertWaveInfo body={"items":[{"epcn":"1314081722415","gridNum":"20066","gridNumber":10,"gridType":"1","inco":"1314081722415","obxCode":""}],"orderCode":"PP202600000007","orderQty":1937}(166字节)
2026-08-13 09:35:47.938 [0x00004408] INFO  WAVE_ITEM - 	[原始报文] http://hzmx.nat100.top/api/DispatchSortingCommand/InsertWaveInfo body={"items":[{"epcn":"1314081722416","gridNum":"20066","gridNumber":10,"gridType":"1","inco":"1314081722416","obxCode":""}],"orderCode":"PP202600000007","orderQty":1937}(166字节)
2026-08-13 09:35:47.938 [0x00004408] INFO  WAVE_ITEM - 	[原始报文] http://hzmx.nat100.top/api/DispatchSortingCommand/InsertWaveInfo body={"items":[{"epcn":"1314081722422","gridNum":"20066","gridNumber":2,"gridType":"1","inco":"1314081722422","obxCode":""}],"orderCode":"PP202600000007","orderQty":1937}(165字节)
2026-08-13 09:35:47.938 [0x00004408] INFO  WAVE_ITEM - 	[原始报文] http://hzmx.nat100.top/api/DispatchSortingCommand/InsertWaveInfo body={"items":[{"epcn":"1314081760412","gridNum":"20066","gridNumber":10,"gridType":"1","inco":"1314081760412","obxCode":""}],"orderCode":"PP202600000007","orderQty":1937}(166字节)
2026-08-13 09:35:47.938 [0x00004408] INFO  WAVE_ITEM - 	[原始报文] http://hzmx.nat100.top/api/DispatchSortingCommand/InsertWaveInfo body={"items":[{"epcn":"1314081760414","gridNum":"20066","gridNumber":10,"gridType":"1","inco":"1314081760414","obxCode":""}],"orderCode":"PP202600000007","orderQty":1937}(166字节)
2026-08-13 09:35:47.938 [0x00004408] INFO  WAVE_ITEM - 	[原始报文] http://hzmx.nat100.top/api/DispatchSortingCommand/InsertWaveInfo body={"items":[{"epcn":"1314081760416","gridNum":"20066","gridNumber":10,"gridType":"1","inco":"1314081760416","obxCode":""}],"orderCode":"PP202600000007","orderQty":1937}(166字节)
2026-08-13 09:35:47.938 [0x00004408] INFO  WAVE_ITEM - 	[原始报文] http://hzmx.nat100.top/api/DispatchSortingCommand/InsertWaveInfo body={"items":[{"epcn":"1314081760422","gridNum":"20066","gridNumber":10,"gridType":"1","inco":"1314081760422","obxCode":""}],"orderCode":"PP202600000007","orderQty":1937}(166字节)
2026-08-13 09:35:47.938 [0x00004408] INFO  WAVE_ITEM - 	[原始报文] http://hzmx.nat100.top/api/DispatchSortingCommand/InsertWaveInfo body={"items":[{"epcn":"1322153324414","gridNum":"20066","gridNumber":4,"gridType":"1","inco":"1322153324414","obxCode":""}],"orderCode":"PP202600000007","orderQty":1937}(165字节)
2026-08-13 09:35:47.938 [0x00004408] INFO  WAVE_ITEM - 	[原始报文] http://hzmx.nat100.top/api/DispatchSortingCommand/InsertWaveInfo body={"items":[{"epcn":"1322153324415","gridNum":"20066","gridNumber":1,"gridType":"1","inco":"1322153324415","obxCode":""}],"orderCode":"PP202600000007","orderQty":1937}(165字节)
2026-08-13 09:35:47.938 [0x00004408] INFO  WAVE_ITEM - 	[原始报文] http://hzmx.nat100.top/api/DispatchSortingCommand/InsertWaveInfo body={"items":[{"epcn":"1332123546211","gridNum":"20066","gridNumber":1,"gridType":"1","inco":"1332123546211","obxCode":""}],"orderCode":"PP202600000007","orderQty":1937}(165字节)
2026-08-13 09:35:47.938 [0x00004408] INFO  WAVE_ITEM - 	[原始报文] http://hzmx.nat100.top/api/DispatchSortingCommand/InsertWaveInfo body={"items":[{"epcn":"1332123546212","gridNum":"20066","gridNumber":3,"gridType":"1","inco":"1332123546212","obxCode":""}],"orderCode":"PP202600000007","orderQty":1937}(165字节)
2026-08-13 09:35:47.939 [0x00004408] INFO  WAVE_ITEM - 	[原始报文] http://hzmx.nat100.top/api/DispatchSortingCommand/InsertWaveInfo body={"items":[{"epcn":"1394512711713","gridNum":"20066","gridNumber":9,"gridType":"1","inco":"1394512711713","obxCode":""}],"orderCode":"PP202600000007","orderQty":1937}(165字节)
2026-08-13 09:35:47.939 [0x00004408] INFO  WAVE_ITEM - 	[原始报文] http://hzmx.nat100.top/api/DispatchSortingCommand/InsertWaveInfo body={"items":[{"epcn":"1394512711714","gridNum":"20066","gridNumber":5,"gridType":"1","inco":"1394512711714","obxCode":""}],"orderCode":"PP202600000007","orderQty":1937}(165字节)
2026-08-13 09:35:47.939 [0x00004408] INFO  WAVE_ITEM - 	[原始报文] http://hzmx.nat100.top/api/DispatchSortingCommand/InsertWaveInfo body={"items":[{"epcn":"1394512711715","gridNum":"20066","gridNumber":3,"gridType":"1","inco":"1394512711715","obxCode":""}],"orderCode":"PP202600000007","orderQty":1937}(165字节)
2026-08-13 09:35:47.939 [0x00004408] INFO  WAVE_ITEM - 	[原始报文] http://hzmx.nat100.top/api/DispatchSortingCommand/InsertWaveInfo body={"items":[{"epcn":"1394512711716","gridNum":"20066","gridNumber":6,"gridType":"1","inco":"1394512711716","obxCode":""}],"orderCode":"PP202600000007","orderQty":1937}(165字节)
2026-08-13 09:35:47.939 [0x00004408] INFO  WAVE_ITEM - 	[原始报文] http://hzmx.nat100.top/api/DispatchSortingCommand/InsertWaveInfo body={"items":[{"epcn":"1394512741813","gridNum":"20066","gridNumber":6,"gridType":"1","inco":"1394512741813","obxCode":""}],"orderCode":"PP202600000007","orderQty":1937}(165字节)
2026-08-13 09:35:47.939 [0x00004408] INFO  WAVE_ITEM - 	[原始报文] http://hzmx.nat100.top/api/DispatchSortingCommand/InsertWaveInfo body={"items":[{"epcn":"1394512741814","gridNum":"20066","gridNumber":5,"gridType":"1","inco":"1394512741814","obxCode":""}],"orderCode":"PP202600000007","orderQty":1937}(165字节)
2026-08-13 09:35:47.939 [0x00004408] INFO  WAVE_ITEM - 	[原始报文] http://hzmx.nat100.top/api/DispatchSortingCommand/InsertWaveInfo body={"items":[{"epcn":"1394512741815","gridNum":"20066","gridNumber":6,"gridType":"1","inco":"1394512741815","obxCode":""}],"orderCode":"PP202600000007","orderQty":1937}(165字节)
2026-08-13 09:35:47.939 [0x00004408] INFO  WAVE_ITEM - 	[原始报文] http://hzmx.nat100.top/api/DispatchSortingCommand/InsertWaveInfo body={"items":[{"epcn":"1394512741816","gridNum":"20066","gridNumber":5,"gridType":"1","inco":"1394512741816","obxCode":""}],"orderCode":"PP202600000007","orderQty":1937}(165字节)
2026-08-13 09:35:47.939 [0x00004408] INFO  WAVE_ITEM - 	[原始报文] http://hzmx.nat100.top/api/DispatchSortingCommand/InsertWaveInfo body={"items":[{"epcn":"1600261043503","gridNum":"20066","gridNumber":2,"gridType":"1","inco":"1600261043503","obxCode":""}],"orderCode":"PP202600000007","orderQty":1937}(165字节)
2026-08-13 09:35:47.939 [0x00004408] INFO  WAVE_ITEM - 	[原始报文] http://hzmx.nat100.top/api/DispatchSortingCommand/InsertWaveInfo body={"items":[{"epcn":"1600360113700","gridNum":"20066","gridNumber":4,"gridType":"1","inco":"1600360113700","obxCode":""}],"orderCode":"PP202600000007","orderQty":1937}(165字节)
2026-08-13 09:35:47.939 [0x00004408] INFO  WAVE_ITEM - 	[原始报文] http://hzmx.nat100.top/api/DispatchSortingCommand/InsertWaveInfo body={"items":[{"epcn":"1600360141600","gridNum":"20066","gridNumber":1,"gridType":"1","inco":"1600360141600","obxCode":""}],"orderCode":"PP202600000007","orderQty":1937}(165字节)
2026-08-13 09:35:47.939 [0x00004408] INFO  WAVE_ITEM - 	[原始报文] http://hzmx.nat100.top/api/DispatchSortingCommand/InsertWaveInfo body={"items":[{"epcn":"1600360150900","gridNum":"20066","gridNumber":1,"gridType":"1","inco":"1600360150900","obxCode":""}],"orderCode":"PP202600000007","orderQty":1937}(165字节)
2026-08-13 09:35:47.939 [0x00004408] INFO  WAVE_ITEM - 	[原始报文] http://hzmx.nat100.top/api/DispatchSortingCommand/InsertWaveInfo body={"items":[{"epcn":"1610250922000","gridNum":"20066","gridNumber":1,"gridType":"1","inco":"1610250922000","obxCode":""}],"orderCode":"PP202600000007","orderQty":1937}(165字节)
2026-08-13 09:35:47.939 [0x00004408] INFO  WAVE_ITEM - 	[原始报文] http://hzmx.nat100.top/api/DispatchSortingCommand/InsertWaveInfo body={"items":[{"epcn":"1610571760400","gridNum":"20066","gridNumber":2,"gridType":"1","inco":"1610571760400","obxCode":""}],"orderCode":"PP202600000007","orderQty":1937}(165字节)
2026-08-13 09:35:47.939 [0x00004408] INFO  WAVE_ITEM - 	[原始报文] http://hzmx.nat100.top/api/DispatchSortingCommand/InsertWaveInfo body={"items":[{"epcn":"1610610960400","gridNum":"20066","gridNumber":1,"gridType":"1","inco":"1610610960400","obxCode":""}],"orderCode":"PP202600000007","orderQty":1937}(165字节)
2026-08-13 09:35:47.939 [0x00004408] INFO  WAVE_ITEM - 	[原始报文] http://hzmx.nat100.top/api/DispatchSortingCommand/InsertWaveInfo body={"items":[{"epcn":"1614320212700","gridNum":"20066","gridNumber":1,"gridType":"1","inco":"1614320212700","obxCode":""}],"orderCode":"PP202600000007","orderQty":1937}(165字节)
2026-08-13 09:35:47.939 [0x00004408] INFO  WAVE_ITEM - 	[原始报文] http://hzmx.nat100.top/api/DispatchSortingCommand/InsertWaveInfo body={"items":[{"epcn":"1620274472300","gridNum":"20066","gridNumber":1,"gridType":"1","inco":"1620274472300","obxCode":""}],"orderCode":"PP202600000007","orderQty":1937}(165字节)
2026-08-13 09:35:47.939 [0x00004408] INFO  WAVE_ITEM - 	[原始报文] http://hzmx.nat100.top/api/DispatchSortingCommand/InsertWaveInfo body={"items":[{"epcn":"1620312023503","gridNum":"20066","gridNumber":2,"gridType":"1","inco":"1620312023503","obxCode":""}],"orderCode":"PP202600000007","orderQty":1937}(165字节)
2026-08-13 09:35:47.939 [0x00004408] INFO  WAVE_ITEM - 	[原始报文] http://hzmx.nat100.top/api/DispatchSortingCommand/InsertWaveInfo body={"items":[{"epcn":"1620330122913","gridNum":"20066","gridNumber":1,"gridType":"1","inco":"1620330122913","obxCode":""}],"orderCode":"PP202600000007","orderQty":1937}(165字节)
2026-08-13 09:35:47.939 [0x00004408] INFO  WAVE_ITEM - 	[原始报文] http://hzmx.nat100.top/api/DispatchSortingCommand/InsertWaveInfo body={"items":[{"epcn":"1620573123900","gridNum":"20066","gridNumber":1,"gridType":"1","inco":"1620573123900","obxCode":""}],"orderCode":"PP202600000007","orderQty":1937}(165字节)
2026-08-13 09:35:47.939 [0x00004408] INFO  WAVE_ITEM - 	[原始报文] http://hzmx.nat100.top/api/DispatchSortingCommand/InsertWaveInfo body={"items":[{"epcn":"1620573125400","gridNum":"20066","gridNumber":1,"gridType":"1","inco":"1620573125400","obxCode":""}],"orderCode":"PP202600000007","orderQty":1937}(165字节)
2026-08-13 09:35:47.939 [0x00004408] INFO  WAVE_ITEM - 	[原始报文] http://hzmx.nat100.top/api/DispatchSortingCommand/InsertWaveInfo body={"items":[{"epcn":"1622310150904","gridNum":"20066","gridNumber":1,"gridType":"1","inco":"1622310150904","obxCode":""}],"orderCode":"PP202600000007","orderQty":1937}(165字节)
2026-08-13 09:35:47.939 [0x00004408] INFO  WAVE_ITEM - 	[原始报文] http://hzmx.nat100.top/api/DispatchSortingCommand/InsertWaveInfo body={"items":[{"epcn":"1622340181200","gridNum":"20066","gridNumber":1,"gridType":"1","inco":"1622340181200","obxCode":""}],"orderCode":"PP202600000007","orderQty":1937}(165字节)
2026-08-13 09:35:47.939 [0x00004408] INFO  WAVE_ITEM - 	[原始报文] http://hzmx.nat100.top/api/DispatchSortingCommand/InsertWaveInfo body={"items":[{"epcn":"1622340300000","gridNum":"20066","gridNumber":1,"gridType":"1","inco":"1622340300000","obxCode":""}],"orderCode":"PP202600000007","orderQty":1937}(165字节)
2026-08-13 09:35:47.939 [0x00004408] INFO  WAVE_ITEM - 	[原始报文] http://hzmx.nat100.top/api/DispatchSortingCommand/InsertWaveInfo body={"items":[{"epcn":"1630260211104","gridNum":"20066","gridNumber":1,"gridType":"1","inco":"1630260211104","obxCode":""}],"orderCode":"PP202600000007","orderQty":1937}(165字节)
2026-08-13 09:35:47.939 [0x00004408] INFO  WAVE_ITEM - 	[原始报文] http://hzmx.nat100.top/api/DispatchSortingCommand/InsertWaveInfo body={"items":[{"epcn":"1632344050103","gridNum":"20066","gridNumber":1,"gridType":"1","inco":"1632344050103","obxCode":""}],"orderCode":"PP202600000007","orderQty":1937}(165字节)
2026-08-13 09:35:47.939 [0x00004408] INFO  WAVE_ITEM - 	[原始报文] http://hzmx.nat100.top/api/DispatchSortingCommand/InsertWaveInfo body={"items":[{"epcn":"1632460614503","gridNum":"20066","gridNumber":1,"gridType":"1","inco":"1632460614503","obxCode":""}],"orderCode":"PP202600000007","orderQty":1937}(165字节)
2026-08-13 09:35:47.939 [0x00004408] INFO  WAVE_ITEM - 	[原始报文] http://hzmx.nat100.top/api/DispatchSortingCommand/InsertWaveInfo body={"items":[{"epcn":"1632560270800","gridNum":"20066","gridNumber":1,"gridType":"1","inco":"1632560270800","obxCode":""}],"orderCode":"PP202600000007","orderQty":1937}(165字节)
2026-08-13 09:35:47.939 [0x00004408] INFO  WAVE_ITEM - 	[原始报文] http://hzmx.nat100.top/api/DispatchSortingCommand/InsertWaveInfo body={"items":[{"epcn":"1634345360400","gridNum":"20066","gridNumber":1,"gridType":"1","inco":"1634345360400","obxCode":""}],"orderCode":"PP202600000007","orderQty":1937}(165字节)
2026-08-13 09:35:47.939 [0x00004408] INFO  WAVE_ITEM - 	[原始报文] http://hzmx.nat100.top/api/DispatchSortingCommand/InsertWaveInfo body={"items":[{"epcn":"16402600160400","gridNum":"20066","gridNumber":1,"gridType":"1","inco":"16402600160400","obxCode":""}],"orderCode":"PP202600000007","orderQty":1937}(167字节)
2026-08-13 09:35:47.939 [0x00004408] INFO  WAVE_ITEM - 	[原始报文] http://hzmx.nat100.top/api/DispatchSortingCommand/InsertWaveInfo body={"items":[{"epcn":"1640364113900","gridNum":"20066","gridNumber":1,"gridType":"1","inco":"1640364113900","obxCode":""}],"orderCode":"PP202600000007","orderQty":1937}(165字节)
2026-08-13 09:35:47.939 [0x00004408] INFO  WAVE_ITEM - 	[原始报文] http://hzmx.nat100.top/api/DispatchSortingCommand/InsertWaveInfo body={"items":[{"epcn":"16404441202200","gridNum":"20066","gridNumber":1,"gridType":"1","inco":"16404441202200","obxCode":""}],"orderCode":"PP202600000007","orderQty":1937}(167字节)
2026-08-13 09:35:47.940 [0x00004408] INFO  WAVE_ITEM - 	[原始报文] http://hzmx.nat100.top/api/DispatchSortingCommand/InsertWaveInfo body={"items":[{"epcn":"1640570120500","gridNum":"20066","gridNumber":2,"gridType":"1","inco":"1640570120500","obxCode":""}],"orderCode":"PP202600000007","orderQty":1937}(165字节)
2026-08-13 09:35:47.940 [0x00004408] INFO  WAVE_ITEM - 	[原始报文] http://hzmx.nat100.top/api/DispatchSortingCommand/InsertWaveInfo body={"items":[{"epcn":"1642340851800","gridNum":"20066","gridNumber":4,"gridType":"1","inco":"1642340851800","obxCode":""}],"orderCode":"PP202600000007","orderQty":1937}(165字节)
2026-08-13 09:35:47.940 [0x00004408] INFO  WAVE_ITEM - 	[原始报文] http://hzmx.nat100.top/api/DispatchSortingCommand/InsertWaveInfo body={"items":[{"epcn":"16433440341800","gridNum":"20066","gridNumber":4,"gridType":"1","inco":"16433440341800","obxCode":""}],"orderCode":"PP202600000007","orderQty":1937}(167字节)
2026-08-13 09:35:47.940 [0x00004408] INFO  WAVE_ITEM - 	[原始报文] http://hzmx.nat100.top/api/DispatchSortingCommand/InsertWaveInfo body={"items":[{"epcn":"16433440616500","gridNum":"20066","gridNumber":1,"gridType":"1","inco":"16433440616500","obxCode":""}],"orderCode":"PP202600000007","orderQty":1937}(167字节)
2026-08-13 09:35:47.940 [0x00004408] INFO  WAVE_ITEM - 	[原始报文] http://hzmx.nat100.top/api/DispatchSortingCommand/InsertWaveInfo body={"items":[{"epcn":"16433440661800","gridNum":"20066","gridNumber":1,"gridType":"1","inco":"16433440661800","obxCode":""}],"orderCode":"PP202600000007","orderQty":1937}(167字节)
2026-08-13 09:35:47.940 [0x00004408] INFO  WAVE_ITEM - 	[原始报文] http://hzmx.nat100.top/api/DispatchSortingCommand/InsertWaveInfo body={"items":[{"epcn":"16433440684300","gridNum":"20066","gridNumber":1,"gridType":"1","inco":"16433440684300","obxCode":""}],"orderCode":"PP202600000007","orderQty":1937}(167字节)
2026-08-13 09:35:47.940 [0x00004408] INFO  WAVE_ITEM - 	[原始报文] http://hzmx.nat100.top/api/DispatchSortingCommand/InsertWaveInfo body={"items":[{"epcn":"165041001700800","gridNum":"20066","gridNumber":1,"gridType":"1","inco":"165041001700800","obxCode":""}],"orderCode":"PP202600000007","orderQty":1937}(169字节)
2026-08-13 09:35:47.940 [0x00004408] INFO  WAVE_ITEM - 	[原始报文] http://hzmx.nat100.top/api/DispatchSortingCommand/InsertWaveInfo body={"items":[{"epcn":"1670260941603","gridNum":"20066","gridNumber":1,"gridType":"1","inco":"1670260941603","obxCode":""}],"orderCode":"PP202600000007","orderQty":1937}(165字节)
2026-08-13 09:35:47.940 [0x00004408] INFO  WAVE_ITEM - 	[原始报文] http://hzmx.nat100.top/api/DispatchSortingCommand/InsertWaveInfo body={"items":[{"epcn":"1670260941604","gridNum":"20066","gridNumber":2,"gridType":"1","inco":"1670260941604","obxCode":""}],"orderCode":"PP202600000007","orderQty":1937}(165字节)
2026-08-13 09:35:47.940 [0x00004408] INFO  WAVE_ITEM - 	[原始报文] http://hzmx.nat100.top/api/DispatchSortingCommand/InsertWaveInfo body={"items":[{"epcn":"1674350180103","gridNum":"20066","gridNumber":4,"gridType":"1","inco":"1674350180103","obxCode":""}],"orderCode":"PP202600000007","orderQty":1937}(165字节)
2026-08-13 09:35:47.940 [0x00004408] INFO  WAVE_ITEM - 	[原始报文] http://hzmx.nat100.top/api/DispatchSortingCommand/InsertWaveInfo body={"items":[{"epcn":"1674350180104","gridNum":"20066","gridNumber":1,"gridType":"1","inco":"1674350180104","obxCode":""}],"orderCode":"PP202600000007","orderQty":1937}(165字节)
2026-08-13 09:35:47.940 [0x00004408] INFO  WAVE_ITEM - 	[原始报文] http://hzmx.nat100.top/api/DispatchSortingCommand/InsertWaveInfo body={"items":[{"epcn":"2182120180604","gridNum":"20066","gridNumber":1,"gridType":"1","inco":"2182120180604","obxCode":""}],"orderCode":"PP202600000007","orderQty":1937}(165字节)
2026-08-13 09:35:47.940 [0x00004408] INFO  WAVE_ITEM - 	[原始报文] http://hzmx.nat100.top/api/DispatchSortingCommand/InsertWaveInfo body={"items":[{"epcn":"2192120531804","gridNum":"20066","gridNumber":1,"gridType":"1","inco":"2192120531804","obxCode":""}],"orderCode":"PP202600000007","orderQty":1937}(165字节)
2026-08-13 09:35:47.940 [0x00004408] INFO  WAVE_ITEM - 	[原始报文] http://hzmx.nat100.top/api/DispatchSortingCommand/InsertWaveInfo body={"items":[{"epcn":"2192120541507","gridNum":"20066","gridNumber":1,"gridType":"1","inco":"2192120541507","obxCode":""}],"orderCode":"PP202600000007","orderQty":1937}(165字节)
2026-08-13 09:35:47.940 [0x00004408] INFO  WAVE_ITEM - 	[原始报文] http://hzmx.nat100.top/api/DispatchSortingCommand/InsertWaveInfo body={"items":[{"epcn":"2192122360402","gridNum":"20066","gridNumber":5,"gridType":"1","inco":"2192122360402","obxCode":""}],"orderCode":"PP202600000007","orderQty":1937}(165字节)
2026-08-13 09:35:47.940 [0x00004408] INFO  WAVE_ITEM - 	[原始报文] http://hzmx.nat100.top/api/DispatchSortingCommand/InsertWaveInfo body={"items":[{"epcn":"2192122360403","gridNum":"20066","gridNumber":5,"gridType":"1","inco":"2192122360403","obxCode":""}],"orderCode":"PP202600000007","orderQty":1937}(165字节)
2026-08-13 09:35:47.940 [0x00004408] INFO  WAVE_ITEM - 	[原始报文] http://hzmx.nat100.top/api/DispatchSortingCommand/InsertWaveInfo body={"items":[{"epcn":"2192122360404","gridNum":"20066","gridNumber":5,"gridType":"1","inco":"2192122360404","obxCode":""}],"orderCode":"PP202600000007","orderQty":1937}(165字节)
2026-08-13 09:35:47.940 [0x00004408] INFO  WAVE_ITEM - 	[原始报文] http://hzmx.nat100.top/api/DispatchSortingCommand/InsertWaveInfo body={"items":[{"epcn":"2192122360405","gridNum":"20066","gridNumber":5,"gridType":"1","inco":"2192122360405","obxCode":""}],"orderCode":"PP202600000007","orderQty":1937}(165字节)
2026-08-13 09:35:47.940 [0x00004408] INFO  WAVE_ITEM - 	[原始报文] http://hzmx.nat100.top/api/DispatchSortingCommand/InsertWaveInfo body={"items":[{"epcn":"2192122360406","gridNum":"20066","gridNumber":5,"gridType":"1","inco":"2192122360406","obxCode":""}],"orderCode":"PP202600000007","orderQty":1937}(165字节)
2026-08-13 09:35:47.940 [0x00004408] INFO  WAVE_ITEM - 	[原始报文] http://hzmx.nat100.top/api/DispatchSortingCommand/InsertWaveInfo body={"items":[{"epcn":"2202152411106","gridNum":"20066","gridNumber":1,"gridType":"1","inco":"2202152411106","obxCode":""}],"orderCode":"PP202600000007","orderQty":1937}(165字节)
2026-08-13 09:35:47.940 [0x00004408] INFO  WAVE_ITEM - 	[原始报文] http://hzmx.nat100.top/api/DispatchSortingCommand/InsertWaveInfo body={"items":[{"epcn":"2262120550102","gridNum":"20066","gridNumber":4,"gridType":"1","inco":"2262120550102","obxCode":""}],"orderCode":"PP202600000007","orderQty":1937}(165字节)
2026-08-13 09:35:47.940 [0x00004408] INFO  WAVE_ITEM - 	[原始报文] http://hzmx.nat100.top/api/DispatchSortingCommand/InsertWaveInfo body={"items":[{"epcn":"2264011020102","gridNum":"20066","gridNumber":2,"gridType":"1","inco":"2264011020102","obxCode":""}],"orderCode":"PP202600000007","orderQty":1937}(165字节)
2026-08-13 09:35:47.940 [0x00004408] INFO  WAVE_ITEM - 	[原始报文] http://hzmx.nat100.top/api/DispatchSortingCommand/InsertWaveInfo body={"items":[{"epcn":"2302124111110","gridNum":"20066","gridNumber":1,"gridType":"1","inco":"2302124111110","obxCode":""}],"orderCode":"PP202600000007","orderQty":1937}(165字节)
2026-08-13 09:35:47.940 [0x00004408] INFO  WAVE_ITEM - 	[原始报文] http://hzmx.nat100.top/api/DispatchSortingCommand/InsertWaveInfo body={"items":[{"epcn":"252180640202","gridNum":"20066","gridNumber":2,"gridType":"1","inco":"252180640202","obxCode":""}],"orderCode":"PP202600000007","orderQty":1937}(163字节)
2026-08-13 09:35:47.940 [0x00004408] INFO  WAVE_ITEM - 	[原始报文] http://hzmx.nat100.top/api/DispatchSortingCommand/InsertWaveInfo body={"items":[{"epcn":"252181250206","gridNum":"20066","gridNumber":2,"gridType":"1","inco":"252181250206","obxCode":""}],"orderCode":"PP202600000007","orderQty":1937}(163字节)
2026-08-13 09:35:47.940 [0x00004408] INFO  WAVE_ITEM - 	[原始报文] http://hzmx.nat100.top/api/DispatchSortingCommand/InsertWaveInfo body={"items":[{"epcn":"252181610303","gridNum":"20066","gridNumber":2,"gridType":"1","inco":"252181610303","obxCode":""}],"orderCode":"PP202600000007","orderQty":1937}(163字节)
2026-08-13 09:35:47.940 [0x00004408] INFO  WAVE_ITEM - 	[原始报文] http://hzmx.nat100.top/api/DispatchSortingCommand/InsertWaveInfo body={"items":[{"epcn":"252182620103","gridNum":"20066","gridNumber":4,"gridType":"1","inco":"252182620103","obxCode":""}],"orderCode":"PP202600000007","orderQty":1937}(163字节)
2026-08-13 09:35:47.940 [0x00004408] INFO  WAVE_ITEM - 	[原始报文] http://hzmx.nat100.top/api/DispatchSortingCommand/InsertWaveInfo body={"items":[{"epcn":"252182820106","gridNum":"20066","gridNumber":2,"gridType":"1","inco":"252182820106","obxCode":""}],"orderCode":"PP202600000007","orderQty":1937}(163字节)
2026-08-13 09:35:47.940 [0x00004408] INFO  WAVE_ITEM - 	[原始报文] http://hzmx.nat100.top/api/DispatchSortingCommand/InsertWaveInfo body={"items":[{"epcn":"660250840100","gridNum":"20066","gridNumber":9,"gridType":"1","inco":"660250840100","obxCode":""}],"orderCode":"PP202600000007","orderQty":1937}(163字节)
2026-08-13 09:35:47.940 [0x00004408] INFO  WAVE_ITEM - 	[原始报文] http://hzmx.nat100.top/api/DispatchSortingCommand/InsertWaveInfo body={"items":[{"epcn":"660250850300","gridNum":"20066","gridNumber":10,"gridType":"1","inco":"660250850300","obxCode":""}],"orderCode":"PP202600000007","orderQty":1937}(164字节)
2026-08-13 09:35:47.940 [0x00004408] INFO  WAVE_ITEM - 	[原始报文] http://hzmx.nat100.top/api/DispatchSortingCommand/InsertWaveInfo body={"items":[{"epcn":"660250860100","gridNum":"20066","gridNumber":10,"gridType":"1","inco":"660250860100","obxCode":""}],"orderCode":"PP202600000007","orderQty":1937}(164字节)
2026-08-13 09:35:47.940 [0x00004408] INFO  WAVE_ITEM - 	[原始报文] http://hzmx.nat100.top/api/DispatchSortingCommand/InsertWaveInfo body={"items":[{"epcn":"660250870200","gridNum":"20066","gridNumber":10,"gridType":"1","inco":"660250870200","obxCode":""}],"orderCode":"PP202600000007","orderQty":1937}(164字节)
2026-08-13 09:35:47.940 [0x00004408] INFO  WAVE_ITEM - 	[原始报文] http://hzmx.nat100.top/api/DispatchSortingCommand/InsertWaveInfo body={"items":[{"epcn":"99109937721250","gridNum":"20066","gridNumber":1,"gridType":"1","inco":"99109937721250","obxCode":""}],"orderCode":"PP202600000007","orderQty":1937}(167字节)
2026-08-13 09:35:47.942 [0x00004408] INFO  WAVE_ITEM - 	[原始报文] http://hzmx.nat100.top/api/DispatchSortingCommand/InsertWaveInfo body={"items":[{"epcn":"99109937721260","gridNum":"20066","gridNumber":1,"gridType":"1","inco":"99109937721260","obxCode":""}],"orderCode":"PP202600000007","orderQty":1937}(167字节)
2026-08-13 09:35:47.942 [0x00004408] INFO  WAVE_ITEM - 	[原始报文] http://hzmx.nat100.top/api/DispatchSortingCommand/InsertWaveInfo body={"items":[{"epcn":"99109967611230","gridNum":"20066","gridNumber":1,"gridType":"1","inco":"99109967611230","obxCode":""}],"orderCode":"PP202600000007","orderQty":1937}(167字节)
2026-08-13 09:35:47.942 [0x00004408] INFO  WAVE_ITEM - 	[原始报文] http://hzmx.nat100.top/api/DispatchSortingCommand/InsertWaveInfo body={"items":[{"epcn":"99109967611250","gridNum":"20066","gridNumber":1,"gridType":"1","inco":"99109967611250","obxCode":""}],"orderCode":"PP202600000007","orderQty":1937}(167字节)
2026-08-13 09:35:47.942 [0x00004408] INFO  WAVE_ITEM - 	[原始报文] http://hzmx.nat100.top/api/DispatchSortingCommand/InsertWaveInfo body={"items":[{"epcn":"99309921827230","gridNum":"20066","gridNumber":1,"gridType":"1","inco":"99309921827230","obxCode":""}],"orderCode":"PP202600000007","orderQty":1937}(167字节)
2026-08-13 09:55:52.861 [0x000085a4] INFO  WAVE_ITEM - 	[原始报文] http://hzmx.nat100.top/api/DispatchSortingCommand/InsertWaveInfo body={"items":[{"epcn":"WV34S1CN2001B61L","gridNum":"2","gridNumber":1,"gridType":"普通格口","inco":"WV34S1CN2001B61L","obxCode":"BOX202203200081"}],"orderCode":"PB202203200003","orderQty":2}(190字节)
2026-08-13 10:38:36.808 [0x000060f0] INFO  WAVE_ITEM - 	[原始报文] http://hzmx.nat100.top/api/DispatchSortingCommand/InsertWaveInfo body={"items":[{"epcn":"1134010560404","gridNum":"10","gridNumber":3,"gridType":"0","inco":"1134010560404","obxCode":""}],"orderCode":"PP202600000011","orderQty":1937}(162字节)
2026-08-13 10:38:36.808 [0x000060f0] INFO  WAVE_ITEM - 	[原始报文] http://hzmx.nat100.top/api/DispatchSortingCommand/InsertWaveInfo body={"items":[{"epcn":"1134010560403","gridNum":"15","gridNumber":4,"gridType":"0","inco":"1134010560403","obxCode":""}],"orderCode":"PP202600000011","orderQty":1937}(162字节)
2026-08-13 10:38:36.808 [0x000060f0] INFO  WAVE_ITEM - 	[原始报文] http://hzmx.nat100.top/api/DispatchSortingCommand/InsertWaveInfo body={"items":[{"epcn":"104001955301001","gridNum":"65","gridNumber":4,"gridType":"1","inco":"104001955301001","obxCode":""}],"orderCode":"PP202600000011","orderQty":1937}(166字节)
2026-08-13 10:38:36.808 [0x000060f0] INFO  WAVE_ITEM - 	[原始报文] http://hzmx.nat100.top/api/DispatchSortingCommand/InsertWaveInfo body={"items":[{"epcn":"104001955301004","gridNum":"65","gridNumber":4,"gridType":"1","inco":"104001955301004","obxCode":""}],"orderCode":"PP202600000011","orderQty":1937}(166字节)
2026-08-13 10:38:36.808 [0x000060f0] INFO  WAVE_ITEM - 	[原始报文] http://hzmx.nat100.top/api/DispatchSortingCommand/InsertWaveInfo body={"items":[{"epcn":"104001955601704","gridNum":"65","gridNumber":4,"gridType":"1","inco":"104001955601704","obxCode":""}],"orderCode":"PP202600000011","orderQty":1937}(166字节)
2026-08-13 10:38:36.808 [0x000060f0] INFO  WAVE_ITEM - 	[原始报文] http://hzmx.nat100.top/api/DispatchSortingCommand/InsertWaveInfo body={"items":[{"epcn":"104078014100388","gridNum":"65","gridNumber":2,"gridType":"1","inco":"104078014100388","obxCode":""}],"orderCode":"PP202600000011","orderQty":1937}(166字节)
2026-08-13 10:38:36.808 [0x000060f0] INFO  WAVE_ITEM - 	[原始报文] http://hzmx.nat100.top/api/DispatchSortingCommand/InsertWaveInfo body={"items":[{"epcn":"105027002103901","gridNum":"65","gridNumber":5,"gridType":"1","inco":"105027002103901","obxCode":""}],"orderCode":"PP202600000011","orderQty":1937}(166字节)
2026-08-13 10:38:36.808 [0x000060f0] INFO  WAVE_ITEM - 	[原始报文] http://hzmx.nat100.top/api/DispatchSortingCommand/InsertWaveInfo body={"items":[{"epcn":"105027002103904","gridNum":"65","gridNumber":4,"gridType":"1","inco":"105027002103904","obxCode":""}],"orderCode":"PP202600000011","orderQty":1937}(166字节)
2026-08-13 10:38:36.808 [0x000060f0] INFO  WAVE_ITEM - 	[原始报文] http://hzmx.nat100.top/api/DispatchSortingCommand/InsertWaveInfo body={"items":[{"epcn":"105027002110403","gridNum":"65","gridNumber":4,"gridType":"1","inco":"105027002110403","obxCode":""}],"orderCode":"PP202600000011","orderQty":1937}(166字节)
2026-08-13 10:38:36.808 [0x000060f0] INFO  WAVE_ITEM - 	[原始报文] http://hzmx.nat100.top/api/DispatchSortingCommand/InsertWaveInfo body={"items":[{"epcn":"105101062309806","gridNum":"65","gridNumber":50,"gridType":"1","inco":"105101062309806","obxCode":""}],"orderCode":"PP202600000011","orderQty":1937}(167字节)
2026-08-13 10:38:36.808 [0x000060f0] INFO  WAVE_ITEM - 	[原始报文] http://hzmx.nat100.top/api/DispatchSortingCommand/InsertWaveInfo body={"items":[{"epcn":"105101062309808","gridNum":"65","gridNumber":28,"gridType":"1","inco":"105101062309808","obxCode":""}],"orderCode":"PP202600000011","orderQty":1937}(167字节)
2026-08-13 10:38:36.808 [0x000060f0] INFO  WAVE_ITEM - 	[原始报文] http://hzmx.nat100.top/api/DispatchSortingCommand/InsertWaveInfo body={"items":[{"epcn":"1101010520503","gridNum":"65","gridNumber":1,"gridType":"1","inco":"1101010520503","obxCode":""}],"orderCode":"PP202600000011","orderQty":1937}(162字节)
2026-08-13 10:38:36.808 [0x000060f0] INFO  WAVE_ITEM - 	[原始报文] http://hzmx.nat100.top/api/DispatchSortingCommand/InsertWaveInfo body={"items":[{"epcn":"1101010520504","gridNum":"65","gridNumber":1,"gridType":"1","inco":"1101010520504","obxCode":""}],"orderCode":"PP202600000011","orderQty":1937}(162字节)
2026-08-13 10:38:36.808 [0x000060f0] INFO  WAVE_ITEM - 	[原始报文] http://hzmx.nat100.top/api/DispatchSortingCommand/InsertWaveInfo body={"items":[{"epcn":"1101010520505","gridNum":"65","gridNumber":1,"gridType":"1","inco":"1101010520505","obxCode":""}],"orderCode":"PP202600000011","orderQty":1937}(162字节)
2026-08-13 10:38:36.808 [0x000060f0] INFO  WAVE_ITEM - 	[原始报文] http://hzmx.nat100.top/api/DispatchSortingCommand/InsertWaveInfo body={"items":[{"epcn":"1101010520506","gridNum":"65","gridNumber":1,"gridType":"1","inco":"1101010520506","obxCode":""}],"orderCode":"PP202600000011","orderQty":1937}(162字节)
2026-08-13 10:38:36.808 [0x000060f0] INFO  WAVE_ITEM - 	[原始报文] http://hzmx.nat100.top/api/DispatchSortingCommand/InsertWaveInfo body={"items":[{"epcn":"1101010530402","gridNum":"65","gridNumber":5,"gridType":"1","inco":"1101010530402","obxCode":""}],"orderCode":"PP202600000011","orderQty":1937}(162字节)
2026-08-13 10:38:36.808 [0x000060f0] INFO  WAVE_ITEM - 	[原始报文] http://hzmx.nat100.top/api/DispatchSortingCommand/InsertWaveInfo body={"items":[{"epcn":"1101010530403","gridNum":"65","gridNumber":11,"gridType":"1","inco":"1101010530403","obxCode":""}],"orderCode":"PP202600000011","orderQty":1937}(163字节)
2026-08-13 10:38:36.808 [0x000060f0] INFO  WAVE_ITEM - 	[原始报文] http://hzmx.nat100.top/api/DispatchSortingCommand/InsertWaveInfo body={"items":[{"epcn":"1101010530404","gridNum":"65","gridNumber":8,"gridType":"1","inco":"1101010530404","obxCode":""}],"orderCode":"PP202600000011","orderQty":1937}(162字节)
2026-08-13 10:38:36.810 [0x000060f0] INFO  WAVE_ITEM - 	[原始报文] http://hzmx.nat100.top/api/DispatchSortingCommand/InsertWaveInfo body={"items":[{"epcn":"1101190141840","gridNum":"65","gridNumber":1,"gridType":"1","inco":"1101190141840","obxCode":""}],"orderCode":"PP202600000011","orderQty":1937}(162字节)
2026-08-13 10:38:36.810 [0x000060f0] INFO  WAVE_ITEM - 	[原始报文] http://hzmx.nat100.top/api/DispatchSortingCommand/InsertWaveInfo body={"items":[{"epcn":"1101190141842","gridNum":"65","gridNumber":1,"gridType":"1","inco":"1101190141842","obxCode":""}],"orderCode":"PP202600000011","orderQty":1937}(162字节)
2026-08-13 10:38:36.810 [0x000060f0] INFO  WAVE_ITEM - 	[原始报文] http://hzmx.nat100.top/api/DispatchSortingCommand/InsertWaveInfo body={"items":[{"epcn":"1101190160443","gridNum":"65","gridNumber":6,"gridType":"1","inco":"1101190160443","obxCode":""}],"orderCode":"PP202600000011","orderQty":1937}(162字节)
2026-08-13 10:38:36.810 [0x000060f0] INFO  WAVE_ITEM - 	[原始报文] http://hzmx.nat100.top/api/DispatchSortingCommand/InsertWaveInfo body={"items":[{"epcn":"1101190160444","gridNum":"65","gridNumber":1,"gridType":"1","inco":"1101190160444","obxCode":""}],"orderCode":"PP202600000011","orderQty":1937}(162字节)
2026-08-13 10:38:36.810 [0x000060f0] INFO  WAVE_ITEM - 	[原始报文] http://hzmx.nat100.top/api/DispatchSortingCommand/InsertWaveInfo body={"items":[{"epcn":"1101510160406","gridNum":"65","gridNumber":1,"gridType":"1","inco":"1101510160406","obxCode":""}],"orderCode":"PP202600000011","orderQty":1937}(162字节)
2026-08-13 10:38:36.810 [0x000060f0] INFO  WAVE_ITEM - 	[原始报文] http://hzmx.nat100.top/api/DispatchSortingCommand/InsertWaveInfo body={"items":[{"epcn":"1101510180602","gridNum":"65","gridNumber":1,"gridType":"1","inco":"1101510180602","obxCode":""}],"orderCode":"PP202600000011","orderQty":1937}(162字节)
2026-08-13 10:38:36.810 [0x000060f0] INFO  WAVE_ITEM - 	[原始报文] http://hzmx.nat100.top/api/DispatchSortingCommand/InsertWaveInfo body={"items":[{"epcn":"1101510180603","gridNum":"65","gridNumber":1,"gridType":"1","inco":"1101510180603","obxCode":""}],"orderCode":"PP202600000011","orderQty":1937}(162字节)
2026-08-13 10:38:36.810 [0x000060f0] INFO  WAVE_ITEM - 	[原始报文] http://hzmx.nat100.top/api/DispatchSortingCommand/InsertWaveInfo body={"items":[{"epcn":"1101510180604","gridNum":"65","gridNumber":1,"gridType":"1","inco":"1101510180604","obxCode":""}],"orderCode":"PP202600000011","orderQty":1937}(162字节)
2026-08-13 10:38:36.810 [0x000060f0] INFO  WAVE_ITEM - 	[原始报文] http://hzmx.nat100.top/api/DispatchSortingCommand/InsertWaveInfo body={"items":[{"epcn":"1101510180606","gridNum":"65","gridNumber":2,"gridType":"1","inco":"1101510180606","obxCode":""}],"orderCode":"PP202600000011","orderQty":1937}(162字节)
2026-08-13 10:38:36.810 [0x000060f0] INFO  WAVE_ITEM - 	[原始报文] http://hzmx.nat100.top/api/DispatchSortingCommand/InsertWaveInfo body={"items":[{"epcn":"1102120360402","gridNum":"65","gridNumber":2,"gridType":"1","inco":"1102120360402","obxCode":""}],"orderCode":"PP202600000011","orderQty":1937}(162字节)
2026-08-13 10:38:36.810 [0x000060f0] INFO  WAVE_ITEM - 	[原始报文] http://hzmx.nat100.top/api/DispatchSortingCommand/InsertWaveInfo body={"items":[{"epcn":"1102120360403","gridNum":"65","gridNumber":1,"gridType":"1","inco":"1102120360403","obxCode":""}],"orderCode":"PP202600000011","orderQty":1937}(162字节)
2026-08-13 10:38:36.810 [0x000060f0] INFO  WAVE_ITEM - 	[原始报文] http://hzmx.nat100.top/api/DispatchSortingCommand/InsertWaveInfo body={"items":[{"epcn":"1102120360405","gridNum":"65","gridNumber":1,"gridType":"1","inco":"1102120360405","obxCode":""}],"orderCode":"PP202600000011","orderQty":1937}(162字节)
2026-08-13 10:38:36.810 [0x000060f0] INFO  WAVE_ITEM - 	[原始报文] http://hzmx.nat100.top/api/DispatchSortingCommand/InsertWaveInfo body={"items":[{"epcn":"1102120360406","gridNum":"65","gridNumber":1,"gridType":"1","inco":"1102120360406","obxCode":""}],"orderCode":"PP202600000011","orderQty":1937}(162字节)
2026-08-13 10:38:36.810 [0x000060f0] INFO  WAVE_ITEM - 	[原始报文] http://hzmx.nat100.top/api/DispatchSortingCommand/InsertWaveInfo body={"items":[{"epcn":"1102120360407","gridNum":"65","gridNumber":1,"gridType":"1","inco":"1102120360407","obxCode":""}],"orderCode":"PP202600000011","orderQty":1937}(162字节)
2026-08-13 10:38:36.810 [0x000060f0] INFO  WAVE_ITEM - 	[原始报文] http://hzmx.nat100.top/api/DispatchSortingCommand/InsertWaveInfo body={"items":[{"epcn":"1102120380602","gridNum":"65","gridNumber":1,"gridType":"1","inco":"1102120380602","obxCode":""}],"orderCode":"PP202600000011","orderQty":1937}(162字节)
2026-08-13 10:38:36.810 [0x000060f0] INFO  WAVE_ITEM - 	[原始报文] http://hzmx.nat100.top/api/DispatchSortingCommand/InsertWaveInfo body={"items":[{"epcn":"1102120380605","gridNum":"65","gridNumber":1,"gridType":"1","inco":"1102120380605","obxCode":""}],"orderCode":"PP202600000011","orderQty":1937}(162字节)
2026-08-13 10:38:36.810 [0x000060f0] INFO  WAVE_ITEM - 	[原始报文] http://hzmx.nat100.top/api/DispatchSortingCommand/InsertWaveInfo body={"items":[{"epcn":"1102120541803","gridNum":"65","gridNumber":1,"gridType":"1","inco":"1102120541803","obxCode":""}],"orderCode":"PP202600000011","orderQty":1937}(162字节)
2026-08-13 10:38:36.810 [0x000060f0] INFO  WAVE_ITEM - 	[原始报文] http://hzmx.nat100.top/api/DispatchSortingCommand/InsertWaveInfo body={"items":[{"epcn":"1102120580604","gridNum":"65","gridNumber":1,"gridType":"1","inco":"1102120580604","obxCode":""}],"orderCode":"PP202600000011","orderQty":1937}(162字节)
2026-08-13 10:38:36.810 [0x000060f0] INFO  WAVE_ITEM - 	[原始报文] http://hzmx.nat100.top/api/DispatchSortingCommand/InsertWaveInfo body={"items":[{"epcn":"1102121529607","gridNum":"65","gridNumber":1,"gridType":"1","inco":"1102121529607","obxCode":""}],"orderCode":"PP202600000011","orderQty":1937}(162字节)
2026-08-13 10:38:36.810 [0x000060f0] INFO  WAVE_ITEM - 	[原始报文] http://hzmx.nat100.top/api/DispatchSortingCommand/InsertWaveInfo body={"items":[{"epcn":"1102121580603","gridNum":"65","gridNumber":1,"gridType":"1","inco":"1102121580603","obxCode":""}],"orderCode":"PP202600000011","orderQty":1937}(162字节)
2026-08-13 10:38:36.810 [0x000060f0] INFO  WAVE_ITEM - 	[原始报文] http://hzmx.nat100.top/api/DispatchSortingCommand/InsertWaveInfo body={"items":[{"epcn":"1102121580604","gridNum":"65","gridNumber":1,"gridType":"1","inco":"1102121580604","obxCode":""}],"orderCode":"PP202600000011","orderQty":1937}(162字节)
2026-08-13 10:38:36.810 [0x000060f0] INFO  WAVE_ITEM - 	[原始报文] http://hzmx.nat100.top/api/DispatchSortingCommand/InsertWaveInfo body={"items":[{"epcn":"1102121580606","gridNum":"65","gridNumber":1,"gridType":"1","inco":"1102121580606","obxCode":""}],"orderCode":"PP202600000011","orderQty":1937}(162字节)
2026-08-13 10:38:36.810 [0x000060f0] INFO  WAVE_ITEM - 	[原始报文] http://hzmx.nat100.top/api/DispatchSortingCommand/InsertWaveInfo body={"items":[{"epcn":"1102121589206","gridNum":"65","gridNumber":1,"gridType":"1","inco":"1102121589206","obxCode":""}],"orderCode":"PP202600000011","orderQty":1937}(162字节)
2026-08-13 10:38:36.810 [0x000060f0] INFO  WAVE_ITEM - 	[原始报文] http://hzmx.nat100.top/api/DispatchSortingCommand/InsertWaveInfo body={"items":[{"epcn":"1102121980606","gridNum":"65","gridNumber":1,"gridType":"1","inco":"1102121980606","obxCode":""}],"orderCode":"PP202600000011","orderQty":1937}(162字节)
2026-08-13 10:38:36.810 [0x000060f0] INFO  WAVE_ITEM - 	[原始报文] http://hzmx.nat100.top/api/DispatchSortingCommand/InsertWaveInfo body={"items":[{"epcn":"1102141932205","gridNum":"65","gridNumber":4,"gridType":"1","inco":"1102141932205","obxCode":""}],"orderCode":"PP202600000011","orderQty":1937}(162字节)
2026-08-13 10:38:36.810 [0x000060f0] INFO  WAVE_ITEM - 	[原始报文] http://hzmx.nat100.top/api/DispatchSortingCommand/InsertWaveInfo body={"items":[{"epcn":"1102151160403","gridNum":"65","gridNumber":4,"gridType":"1","inco":"1102151160403","obxCode":""}],"orderCode":"PP202600000011","orderQty":1937}(162字节)
2026-08-13 10:38:36.810 [0x000060f0] INFO  WAVE_ITEM - 	[原始报文] http://hzmx.nat100.top/api/DispatchSortingCommand/InsertWaveInfo body={"items":[{"epcn":"1103070370306","gridNum":"65","gridNumber":4,"gridType":"1","inco":"1103070370306","obxCode":""}],"orderCode":"PP202600000011","orderQty":1937}(162字节)
2026-08-13 10:38:36.810 [0x000060f0] INFO  WAVE_ITEM - 	[原始报文] http://hzmx.nat100.top/api/DispatchSortingCommand/InsertWaveInfo body={"items":[{"epcn":"1103150131002","gridNum":"65","gridNumber":10,"gridType":"1","inco":"1103150131002","obxCode":""}],"orderCode":"PP202600000011","orderQty":1937}(163字节)
2026-08-13 10:38:36.810 [0x000060f0] INFO  WAVE_ITEM - 	[原始报文] http://hzmx.nat100.top/api/DispatchSortingCommand/InsertWaveInfo body={"items":[{"epcn":"1103150131003","gridNum":"65","gridNumber":20,"gridType":"1","inco":"1103150131003","obxCode":""}],"orderCode":"PP202600000011","orderQty":1937}(163字节)
2026-08-13 10:38:36.810 [0x000060f0] INFO  WAVE_ITEM - 	[原始报文] http://hzmx.nat100.top/api/DispatchSortingCommand/InsertWaveInfo body={"items":[{"epcn":"1103150131004","gridNum":"65","gridNumber":20,"gridType":"1","inco":"1103150131004","obxCode":""}],"orderCode":"PP202600000011","orderQty":1937}(163字节)
2026-08-13 10:38:36.810 [0x000060f0] INFO  WAVE_ITEM - 	[原始报文] http://hzmx.nat100.top/api/DispatchSortingCommand/InsertWaveInfo body={"items":[{"epcn":"1103150131005","gridNum":"65","gridNumber":1,"gridType":"1","inco":"1103150131005","obxCode":""}],"orderCode":"PP202600000011","orderQty":1937}(162字节)
2026-08-13 10:38:36.810 [0x000060f0] INFO  WAVE_ITEM - 	[原始报文] http://hzmx.nat100.top/api/DispatchSortingCommand/InsertWaveInfo body={"items":[{"epcn":"1103150131006","gridNum":"65","gridNumber":20,"gridType":"1","inco":"1103150131006","obxCode":""}],"orderCode":"PP202600000011","orderQty":1937}(163字节)
2026-08-13 10:38:36.810 [0x000060f0] INFO  WAVE_ITEM - 	[原始报文] http://hzmx.nat100.top/api/DispatchSortingCommand/InsertWaveInfo body={"items":[{"epcn":"1103150131007","gridNum":"65","gridNumber":20,"gridType":"1","inco":"1103150131007","obxCode":""}],"orderCode":"PP202600000011","orderQty":1937}(163字节)
2026-08-13 10:38:36.811 [0x000060f0] INFO  WAVE_ITEM - 	[原始报文] http://hzmx.nat100.top/api/DispatchSortingCommand/InsertWaveInfo body={"items":[{"epcn":"1103150141802","gridNum":"65","gridNumber":31,"gridType":"1","inco":"1103150141802","obxCode":""}],"orderCode":"PP202600000011","orderQty":1937}(163字节)
2026-08-13 10:38:36.811 [0x000060f0] INFO  WAVE_ITEM - 	[原始报文] http://hzmx.nat100.top/api/DispatchSortingCommand/InsertWaveInfo body={"items":[{"epcn":"1103150141803","gridNum":"65","gridNumber":1,"gridType":"1","inco":"1103150141803","obxCode":""}],"orderCode":"PP202600000011","orderQty":1937}(162字节)
2026-08-13 10:38:36.811 [0x000060f0] INFO  WAVE_ITEM - 	[原始报文] http://hzmx.nat100.top/api/DispatchSortingCommand/InsertWaveInfo body={"items":[{"epcn":"1103150141804","gridNum":"65","gridNumber":10,"gridType":"1","inco":"1103150141804","obxCode":""}],"orderCode":"PP202600000011","orderQty":1937}(163字节)
2026-08-13 10:38:36.811 [0x000060f0] INFO  WAVE_ITEM - 	[原始报文] http://hzmx.nat100.top/api/DispatchSortingCommand/InsertWaveInfo body={"items":[{"epcn":"1103150141805","gridNum":"65","gridNumber":20,"gridType":"1","inco":"1103150141805","obxCode":""}],"orderCode":"PP202600000011","orderQty":1937}(163字节)
2026-08-13 10:38:36.811 [0x000060f0] INFO  WAVE_ITEM - 	[原始报文] http://hzmx.nat100.top/api/DispatchSortingCommand/InsertWaveInfo body={"items":[{"epcn":"1103150141806","gridNum":"65","gridNumber":30,"gridType":"1","inco":"1103150141806","obxCode":""}],"orderCode":"PP202600000011","orderQty":1937}(163字节)
2026-08-13 10:38:36.811 [0x000060f0] INFO  WAVE_ITEM - 	[原始报文] http://hzmx.nat100.top/api/DispatchSortingCommand/InsertWaveInfo body={"items":[{"epcn":"1103150141807","gridNum":"65","gridNumber":31,"gridType":"1","inco":"1103150141807","obxCode":""}],"orderCode":"PP202600000011","orderQty":1937}(163字节)
2026-08-13 10:38:36.811 [0x000060f0] INFO  WAVE_ITEM - 	[原始报文] http://hzmx.nat100.top/api/DispatchSortingCommand/InsertWaveInfo body={"items":[{"epcn":"1103150160402","gridNum":"65","gridNumber":10,"gridType":"1","inco":"1103150160402","obxCode":""}],"orderCode":"PP202600000011","orderQty":1937}(163字节)
2026-08-13 10:38:36.811 [0x000060f0] INFO  WAVE_ITEM - 	[原始报文] http://hzmx.nat100.top/api/DispatchSortingCommand/InsertWaveInfo body={"items":[{"epcn":"1103150160403","gridNum":"65","gridNumber":20,"gridType":"1","inco":"1103150160403","obxCode":""}],"orderCode":"PP202600000011","orderQty":1937}(163字节)
2026-08-13 10:38:36.811 [0x000060f0] INFO  WAVE_ITEM - 	[原始报文] http://hzmx.nat100.top/api/DispatchSortingCommand/InsertWaveInfo body={"items":[{"epcn":"1103150160404","gridNum":"65","gridNumber":1,"gridType":"1","inco":"1103150160404","obxCode":""}],"orderCode":"PP202600000011","orderQty":1937}(162字节)
2026-08-13 10:38:36.811 [0x000060f0] INFO  WAVE_ITEM - 	[原始报文] http://hzmx.nat100.top/api/DispatchSortingCommand/InsertWaveInfo body={"items":[{"epcn":"1103150160405","gridNum":"65","gridNumber":20,"gridType":"1","inco":"1103150160405","obxCode":""}],"orderCode":"PP202600000011","orderQty":1937}(163字节)
2026-08-13 10:38:36.811 [0x000060f0] INFO  WAVE_ITEM - 	[原始报文] http://hzmx.nat100.top/api/DispatchSortingCommand/InsertWaveInfo body={"items":[{"epcn":"1103150160406","gridNum":"65","gridNumber":10,"gridType":"1","inco":"1103150160406","obxCode":""}],"orderCode":"PP202600000011","orderQty":1937}(163字节)
2026-08-13 10:38:36.811 [0x000060f0] INFO  WAVE_ITEM - 	[原始报文] http://hzmx.nat100.top/api/DispatchSortingCommand/InsertWaveInfo body={"items":[{"epcn":"1103150160407","gridNum":"65","gridNumber":30,"gridType":"1","inco":"1103150160407","obxCode":""}],"orderCode":"PP202600000011","orderQty":1937}(163字节)
2026-08-13 10:38:36.812 [0x000060f0] INFO  WAVE_ITEM - 	[原始报文] http://hzmx.nat100.top/api/DispatchSortingCommand/InsertWaveInfo body={"items":[{"epcn":"1103150180602","gridNum":"65","gridNumber":1,"gridType":"1","inco":"1103150180602","obxCode":""}],"orderCode":"PP202600000011","orderQty":1937}(162字节)
2026-08-13 10:38:36.812 [0x000060f0] INFO  WAVE_ITEM - 	[原始报文] http://hzmx.nat100.top/api/DispatchSortingCommand/InsertWaveInfo body={"items":[{"epcn":"1103150180603","gridNum":"65","gridNumber":1,"gridType":"1","inco":"1103150180603","obxCode":""}],"orderCode":"PP202600000011","orderQty":1937}(162字节)
2026-08-13 10:38:36.812 [0x000060f0] INFO  WAVE_ITEM - 	[原始报文] http://hzmx.nat100.top/api/DispatchSortingCommand/InsertWaveInfo body={"items":[{"epcn":"1103150180604","gridNum":"65","gridNumber":1,"gridType":"1","inco":"1103150180604","obxCode":""}],"orderCode":"PP202600000011","orderQty":1937}(162字节)
2026-08-13 10:38:36.812 [0x000060f0] INFO  WAVE_ITEM - 	[原始报文] http://hzmx.nat100.top/api/DispatchSortingCommand/InsertWaveInfo body={"items":[{"epcn":"1103150180605","gridNum":"65","gridNumber":1,"gridType":"1","inco":"1103150180605","obxCode":""}],"orderCode":"PP202600000011","orderQty":1937}(162字节)
2026-08-13 10:38:36.812 [0x000060f0] INFO  WAVE_ITEM - 	[原始报文] http://hzmx.nat100.top/api/DispatchSortingCommand/InsertWaveInfo body={"items":[{"epcn":"1103150180606","gridNum":"65","gridNumber":20,"gridType":"1","inco":"1103150180606","obxCode":""}],"orderCode":"PP202600000011","orderQty":1937}(163字节)
2026-08-13 10:38:36.812 [0x000060f0] INFO  WAVE_ITEM - 	[原始报文] http://hzmx.nat100.top/api/DispatchSortingCommand/InsertWaveInfo body={"items":[{"epcn":"1103150180607","gridNum":"65","gridNumber":10,"gridType":"1","inco":"1103150180607","obxCode":""}],"orderCode":"PP202600000011","orderQty":1937}(163字节)
2026-08-13 10:38:36.812 [0x000060f0] INFO  WAVE_ITEM - 	[原始报文] http://hzmx.nat100.top/api/DispatchSortingCommand/InsertWaveInfo body={"items":[{"epcn":"1109140330396","gridNum":"65","gridNumber":3,"gridType":"1","inco":"1109140330396","obxCode":""}],"orderCode":"PP202600000011","orderQty":1937}(162字节)
2026-08-13 10:38:36.812 [0x000060f0] INFO  WAVE_ITEM - 	[原始报文] http://hzmx.nat100.top/api/DispatchSortingCommand/InsertWaveInfo body={"items":[{"epcn":"1112141160405","gridNum":"65","gridNumber":1,"gridType":"1","inco":"1112141160405","obxCode":""}],"orderCode":"PP202600000011","orderQty":1937}(162字节)
2026-08-13 10:38:36.812 [0x000060f0] INFO  WAVE_ITEM - 	[原始报文] http://hzmx.nat100.top/api/DispatchSortingCommand/InsertWaveInfo body={"items":[{"epcn":"1112381171102","gridNum":"65","gridNumber":1,"gridType":"1","inco":"1112381171102","obxCode":""}],"orderCode":"PP202600000011","orderQty":1937}(162字节)
2026-08-13 10:38:36.812 [0x000060f0] INFO  WAVE_ITEM - 	[原始报文] http://hzmx.nat100.top/api/DispatchSortingCommand/InsertWaveInfo body={"items":[{"epcn":"1119010789404","gridNum":"65","gridNumber":2,"gridType":"1","inco":"1119010789404","obxCode":""}],"orderCode":"PP202600000011","orderQty":1937}(162字节)
2026-08-13 10:38:36.812 [0x000060f0] INFO  WAVE_ITEM - 	[原始报文] http://hzmx.nat100.top/api/DispatchSortingCommand/InsertWaveInfo body={"items":[{"epcn":"1119140720573","gridNum":"65","gridNumber":1,"gridType":"1","inco":"1119140720573","obxCode":""}],"orderCode":"PP202600000011","orderQty":1937}(162字节)
2026-08-13 10:38:36.812 [0x000060f0] INFO  WAVE_ITEM - 	[原始报文] http://hzmx.nat100.top/api/DispatchSortingCommand/InsertWaveInfo body={"items":[{"epcn":"1119140770369","gridNum":"65","gridNumber":1,"gridType":"1","inco":"1119140770369","obxCode":""}],"orderCode":"PP202600000011","orderQty":1937}(162字节)
2026-08-13 10:38:36.812 [0x000060f0] INFO  WAVE_ITEM - 	[原始报文] http://hzmx.nat100.top/api/DispatchSortingCommand/InsertWaveInfo body={"items":[{"epcn":"1119140772273","gridNum":"65","gridNumber":2,"gridType":"1","inco":"1119140772273","obxCode":""}],"orderCode":"PP202600000011","orderQty":1937}(162字节)
2026-08-13 10:38:36.812 [0x000060f0] INFO  WAVE_ITEM - 	[原始报文] http://hzmx.nat100.top/api/DispatchSortingCommand/InsertWaveInfo body={"items":[{"epcn":"1119140772277","gridNum":"65","gridNumber":6,"gridType":"1","inco":"1119140772277","obxCode":""}],"orderCode":"PP202600000011","orderQty":1937}(162字节)
2026-08-13 10:38:36.812 [0x000060f0] INFO  WAVE_ITEM - 	[原始报文] http://hzmx.nat100.top/api/DispatchSortingCommand/InsertWaveInfo body={"items":[{"epcn":"1121190324441","gridNum":"65","gridNumber":5,"gridType":"1","inco":"1121190324441","obxCode":""}],"orderCode":"PP202600000011","orderQty":1937}(162字节)
2026-08-13 10:38:36.813 [0x000060f0] INFO  WAVE_ITEM - 	[原始报文] http://hzmx.nat100.top/api/DispatchSortingCommand/InsertWaveInfo body={"items":[{"epcn":"1122200141839","gridNum":"65","gridNumber":1,"gridType":"1","inco":"1122200141839","obxCode":""}],"orderCode":"PP202600000011","orderQty":1937}(162字节)
2026-08-13 10:38:36.813 [0x000060f0] INFO  WAVE_ITEM - 	[原始报文] http://hzmx.nat100.top/api/DispatchSortingCommand/InsertWaveInfo body={"items":[{"epcn":"1123060141806","gridNum":"65","gridNumber":4,"gridType":"1","inco":"1123060141806","obxCode":""}],"orderCode":"PP202600000011","orderQty":1937}(162字节)
2026-08-13 10:38:36.813 [0x000060f0] INFO  WAVE_ITEM - 	[原始报文] http://hzmx.nat100.top/api/DispatchSortingCommand/InsertWaveInfo body={"items":[{"epcn":"1131510120504","gridNum":"65","gridNumber":3,"gridType":"1","inco":"1131510120504","obxCode":""}],"orderCode":"PP202600000011","orderQty":1937}(162字节)
2026-08-13 10:38:36.813 [0x000060f0] INFO  WAVE_ITEM - 	[原始报文] http://hzmx.nat100.top/api/DispatchSortingCommand/InsertWaveInfo body={"items":[{"epcn":"1132140524702","gridNum":"65","gridNumber":4,"gridType":"1","inco":"1132140524702","obxCode":""}],"orderCode":"PP202600000011","orderQty":1937}(162字节)
2026-08-13 10:38:36.813 [0x000060f0] INFO  WAVE_ITEM - 	[原始报文] http://hzmx.nat100.top/api/DispatchSortingCommand/InsertWaveInfo body={"items":[{"epcn":"1132140524703","gridNum":"65","gridNumber":4,"gridType":"1","inco":"1132140524703","obxCode":""}],"orderCode":"PP202600000011","orderQty":1937}(162字节)
2026-08-13 10:38:36.813 [0x000060f0] INFO  WAVE_ITEM - 	[原始报文] http://hzmx.nat100.top/api/DispatchSortingCommand/InsertWaveInfo body={"items":[{"epcn":"1132140524704","gridNum":"65","gridNumber":4,"gridType":"1","inco":"1132140524704","obxCode":""}],"orderCode":"PP202600000011","orderQty":1937}(162字节)
2026-08-13 10:38:36.813 [0x000060f0] INFO  WAVE_ITEM - 	[原始报文] http://hzmx.nat100.top/api/DispatchSortingCommand/InsertWaveInfo body={"items":[{"epcn":"1132140524705","gridNum":"65","gridNumber":4,"gridType":"1","inco":"1132140524705","obxCode":""}],"orderCode":"PP202600000011","orderQty":1937}(162字节)
2026-08-13 10:38:36.813 [0x000060f0] INFO  WAVE_ITEM - 	[原始报文] http://hzmx.nat100.top/api/DispatchSortingCommand/InsertWaveInfo body={"items":[{"epcn":"1132140570304","gridNum":"65","gridNumber":4,"gridType":"1","inco":"1132140570304","obxCode":""}],"orderCode":"PP202600000011","orderQty":1937}(162字节)
2026-08-13 10:38:36.813 [0x000060f0] INFO  WAVE_ITEM - 	[原始报文] http://hzmx.nat100.top/api/DispatchSortingCommand/InsertWaveInfo body={"items":[{"epcn":"1134010514604","gridNum":"65","gridNumber":4,"gridType":"1","inco":"1134010514604","obxCode":""}],"orderCode":"PP202600000011","orderQty":1937}(162字节)
2026-08-13 10:38:36.813 [0x000060f0] INFO  WAVE_ITEM - 	[原始报文] http://hzmx.nat100.top/api/DispatchSortingCommand/InsertWaveInfo body={"items":[{"epcn":"1134010560402","gridNum":"65","gridNumber":1,"gridType":"1","inco":"1134010560402","obxCode":""}],"orderCode":"PP202600000011","orderQty":1937}(162字节)
2026-08-13 10:38:36.813 [0x000060f0] INFO  WAVE_ITEM - 	[原始报文] http://hzmx.nat100.top/api/DispatchSortingCommand/InsertWaveInfo body={"items":[{"epcn":"1141190972442","gridNum":"65","gridNumber":1,"gridType":"1","inco":"1141190972442","obxCode":""}],"orderCode":"PP202600000011","orderQty":1937}(162字节)
2026-08-13 10:38:36.813 [0x000060f0] INFO  WAVE_ITEM - 	[原始报文] http://hzmx.nat100.top/api/DispatchSortingCommand/InsertWaveInfo body={"items":[{"epcn":"1142150761805","gridNum":"65","gridNumber":1,"gridType":"1","inco":"1142150761805","obxCode":""}],"orderCode":"PP202600000011","orderQty":1937}(162字节)
2026-08-13 10:38:36.813 [0x000060f0] INFO  WAVE_ITEM - 	[原始报文] http://hzmx.nat100.top/api/DispatchSortingCommand/InsertWaveInfo body={"items":[{"epcn":"11430100127602","gridNum":"65","gridNumber":4,"gridType":"1","inco":"11430100127602","obxCode":""}],"orderCode":"PP202600000011","orderQty":1937}(164字节)
2026-08-13 10:38:36.813 [0x000060f0] INFO  WAVE_ITEM - 	[原始报文] http://hzmx.nat100.top/api/DispatchSortingCommand/InsertWaveInfo body={"items":[{"epcn":"11430100127603","gridNum":"65","gridNumber":1,"gridType":"1","inco":"11430100127603","obxCode":""}],"orderCode":"PP202600000011","orderQty":1937}(164字节)
2026-08-13 10:38:36.813 [0x000060f0] INFO  WAVE_ITEM - 	[原始报文] http://hzmx.nat100.top/api/DispatchSortingCommand/InsertWaveInfo body={"items":[{"epcn":"11430100127604","gridNum":"65","gridNumber":1,"gridType":"1","inco":"11430100127604","obxCode":""}],"orderCode":"PP202600000011","orderQty":1937}(164字节)
2026-08-13 10:38:36.813 [0x000060f0] INFO  WAVE_ITEM - 	[原始报文] http://hzmx.nat100.top/api/DispatchSortingCommand/InsertWaveInfo body={"items":[{"epcn":"11430614134002","gridNum":"65","gridNumber":1,"gridType":"1","inco":"11430614134002","obxCode":""}],"orderCode":"PP202600000011","orderQty":1937}(164字节)
2026-08-13 10:38:36.813 [0x000060f0] INFO  WAVE_ITEM - 	[原始报文] http://hzmx.nat100.top/api/DispatchSortingCommand/InsertWaveInfo body={"items":[{"epcn":"11430614134003","gridNum":"65","gridNumber":1,"gridType":"1","inco":"11430614134003","obxCode":""}],"orderCode":"PP202600000011","orderQty":1937}(164字节)
2026-08-13 10:38:36.813 [0x000060f0] INFO  WAVE_ITEM - 	[原始报文] http://hzmx.nat100.top/api/DispatchSortingCommand/InsertWaveInfo body={"items":[{"epcn":"11430614134004","gridNum":"65","gridNumber":1,"gridType":"1","inco":"11430614134004","obxCode":""}],"orderCode":"PP202600000011","orderQty":1937}(164字节)
2026-08-13 10:38:36.813 [0x000060f0] INFO  WAVE_ITEM - 	[原始报文] http://hzmx.nat100.top/api/DispatchSortingCommand/InsertWaveInfo body={"items":[{"epcn":"11430614134005","gridNum":"65","gridNumber":1,"gridType":"1","inco":"11430614134005","obxCode":""}],"orderCode":"PP202600000011","orderQty":1937}(164字节)
2026-08-13 10:38:36.813 [0x000060f0] INFO  WAVE_ITEM - 	[原始报文] http://hzmx.nat100.top/api/DispatchSortingCommand/InsertWaveInfo body={"items":[{"epcn":"11430614134006","gridNum":"65","gridNumber":1,"gridType":"1","inco":"11430614134006","obxCode":""}],"orderCode":"PP202600000011","orderQty":1937}(164字节)
2026-08-13 10:38:36.813 [0x000060f0] INFO  WAVE_ITEM - 	[原始报文] http://hzmx.nat100.top/api/DispatchSortingCommand/InsertWaveInfo body={"items":[{"epcn":"11430614161802","gridNum":"65","gridNumber":1,"gridType":"1","inco":"11430614161802","obxCode":""}],"orderCode":"PP202600000011","orderQty":1937}(164字节)
2026-08-13 10:38:36.814 [0x000060f0] INFO  WAVE_ITEM - 	[原始报文] http://hzmx.nat100.top/api/DispatchSortingCommand/InsertWaveInfo body={"items":[{"epcn":"11430614161803","gridNum":"65","gridNumber":2,"gridType":"1","inco":"11430614161803","obxCode":""}],"orderCode":"PP202600000011","orderQty":1937}(164字节)
2026-08-13 10:38:36.814 [0x000060f0] INFO  WAVE_ITEM - 	[原始报文] http://hzmx.nat100.top/api/DispatchSortingCommand/InsertWaveInfo body={"items":[{"epcn":"11430614161804","gridNum":"65","gridNumber":2,"gridType":"1","inco":"11430614161804","obxCode":""}],"orderCode":"PP202600000011","orderQty":1937}(164字节)
2026-08-13 10:38:36.814 [0x000060f0] INFO  WAVE_ITEM - 	[原始报文] http://hzmx.nat100.top/api/DispatchSortingCommand/InsertWaveInfo body={"items":[{"epcn":"11430614161805","gridNum":"65","gridNumber":2,"gridType":"1","inco":"11430614161805","obxCode":""}],"orderCode":"PP202600000011","orderQty":1937}(164字节)
2026-08-13 10:38:36.814 [0x000060f0] INFO  WAVE_ITEM - 	[原始报文] http://hzmx.nat100.top/api/DispatchSortingCommand/InsertWaveInfo body={"items":[{"epcn":"11430614161806","gridNum":"65","gridNumber":2,"gridType":"1","inco":"11430614161806","obxCode":""}],"orderCode":"PP202600000011","orderQty":1937}(164字节)
2026-08-13 10:38:36.814 [0x000060f0] INFO  WAVE_ITEM - 	[原始报文] http://hzmx.nat100.top/api/DispatchSortingCommand/InsertWaveInfo body={"items":[{"epcn":"11430614172803","gridNum":"65","gridNumber":2,"gridType":"1","inco":"11430614172803","obxCode":""}],"orderCode":"PP202600000011","orderQty":1937}(164字节)
2026-08-13 10:38:36.814 [0x000060f0] INFO  WAVE_ITEM - 	[原始报文] http://hzmx.nat100.top/api/DispatchSortingCommand/InsertWaveInfo body={"items":[{"epcn":"11430614172804","gridNum":"65","gridNumber":2,"gridType":"1","inco":"11430614172804","obxCode":""}],"orderCode":"PP202600000011","orderQty":1937}(164字节)
2026-08-13 10:38:36.814 [0x000060f0] INFO  WAVE_ITEM - 	[原始报文] http://hzmx.nat100.top/api/DispatchSortingCommand/InsertWaveInfo body={"items":[{"epcn":"11430614172805","gridNum":"65","gridNumber":2,"gridType":"1","inco":"11430614172805","obxCode":""}],"orderCode":"PP202600000011","orderQty":1937}(164字节)
2026-08-13 10:38:36.814 [0x000060f0] INFO  WAVE_ITEM - 	[原始报文] http://hzmx.nat100.top/api/DispatchSortingCommand/InsertWaveInfo body={"items":[{"epcn":"11430614172806","gridNum":"65","gridNumber":2,"gridType":"1","inco":"11430614172806","obxCode":""}],"orderCode":"PP202600000011","orderQty":1937}(164字节)
2026-08-13 10:38:36.814 [0x000060f0] INFO  WAVE_ITEM - 	[原始报文] http://hzmx.nat100.top/api/DispatchSortingCommand/InsertWaveInfo body={"items":[{"epcn":"11440934161802","gridNum":"65","gridNumber":3,"gridType":"1","inco":"11440934161802","obxCode":""}],"orderCode":"PP202600000011","orderQty":1937}(164字节)
2026-08-13 10:38:36.814 [0x000060f0] INFO  WAVE_ITEM - 	[原始报文] http://hzmx.nat100.top/api/DispatchSortingCommand/InsertWaveInfo body={"items":[{"epcn":"11440934161803","gridNum":"65","gridNumber":2,"gridType":"1","inco":"11440934161803","obxCode":""}],"orderCode":"PP202600000011","orderQty":1937}(164字节)
2026-08-13 10:38:36.814 [0x000060f0] INFO  WAVE_ITEM - 	[原始报文] http://hzmx.nat100.top/api/DispatchSortingCommand/InsertWaveInfo body={"items":[{"epcn":"11440934161804","gridNum":"65","gridNumber":6,"gridType":"1","inco":"11440934161804","obxCode":""}],"orderCode":"PP202600000011","orderQty":1937}(164字节)
2026-08-13 10:38:36.815 [0x000060f0] INFO  WAVE_ITEM - 	[原始报文] http://hzmx.nat100.top/api/DispatchSortingCommand/InsertWaveInfo body={"items":[{"epcn":"115119025201543","gridNum":"65","gridNumber":5,"gridType":"1","inco":"115119025201543","obxCode":""}],"orderCode":"PP202600000011","orderQty":1937}(166字节)
2026-08-13 10:38:36.815 [0x000060f0] INFO  WAVE_ITEM - 	[原始报文] http://hzmx.nat100.top/api/DispatchSortingCommand/InsertWaveInfo body={"items":[{"epcn":"115119035600442","gridNum":"65","gridNumber":1,"gridType":"1","inco":"115119035600442","obxCode":""}],"orderCode":"PP202600000011","orderQty":1937}(166字节)
2026-08-13 10:38:36.815 [0x000060f0] INFO  WAVE_ITEM - 	[原始报文] http://hzmx.nat100.top/api/DispatchSortingCommand/InsertWaveInfo body={"items":[{"epcn":"115119035600443","gridNum":"65","gridNumber":1,"gridType":"1","inco":"115119035600443","obxCode":""}],"orderCode":"PP202600000011","orderQty":1937}(166字节)
2026-08-13 10:38:36.815 [0x000060f0] INFO  WAVE_ITEM - 	[原始报文] http://hzmx.nat100.top/api/DispatchSortingCommand/InsertWaveInfo body={"items":[{"epcn":"116302028200902","gridNum":"65","gridNumber":3,"gridType":"1","inco":"116302028200902","obxCode":""}],"orderCode":"PP202600000011","orderQty":1937}(166字节)
2026-08-13 10:38:36.815 [0x000060f0] INFO  WAVE_ITEM - 	[原始报文] http://hzmx.nat100.top/api/DispatchSortingCommand/InsertWaveInfo body={"items":[{"epcn":"116302028200903","gridNum":"65","gridNumber":5,"gridType":"1","inco":"116302028200903","obxCode":""}],"orderCode":"PP202600000011","orderQty":1937}(166字节)
2026-08-13 10:38:36.815 [0x000060f0] INFO  WAVE_ITEM - 	[原始报文] http://hzmx.nat100.top/api/DispatchSortingCommand/InsertWaveInfo body={"items":[{"epcn":"116302028200904","gridNum":"65","gridNumber":2,"gridType":"1","inco":"116302028200904","obxCode":""}],"orderCode":"PP202600000011","orderQty":1937}(166字节)
2026-08-13 10:38:36.815 [0x000060f0] INFO  WAVE_ITEM - 	[原始报文] http://hzmx.nat100.top/api/DispatchSortingCommand/InsertWaveInfo body={"items":[{"epcn":"116302028200905","gridNum":"65","gridNumber":2,"gridType":"1","inco":"116302028200905","obxCode":""}],"orderCode":"PP202600000011","orderQty":1937}(166字节)
2026-08-13 10:38:36.815 [0x000060f0] INFO  WAVE_ITEM - 	[原始报文] http://hzmx.nat100.top/api/DispatchSortingCommand/InsertWaveInfo body={"items":[{"epcn":"116302028200906","gridNum":"65","gridNumber":2,"gridType":"1","inco":"116302028200906","obxCode":""}],"orderCode":"PP202600000011","orderQty":1937}(166字节)
2026-08-13 10:38:36.815 [0x000060f0] INFO  WAVE_ITEM - 	[原始报文] http://hzmx.nat100.top/api/DispatchSortingCommand/InsertWaveInfo body={"items":[{"epcn":"116302028203402","gridNum":"65","gridNumber":4,"gridType":"1","inco":"116302028203402","obxCode":""}],"orderCode":"PP202600000011","orderQty":1937}(166字节)
2026-08-13 10:38:36.815 [0x000060f0] INFO  WAVE_ITEM - 	[原始报文] http://hzmx.nat100.top/api/DispatchSortingCommand/InsertWaveInfo body={"items":[{"epcn":"116302028203403","gridNum":"65","gridNumber":1,"gridType":"1","inco":"116302028203403","obxCode":""}],"orderCode":"PP202600000011","orderQty":1937}(166字节)
2026-08-13 10:38:36.815 [0x000060f0] INFO  WAVE_ITEM - 	[原始报文] http://hzmx.nat100.top/api/DispatchSortingCommand/InsertWaveInfo body={"items":[{"epcn":"116302028203404","gridNum":"65","gridNumber":3,"gridType":"1","inco":"116302028203404","obxCode":""}],"orderCode":"PP202600000011","orderQty":1937}(166字节)
2026-08-13 10:38:36.816 [0x000060f0] INFO  WAVE_ITEM - 	[原始报文] http://hzmx.nat100.top/api/DispatchSortingCommand/InsertWaveInfo body={"items":[{"epcn":"116302028203405","gridNum":"65","gridNumber":3,"gridType":"1","inco":"116302028203405","obxCode":""}],"orderCode":"PP202600000011","orderQty":1937}(166字节)
2026-08-13 10:38:36.816 [0x000060f0] INFO  WAVE_ITEM - 	[原始报文] http://hzmx.nat100.top/api/DispatchSortingCommand/InsertWaveInfo body={"items":[{"epcn":"116302028703002","gridNum":"65","gridNumber":1,"gridType":"1","inco":"116302028703002","obxCode":""}],"orderCode":"PP202600000011","orderQty":1937}(166字节)
2026-08-13 10:38:36.816 [0x000060f0] INFO  WAVE_ITEM - 	[原始报文] http://hzmx.nat100.top/api/DispatchSortingCommand/InsertWaveInfo body={"items":[{"epcn":"116302028703003","gridNum":"65","gridNumber":1,"gridType":"1","inco":"116302028703003","obxCode":""}],"orderCode":"PP202600000011","orderQty":1937}(166字节)
2026-08-13 10:38:36.816 [0x000060f0] INFO  WAVE_ITEM - 	[原始报文] http://hzmx.nat100.top/api/DispatchSortingCommand/InsertWaveInfo body={"items":[{"epcn":"116302028703004","gridNum":"65","gridNumber":1,"gridType":"1","inco":"116302028703004","obxCode":""}],"orderCode":"PP202600000011","orderQty":1937}(166字节)
2026-08-13 10:38:36.816 [0x000060f0] INFO  WAVE_ITEM - 	[原始报文] http://hzmx.nat100.top/api/DispatchSortingCommand/InsertWaveInfo body={"items":[{"epcn":"116302028703005","gridNum":"65","gridNumber":3,"gridType":"1","inco":"116302028703005","obxCode":""}],"orderCode":"PP202600000011","orderQty":1937}(166字节)
2026-08-13 10:38:36.816 [0x000060f0] INFO  WAVE_ITEM - 	[原始报文] http://hzmx.nat100.top/api/DispatchSortingCommand/InsertWaveInfo body={"items":[{"epcn":"116302028703006","gridNum":"65","gridNumber":3,"gridType":"1","inco":"116302028703006","obxCode":""}],"orderCode":"PP202600000011","orderQty":1937}(166字节)
2026-08-13 10:38:36.816 [0x000060f0] INFO  WAVE_ITEM - 	[原始报文] http://hzmx.nat100.top/api/DispatchSortingCommand/InsertWaveInfo body={"items":[{"epcn":"1172140960105","gridNum":"65","gridNumber":20,"gridType":"1","inco":"1172140960105","obxCode":""}],"orderCode":"PP202600000011","orderQty":1937}(163字节)
2026-08-13 10:38:36.816 [0x000060f0] INFO  WAVE_ITEM - 	[原始报文] http://hzmx.nat100.top/api/DispatchSortingCommand/InsertWaveInfo body={"items":[{"epcn":"1172151770405","gridNum":"65","gridNumber":4,"gridType":"1","inco":"1172151770405","obxCode":""}],"orderCode":"PP202600000011","orderQty":1937}(162字节)
2026-08-13 10:38:36.816 [0x000060f0] INFO  WAVE_ITEM - 	[原始报文] http://hzmx.nat100.top/api/DispatchSortingCommand/InsertWaveInfo body={"items":[{"epcn":"1174011520503","gridNum":"65","gridNumber":3,"gridType":"1","inco":"1174011520503","obxCode":""}],"orderCode":"PP202600000011","orderQty":1937}(162字节)
2026-08-13 10:38:36.817 [0x000060f0] INFO  WAVE_ITEM - 	[原始报文] http://hzmx.nat100.top/api/DispatchSortingCommand/InsertWaveInfo body={"items":[{"epcn":"1181370560403","gridNum":"65","gridNumber":4,"gridType":"1","inco":"1181370560403","obxCode":""}],"orderCode":"PP202600000011","orderQty":1937}(162字节)
2026-08-13 10:38:36.817 [0x000060f0] INFO  WAVE_ITEM - 	[原始报文] http://hzmx.nat100.top/api/DispatchSortingCommand/InsertWaveInfo body={"items":[{"epcn":"1181370580603","gridNum":"65","gridNumber":4,"gridType":"1","inco":"1181370580603","obxCode":""}],"orderCode":"PP202600000011","orderQty":1937}(162字节)
2026-08-13 10:38:36.817 [0x000060f0] INFO  WAVE_ITEM - 	[原始报文] http://hzmx.nat100.top/api/DispatchSortingCommand/InsertWaveInfo body={"items":[{"epcn":"1183100341804","gridNum":"65","gridNumber":20,"gridType":"1","inco":"1183100341804","obxCode":""}],"orderCode":"PP202600000011","orderQty":1937}(163字节)
2026-08-13 10:38:36.817 [0x000060f0] INFO  WAVE_ITEM - 	[原始报文] http://hzmx.nat100.top/api/DispatchSortingCommand/InsertWaveInfo body={"items":[{"epcn":"1183100341805","gridNum":"65","gridNumber":20,"gridType":"1","inco":"1183100341805","obxCode":""}],"orderCode":"PP202600000011","orderQty":1937}(163字节)
2026-08-13 10:38:36.817 [0x000060f0] INFO  WAVE_ITEM - 	[原始报文] http://hzmx.nat100.top/api/DispatchSortingCommand/InsertWaveInfo body={"items":[{"epcn":"1183100360404","gridNum":"65","gridNumber":40,"gridType":"1","inco":"1183100360404","obxCode":""}],"orderCode":"PP202600000011","orderQty":1937}(163字节)
2026-08-13 10:38:36.817 [0x000060f0] INFO  WAVE_ITEM - 	[原始报文] http://hzmx.nat100.top/api/DispatchSortingCommand/InsertWaveInfo body={"items":[{"epcn":"1183100360405","gridNum":"65","gridNumber":20,"gridType":"1","inco":"1183100360405","obxCode":""}],"orderCode":"PP202600000011","orderQty":1937}(163字节)
2026-08-13 10:38:36.817 [0x000060f0] INFO  WAVE_ITEM - 	[原始报文] http://hzmx.nat100.top/api/DispatchSortingCommand/InsertWaveInfo body={"items":[{"epcn":"1183100360406","gridNum":"65","gridNumber":20,"gridType":"1","inco":"1183100360406","obxCode":""}],"orderCode":"PP202600000011","orderQty":1937}(163字节)
2026-08-13 10:38:36.817 [0x000060f0] INFO  WAVE_ITEM - 	[原始报文] http://hzmx.nat100.top/api/DispatchSortingCommand/InsertWaveInfo body={"items":[{"epcn":"1183100380602","gridNum":"65","gridNumber":1,"gridType":"1","inco":"1183100380602","obxCode":""}],"orderCode":"PP202600000011","orderQty":1937}(162字节)
2026-08-13 10:38:36.817 [0x000060f0] INFO  WAVE_ITEM - 	[原始报文] http://hzmx.nat100.top/api/DispatchSortingCommand/InsertWaveInfo body={"items":[{"epcn":"1183100380603","gridNum":"65","gridNumber":3,"gridType":"1","inco":"1183100380603","obxCode":""}],"orderCode":"PP202600000011","orderQty":1937}(162字节)
2026-08-13 10:38:36.817 [0x000060f0] INFO  WAVE_ITEM - 	[原始报文] http://hzmx.nat100.top/api/DispatchSortingCommand/InsertWaveInfo body={"items":[{"epcn":"1183100380604","gridNum":"65","gridNumber":20,"gridType":"1","inco":"1183100380604","obxCode":""}],"orderCode":"PP202600000011","orderQty":1937}(163字节)
2026-08-13 10:38:36.817 [0x000060f0] INFO  WAVE_ITEM - 	[原始报文] http://hzmx.nat100.top/api/DispatchSortingCommand/InsertWaveInfo body={"items":[{"epcn":"1183100380605","gridNum":"65","gridNumber":40,"gridType":"1","inco":"1183100380605","obxCode":""}],"orderCode":"PP202600000011","orderQty":1937}(163字节)
2026-08-13 10:38:36.817 [0x000060f0] INFO  WAVE_ITEM - 	[原始报文] http://hzmx.nat100.top/api/DispatchSortingCommand/InsertWaveInfo body={"items":[{"epcn":"1183370971004","gridNum":"65","gridNumber":5,"gridType":"1","inco":"1183370971004","obxCode":""}],"orderCode":"PP202600000011","orderQty":1937}(162字节)
2026-08-13 10:38:36.817 [0x000060f0] INFO  WAVE_ITEM - 	[原始报文] http://hzmx.nat100.top/api/DispatchSortingCommand/InsertWaveInfo body={"items":[{"epcn":"1192141960404","gridNum":"65","gridNumber":1,"gridType":"1","inco":"1192141960404","obxCode":""}],"orderCode":"PP202600000011","orderQty":1937}(162字节)
2026-08-13 10:38:36.817 [0x000060f0] INFO  WAVE_ITEM - 	[原始报文] http://hzmx.nat100.top/api/DispatchSortingCommand/InsertWaveInfo body={"items":[{"epcn":"1199060760103","gridNum":"65","gridNumber":1,"gridType":"1","inco":"1199060760103","obxCode":""}],"orderCode":"PP202600000011","orderQty":1937}(162字节)
2026-08-13 10:38:36.819 [0x000060f0] INFO  WAVE_ITEM - 	[原始报文] http://hzmx.nat100.top/api/DispatchSortingCommand/InsertWaveInfo body={"items":[{"epcn":"1203102641805","gridNum":"65","gridNumber":1,"gridType":"1","inco":"1203102641805","obxCode":""}],"orderCode":"PP202600000011","orderQty":1937}(162字节)
2026-08-13 10:38:36.819 [0x000060f0] INFO  WAVE_ITEM - 	[原始报文] http://hzmx.nat100.top/api/DispatchSortingCommand/InsertWaveInfo body={"items":[{"epcn":"1203102680406","gridNum":"65","gridNumber":1,"gridType":"1","inco":"1203102680406","obxCode":""}],"orderCode":"PP202600000011","orderQty":1937}(162字节)
2026-08-13 10:38:36.819 [0x000060f0] INFO  WAVE_ITEM - 	[原始报文] http://hzmx.nat100.top/api/DispatchSortingCommand/InsertWaveInfo body={"items":[{"epcn":"1204081080402","gridNum":"65","gridNumber":3,"gridType":"1","inco":"1204081080402","obxCode":""}],"orderCode":"PP202600000011","orderQty":1937}(162字节)
2026-08-13 10:38:36.819 [0x000060f0] INFO  WAVE_ITEM - 	[原始报文] http://hzmx.nat100.top/api/DispatchSortingCommand/InsertWaveInfo body={"items":[{"epcn":"1204081830302","gridNum":"65","gridNumber":1,"gridType":"1","inco":"1204081830302","obxCode":""}],"orderCode":"PP202600000011","orderQty":1937}(162字节)
2026-08-13 10:38:36.819 [0x000060f0] INFO  WAVE_ITEM - 	[原始报文] http://hzmx.nat100.top/api/DispatchSortingCommand/InsertWaveInfo body={"items":[{"epcn":"1212141260402","gridNum":"65","gridNumber":1,"gridType":"1","inco":"1212141260402","obxCode":""}],"orderCode":"PP202600000011","orderQty":1937}(162字节)
2026-08-13 10:38:36.819 [0x000060f0] INFO  WAVE_ITEM - 	[原始报文] http://hzmx.nat100.top/api/DispatchSortingCommand/InsertWaveInfo body={"items":[{"epcn":"1212141260403","gridNum":"65","gridNumber":1,"gridType":"1","inco":"1212141260403","obxCode":""}],"orderCode":"PP202600000011","orderQty":1937}(162字节)
2026-08-13 10:38:36.819 [0x000060f0] INFO  WAVE_ITEM - 	[原始报文] http://hzmx.nat100.top/api/DispatchSortingCommand/InsertWaveInfo body={"items":[{"epcn":"1212150242505","gridNum":"65","gridNumber":1,"gridType":"1","inco":"1212150242505","obxCode":""}],"orderCode":"PP202600000011","orderQty":1937}(162字节)
2026-08-13 10:38:36.819 [0x000060f0] INFO  WAVE_ITEM - 	[原始报文] http://hzmx.nat100.top/api/DispatchSortingCommand/InsertWaveInfo body={"items":[{"epcn":"1212150280605","gridNum":"65","gridNumber":2,"gridType":"1","inco":"1212150280605","obxCode":""}],"orderCode":"PP202600000011","orderQty":1937}(162字节)
2026-08-13 10:38:36.819 [0x000060f0] INFO  WAVE_ITEM - 	[原始报文] http://hzmx.nat100.top/api/DispatchSortingCommand/InsertWaveInfo body={"items":[{"epcn":"1212150612402","gridNum":"65","gridNumber":6,"gridType":"1","inco":"1212150612402","obxCode":""}],"orderCode":"PP202600000011","orderQty":1937}(162字节)
2026-08-13 10:38:36.819 [0x000060f0] INFO  WAVE_ITEM - 	[原始报文] http://hzmx.nat100.top/api/DispatchSortingCommand/InsertWaveInfo body={"items":[{"epcn":"1212150612403","gridNum":"65","gridNumber":5,"gridType":"1","inco":"1212150612403","obxCode":""}],"orderCode":"PP202600000011","orderQty":1937}(162字节)
2026-08-13 10:38:36.819 [0x000060f0] INFO  WAVE_ITEM - 	[原始报文] http://hzmx.nat100.top/api/DispatchSortingCommand/InsertWaveInfo body={"items":[{"epcn":"1212150612404","gridNum":"65","gridNumber":5,"gridType":"1","inco":"1212150612404","obxCode":""}],"orderCode":"PP202600000011","orderQty":1937}(162字节)
2026-08-13 10:38:36.819 [0x000060f0] INFO  WAVE_ITEM - 	[原始报文] http://hzmx.nat100.top/api/DispatchSortingCommand/InsertWaveInfo body={"items":[{"epcn":"1212150612405","gridNum":"65","gridNumber":5,"gridType":"1","inco":"1212150612405","obxCode":""}],"orderCode":"PP202600000011","orderQty":1937}(162字节)
2026-08-13 10:38:36.820 [0x000060f0] INFO  WAVE_ITEM - 	[原始报文] http://hzmx.nat100.top/api/DispatchSortingCommand/InsertWaveInfo body={"items":[{"epcn":"1212150660402","gridNum":"65","gridNumber":5,"gridType":"1","inco":"1212150660402","obxCode":""}],"orderCode":"PP202600000011","orderQty":1937}(162字节)
2026-08-13 10:38:36.820 [0x000060f0] INFO  WAVE_ITEM - 	[原始报文] http://hzmx.nat100.top/api/DispatchSortingCommand/InsertWaveInfo body={"items":[{"epcn":"1212150660403","gridNum":"65","gridNumber":5,"gridType":"1","inco":"1212150660403","obxCode":""}],"orderCode":"PP202600000011","orderQty":1937}(162字节)
2026-08-13 10:38:36.820 [0x000060f0] INFO  WAVE_ITEM - 	[原始报文] http://hzmx.nat100.top/api/DispatchSortingCommand/InsertWaveInfo body={"items":[{"epcn":"1212150660404","gridNum":"65","gridNumber":5,"gridType":"1","inco":"1212150660404","obxCode":""}],"orderCode":"PP202600000011","orderQty":1937}(162字节)
2026-08-13 10:38:36.820 [0x000060f0] INFO  WAVE_ITEM - 	[原始报文] http://hzmx.nat100.top/api/DispatchSortingCommand/InsertWaveInfo body={"items":[{"epcn":"1212150660405","gridNum":"65","gridNumber":6,"gridType":"1","inco":"1212150660405","obxCode":""}],"orderCode":"PP202600000011","orderQty":1937}(162字节)
2026-08-13 10:38:36.820 [0x000060f0] INFO  WAVE_ITEM - 	[原始报文] http://hzmx.nat100.top/api/DispatchSortingCommand/InsertWaveInfo body={"items":[{"epcn":"1212150660406","gridNum":"65","gridNumber":6,"gridType":"1","inco":"1212150660406","obxCode":""}],"orderCode":"PP202600000011","orderQty":1937}(162字节)
2026-08-13 10:38:36.820 [0x000060f0] INFO  WAVE_ITEM - 	[原始报文] http://hzmx.nat100.top/api/DispatchSortingCommand/InsertWaveInfo body={"items":[{"epcn":"1212150680602","gridNum":"65","gridNumber":6,"gridType":"1","inco":"1212150680602","obxCode":""}],"orderCode":"PP202600000011","orderQty":1937}(162字节)
2026-08-13 10:38:36.820 [0x000060f0] INFO  WAVE_ITEM - 	[原始报文] http://hzmx.nat100.top/api/DispatchSortingCommand/InsertWaveInfo body={"items":[{"epcn":"1212150680603","gridNum":"65","gridNumber":5,"gridType":"1","inco":"1212150680603","obxCode":""}],"orderCode":"PP202600000011","orderQty":1937}(162字节)
2026-08-13 10:38:36.820 [0x000060f0] INFO  WAVE_ITEM - 	[原始报文] http://hzmx.nat100.top/api/DispatchSortingCommand/InsertWaveInfo body={"items":[{"epcn":"1212150680605","gridNum":"65","gridNumber":6,"gridType":"1","inco":"1212150680605","obxCode":""}],"orderCode":"PP202600000011","orderQty":1937}(162字节)
2026-08-13 10:38:36.820 [0x000060f0] INFO  WAVE_ITEM - 	[原始报文] http://hzmx.nat100.top/api/DispatchSortingCommand/InsertWaveInfo body={"items":[{"epcn":"1212150680606","gridNum":"65","gridNumber":5,"gridType":"1","inco":"1212150680606","obxCode":""}],"orderCode":"PP202600000011","orderQty":1937}(162字节)
2026-08-13 10:38:36.820 [0x000060f0] INFO  WAVE_ITEM - 	[原始报文] http://hzmx.nat100.top/api/DispatchSortingCommand/InsertWaveInfo body={"items":[{"epcn":"1213100660404","gridNum":"65","gridNumber":4,"gridType":"1","inco":"1213100660404","obxCode":""}],"orderCode":"PP202600000011","orderQty":1937}(162字节)
2026-08-13 10:38:36.820 [0x000060f0] INFO  WAVE_ITEM - 	[原始报文] http://hzmx.nat100.top/api/DispatchSortingCommand/InsertWaveInfo body={"items":[{"epcn":"1213380241806","gridNum":"65","gridNumber":4,"gridType":"1","inco":"1213380241806","obxCode":""}],"orderCode":"PP202600000011","orderQty":1937}(162字节)
2026-08-13 10:38:36.820 [0x000060f0] INFO  WAVE_ITEM - 	[原始报文] http://hzmx.nat100.top/api/DispatchSortingCommand/InsertWaveInfo body={"items":[{"epcn":"1221371060403","gridNum":"65","gridNumber":4,"gridType":"1","inco":"1221371060403","obxCode":""}],"orderCode":"PP202600000011","orderQty":1937}(162字节)
2026-08-13 10:38:36.820 [0x000060f0] INFO  WAVE_ITEM - 	[原始报文] http://hzmx.nat100.top/api/DispatchSortingCommand/InsertWaveInfo body={"items":[{"epcn":"1221510860403","gridNum":"65","gridNumber":1,"gridType":"1","inco":"1221510860403","obxCode":""}],"orderCode":"PP202600000011","orderQty":1937}(162字节)
2026-08-13 10:38:36.820 [0x000060f0] INFO  WAVE_ITEM - 	[原始报文] http://hzmx.nat100.top/api/DispatchSortingCommand/InsertWaveInfo body={"items":[{"epcn":"1222154260404","gridNum":"65","gridNumber":3,"gridType":"1","inco":"1222154260404","obxCode":""}],"orderCode":"PP202600000011","orderQty":1937}(162字节)
2026-08-13 10:38:36.820 [0x000060f0] INFO  WAVE_ITEM - 	[原始报文] http://hzmx.nat100.top/api/DispatchSortingCommand/InsertWaveInfo body={"items":[{"epcn":"1223060280904","gridNum":"65","gridNumber":1,"gridType":"1","inco":"1223060280904","obxCode":""}],"orderCode":"PP202600000011","orderQty":1937}(162字节)
2026-08-13 10:38:36.820 [0x000060f0] INFO  WAVE_ITEM - 	[原始报文] http://hzmx.nat100.top/api/DispatchSortingCommand/InsertWaveInfo body={"items":[{"epcn":"1223061860903","gridNum":"65","gridNumber":4,"gridType":"1","inco":"1223061860903","obxCode":""}],"orderCode":"PP202600000011","orderQty":1937}(162字节)
2026-08-13 10:38:36.820 [0x000060f0] INFO  WAVE_ITEM - 	[原始报文] http://hzmx.nat100.top/api/DispatchSortingCommand/InsertWaveInfo body={"items":[{"epcn":"1224012880302","gridNum":"65","gridNumber":2,"gridType":"1","inco":"1224012880302","obxCode":""}],"orderCode":"PP202600000011","orderQty":1937}(162字节)
2026-08-13 10:38:36.820 [0x000060f0] INFO  WAVE_ITEM - 	[原始报文] http://hzmx.nat100.top/api/DispatchSortingCommand/InsertWaveInfo body={"items":[{"epcn":"1224012880307","gridNum":"65","gridNumber":1,"gridType":"1","inco":"1224012880307","obxCode":""}],"orderCode":"PP202600000011","orderQty":1937}(162字节)
2026-08-13 10:38:36.821 [0x000060f0] INFO  WAVE_ITEM - 	[原始报文] http://hzmx.nat100.top/api/DispatchSortingCommand/InsertWaveInfo body={"items":[{"epcn":"1232122271903","gridNum":"65","gridNumber":4,"gridType":"1","inco":"1232122271903","obxCode":""}],"orderCode":"PP202600000011","orderQty":1937}(162字节)
2026-08-13 10:38:36.821 [0x000060f0] INFO  WAVE_ITEM - 	[原始报文] http://hzmx.nat100.top/api/DispatchSortingCommand/InsertWaveInfo body={"items":[{"epcn":"1232122280604","gridNum":"65","gridNumber":1,"gridType":"1","inco":"1232122280604","obxCode":""}],"orderCode":"PP202600000011","orderQty":1937}(162字节)
2026-08-13 10:38:36.821 [0x000060f0] INFO  WAVE_ITEM - 	[原始报文] http://hzmx.nat100.top/api/DispatchSortingCommand/InsertWaveInfo body={"items":[{"epcn":"1232151641802","gridNum":"65","gridNumber":4,"gridType":"1","inco":"1232151641802","obxCode":""}],"orderCode":"PP202600000011","orderQty":1937}(162字节)
2026-08-13 10:38:36.821 [0x000060f0] INFO  WAVE_ITEM - 	[原始报文] http://hzmx.nat100.top/api/DispatchSortingCommand/InsertWaveInfo body={"items":[{"epcn":"1234010632206","gridNum":"65","gridNumber":4,"gridType":"1","inco":"1234010632206","obxCode":""}],"orderCode":"PP202600000011","orderQty":1937}(162字节)
2026-08-13 10:38:36.821 [0x000060f0] INFO  WAVE_ITEM - 	[原始报文] http://hzmx.nat100.top/api/DispatchSortingCommand/InsertWaveInfo body={"items":[{"epcn":"1234016452410","gridNum":"65","gridNumber":4,"gridType":"1","inco":"1234016452410","obxCode":""}],"orderCode":"PP202600000011","orderQty":1937}(162字节)
2026-08-13 10:38:36.821 [0x000060f0] INFO  WAVE_ITEM - 	[原始报文] http://hzmx.nat100.top/api/DispatchSortingCommand/InsertWaveInfo body={"items":[{"epcn":"12410104835701","gridNum":"65","gridNumber":4,"gridType":"1","inco":"12410104835701","obxCode":""}],"orderCode":"PP202600000011","orderQty":1937}(164字节)
2026-08-13 10:38:36.821 [0x000060f0] INFO  WAVE_ITEM - 	[原始报文] http://hzmx.nat100.top/api/DispatchSortingCommand/InsertWaveInfo body={"items":[{"epcn":"1242122052202","gridNum":"65","gridNumber":4,"gridType":"1","inco":"1242122052202","obxCode":""}],"orderCode":"PP202600000011","orderQty":1937}(162字节)
2026-08-13 10:38:36.821 [0x000060f0] INFO  WAVE_ITEM - 	[原始报文] http://hzmx.nat100.top/api/DispatchSortingCommand/InsertWaveInfo body={"items":[{"epcn":"1242151015104","gridNum":"65","gridNumber":3,"gridType":"1","inco":"1242151015104","obxCode":""}],"orderCode":"PP202600000011","orderQty":1937}(162字节)
2026-08-13 10:38:36.821 [0x000060f0] INFO  WAVE_ITEM - 	[原始报文] http://hzmx.nat100.top/api/DispatchSortingCommand/InsertWaveInfo body={"items":[{"epcn":"1242200260437","gridNum":"65","gridNumber":1,"gridType":"1","inco":"1242200260437","obxCode":""}],"orderCode":"PP202600000011","orderQty":1937}(162字节)
2026-08-13 10:38:36.821 [0x000060f0] INFO  WAVE_ITEM - 	[原始报文] http://hzmx.nat100.top/api/DispatchSortingCommand/InsertWaveInfo body={"items":[{"epcn":"12430614416502","gridNum":"65","gridNumber":2,"gridType":"1","inco":"12430614416502","obxCode":""}],"orderCode":"PP202600000011","orderQty":1937}(164字节)
2026-08-13 10:38:36.821 [0x000060f0] INFO  WAVE_ITEM - 	[原始报文] http://hzmx.nat100.top/api/DispatchSortingCommand/InsertWaveInfo body={"items":[{"epcn":"12430614416503","gridNum":"65","gridNumber":1,"gridType":"1","inco":"12430614416503","obxCode":""}],"orderCode":"PP202600000011","orderQty":1937}(164字节)
2026-08-13 10:38:36.821 [0x000060f0] INFO  WAVE_ITEM - 	[原始报文] http://hzmx.nat100.top/api/DispatchSortingCommand/InsertWaveInfo body={"items":[{"epcn":"12430614416505","gridNum":"65","gridNumber":1,"gridType":"1","inco":"12430614416505","obxCode":""}],"orderCode":"PP202600000011","orderQty":1937}(164字节)
2026-08-13 10:38:36.821 [0x000060f0] INFO  WAVE_ITEM - 	[原始报文] http://hzmx.nat100.top/api/DispatchSortingCommand/InsertWaveInfo body={"items":[{"epcn":"12430614416506","gridNum":"65","gridNumber":1,"gridType":"1","inco":"12430614416506","obxCode":""}],"orderCode":"PP202600000011","orderQty":1937}(164字节)
2026-08-13 10:38:36.821 [0x000060f0] INFO  WAVE_ITEM - 	[原始报文] http://hzmx.nat100.top/api/DispatchSortingCommand/InsertWaveInfo body={"items":[{"epcn":"12430614435802","gridNum":"65","gridNumber":1,"gridType":"1","inco":"12430614435802","obxCode":""}],"orderCode":"PP202600000011","orderQty":1937}(164字节)
2026-08-13 10:38:36.821 [0x000060f0] INFO  WAVE_ITEM - 	[原始报文] http://hzmx.nat100.top/api/DispatchSortingCommand/InsertWaveInfo body={"items":[{"epcn":"12430614435803","gridNum":"65","gridNumber":1,"gridType":"1","inco":"12430614435803","obxCode":""}],"orderCode":"PP202600000011","orderQty":1937}(164字节)
2026-08-13 10:38:36.821 [0x000060f0] INFO  WAVE_ITEM - 	[原始报文] http://hzmx.nat100.top/api/DispatchSortingCommand/InsertWaveInfo body={"items":[{"epcn":"12430614435804","gridNum":"65","gridNumber":1,"gridType":"1","inco":"12430614435804","obxCode":""}],"orderCode":"PP202600000011","orderQty":1937}(164字节)
2026-08-13 10:38:36.823 [0x000060f0] INFO  WAVE_ITEM - 	[原始报文] http://hzmx.nat100.top/api/DispatchSortingCommand/InsertWaveInfo body={"items":[{"epcn":"12430614435805","gridNum":"65","gridNumber":1,"gridType":"1","inco":"12430614435805","obxCode":""}],"orderCode":"PP202600000011","orderQty":1937}(164字节)
2026-08-13 10:38:36.823 [0x000060f0] INFO  WAVE_ITEM - 	[原始报文] http://hzmx.nat100.top/api/DispatchSortingCommand/InsertWaveInfo body={"items":[{"epcn":"12430614435806","gridNum":"65","gridNumber":1,"gridType":"1","inco":"12430614435806","obxCode":""}],"orderCode":"PP202600000011","orderQty":1937}(164字节)
2026-08-13 10:38:36.823 [0x000060f0] INFO  WAVE_ITEM - 	[原始报文] http://hzmx.nat100.top/api/DispatchSortingCommand/InsertWaveInfo body={"items":[{"epcn":"12430614461802","gridNum":"65","gridNumber":1,"gridType":"1","inco":"12430614461802","obxCode":""}],"orderCode":"PP202600000011","orderQty":1937}(164字节)
2026-08-13 10:38:36.823 [0x000060f0] INFO  WAVE_ITEM - 	[原始报文] http://hzmx.nat100.top/api/DispatchSortingCommand/InsertWaveInfo body={"items":[{"epcn":"12430614461803","gridNum":"65","gridNumber":1,"gridType":"1","inco":"12430614461803","obxCode":""}],"orderCode":"PP202600000011","orderQty":1937}(164字节)
2026-08-13 10:38:36.823 [0x000060f0] INFO  WAVE_ITEM - 	[原始报文] http://hzmx.nat100.top/api/DispatchSortingCommand/InsertWaveInfo body={"items":[{"epcn":"12430614461804","gridNum":"65","gridNumber":1,"gridType":"1","inco":"12430614461804","obxCode":""}],"orderCode":"PP202600000011","orderQty":1937}(164字节)
2026-08-13 10:38:36.823 [0x000060f0] INFO  WAVE_ITEM - 	[原始报文] http://hzmx.nat100.top/api/DispatchSortingCommand/InsertWaveInfo body={"items":[{"epcn":"12430614461805","gridNum":"65","gridNumber":1,"gridType":"1","inco":"12430614461805","obxCode":""}],"orderCode":"PP202600000011","orderQty":1937}(164字节)
2026-08-13 10:38:36.823 [0x000060f0] INFO  WAVE_ITEM - 	[原始报文] http://hzmx.nat100.top/api/DispatchSortingCommand/InsertWaveInfo body={"items":[{"epcn":"12430614461806","gridNum":"65","gridNumber":1,"gridType":"1","inco":"12430614461806","obxCode":""}],"orderCode":"PP202600000011","orderQty":1937}(164字节)
2026-08-13 10:38:36.823 [0x000060f0] INFO  WAVE_ITEM - 	[原始报文] http://hzmx.nat100.top/api/DispatchSortingCommand/InsertWaveInfo body={"items":[{"epcn":"12431018460402","gridNum":"65","gridNumber":1,"gridType":"1","inco":"12431018460402","obxCode":""}],"orderCode":"PP202600000011","orderQty":1937}(164字节)
2026-08-13 10:38:36.823 [0x000060f0] INFO  WAVE_ITEM - 	[原始报文] http://hzmx.nat100.top/api/DispatchSortingCommand/InsertWaveInfo body={"items":[{"epcn":"12431018460403","gridNum":"65","gridNumber":1,"gridType":"1","inco":"12431018460403","obxCode":""}],"orderCode":"PP202600000011","orderQty":1937}(164字节)
2026-08-13 10:38:36.823 [0x000060f0] INFO  WAVE_ITEM - 	[原始报文] http://hzmx.nat100.top/api/DispatchSortingCommand/InsertWaveInfo body={"items":[{"epcn":"12431018460404","gridNum":"65","gridNumber":1,"gridType":"1","inco":"12431018460404","obxCode":""}],"orderCode":"PP202600000011","orderQty":1937}(164字节)
2026-08-13 10:38:36.823 [0x000060f0] INFO  WAVE_ITEM - 	[原始报文] http://hzmx.nat100.top/api/DispatchSortingCommand/InsertWaveInfo body={"items":[{"epcn":"12431018460405","gridNum":"65","gridNumber":1,"gridType":"1","inco":"12431018460405","obxCode":""}],"orderCode":"PP202600000011","orderQty":1937}(164字节)
2026-08-13 10:38:36.823 [0x000060f0] INFO  WAVE_ITEM - 	[原始报文] http://hzmx.nat100.top/api/DispatchSortingCommand/InsertWaveInfo body={"items":[{"epcn":"12431018460406","gridNum":"65","gridNumber":1,"gridType":"1","inco":"12431018460406","obxCode":""}],"orderCode":"PP202600000011","orderQty":1937}(164字节)
2026-08-13 10:38:36.823 [0x000060f0] INFO  WAVE_ITEM - 	[原始报文] http://hzmx.nat100.top/api/DispatchSortingCommand/InsertWaveInfo body={"items":[{"epcn":"12431018482402","gridNum":"65","gridNumber":1,"gridType":"1","inco":"12431018482402","obxCode":""}],"orderCode":"PP202600000011","orderQty":1937}(164字节)
2026-08-13 10:38:36.824 [0x000060f0] INFO  WAVE_ITEM - 	[原始报文] http://hzmx.nat100.top/api/DispatchSortingCommand/InsertWaveInfo body={"items":[{"epcn":"12431018482403","gridNum":"65","gridNumber":1,"gridType":"1","inco":"12431018482403","obxCode":""}],"orderCode":"PP202600000011","orderQty":1937}(164字节)
2026-08-13 10:38:36.824 [0x000060f0] INFO  WAVE_ITEM - 	[原始报文] http://hzmx.nat100.top/api/DispatchSortingCommand/InsertWaveInfo body={"items":[{"epcn":"12431018482404","gridNum":"65","gridNumber":2,"gridType":"1","inco":"12431018482404","obxCode":""}],"orderCode":"PP202600000011","orderQty":1937}(164字节)
2026-08-13 10:38:36.824 [0x000060f0] INFO  WAVE_ITEM - 	[原始报文] http://hzmx.nat100.top/api/DispatchSortingCommand/InsertWaveInfo body={"items":[{"epcn":"12431018482405","gridNum":"65","gridNumber":1,"gridType":"1","inco":"12431018482405","obxCode":""}],"orderCode":"PP202600000011","orderQty":1937}(164字节)
2026-08-13 10:38:36.824 [0x000060f0] INFO  WAVE_ITEM - 	[原始报文] http://hzmx.nat100.top/api/DispatchSortingCommand/InsertWaveInfo body={"items":[{"epcn":"12431018482406","gridNum":"65","gridNumber":1,"gridType":"1","inco":"12431018482406","obxCode":""}],"orderCode":"PP202600000011","orderQty":1937}(164字节)
2026-08-13 10:38:36.824 [0x000060f0] INFO  WAVE_ITEM - 	[原始报文] http://hzmx.nat100.top/api/DispatchSortingCommand/InsertWaveInfo body={"items":[{"epcn":"12431437461802","gridNum":"65","gridNumber":1,"gridType":"1","inco":"12431437461802","obxCode":""}],"orderCode":"PP202600000011","orderQty":1937}(164字节)
2026-08-13 10:38:36.824 [0x000060f0] INFO  WAVE_ITEM - 	[原始报文] http://hzmx.nat100.top/api/DispatchSortingCommand/InsertWaveInfo body={"items":[{"epcn":"12435109261803","gridNum":"65","gridNumber":1,"gridType":"1","inco":"12435109261803","obxCode":""}],"orderCode":"PP202600000011","orderQty":1937}(164字节)
2026-08-13 10:38:36.824 [0x000060f0] INFO  WAVE_ITEM - 	[原始报文] http://hzmx.nat100.top/api/DispatchSortingCommand/InsertWaveInfo body={"items":[{"epcn":"12435109261804","gridNum":"65","gridNumber":1,"gridType":"1","inco":"12435109261804","obxCode":""}],"orderCode":"PP202600000011","orderQty":1937}(164字节)
2026-08-13 10:38:36.824 [0x000060f0] INFO  WAVE_ITEM - 	[原始报文] http://hzmx.nat100.top/api/DispatchSortingCommand/InsertWaveInfo body={"items":[{"epcn":"125214010601802","gridNum":"65","gridNumber":4,"gridType":"1","inco":"125214010601802","obxCode":""}],"orderCode":"PP202600000011","orderQty":1937}(166字节)
2026-08-13 10:38:36.824 [0x000060f0] INFO  WAVE_ITEM - 	[原始报文] http://hzmx.nat100.top/api/DispatchSortingCommand/InsertWaveInfo body={"items":[{"epcn":"125381008600436","gridNum":"65","gridNumber":1,"gridType":"1","inco":"125381008600436","obxCode":""}],"orderCode":"PP202600000011","orderQty":1937}(166字节)
2026-08-13 10:38:36.824 [0x000060f0] INFO  WAVE_ITEM - 	[原始报文] http://hzmx.nat100.top/api/DispatchSortingCommand/InsertWaveInfo body={"items":[{"epcn":"1263060620302","gridNum":"65","gridNumber":12,"gridType":"1","inco":"1263060620302","obxCode":""}],"orderCode":"PP202600000011","orderQty":1937}(163字节)
2026-08-13 10:38:36.824 [0x000060f0] INFO  WAVE_ITEM - 	[原始报文] http://hzmx.nat100.top/api/DispatchSortingCommand/InsertWaveInfo body={"items":[{"epcn":"1263060620303","gridNum":"65","gridNumber":10,"gridType":"1","inco":"1263060620303","obxCode":""}],"orderCode":"PP202600000011","orderQty":1937}(163字节)
2026-08-13 10:38:36.825 [0x000060f0] INFO  WAVE_ITEM - 	[原始报文] http://hzmx.nat100.top/api/DispatchSortingCommand/InsertWaveInfo body={"items":[{"epcn":"1263060620304","gridNum":"65","gridNumber":10,"gridType":"1","inco":"1263060620304","obxCode":""}],"orderCode":"PP202600000011","orderQty":1937}(163字节)
2026-08-13 10:38:36.825 [0x000060f0] INFO  WAVE_ITEM - 	[原始报文] http://hzmx.nat100.top/api/DispatchSortingCommand/InsertWaveInfo body={"items":[{"epcn":"1263060620305","gridNum":"65","gridNumber":10,"gridType":"1","inco":"1263060620305","obxCode":""}],"orderCode":"PP202600000011","orderQty":1937}(163字节)
2026-08-13 10:38:36.825 [0x000060f0] INFO  WAVE_ITEM - 	[原始报文] http://hzmx.nat100.top/api/DispatchSortingCommand/InsertWaveInfo body={"items":[{"epcn":"1263060620306","gridNum":"65","gridNumber":10,"gridType":"1","inco":"1263060620306","obxCode":""}],"orderCode":"PP202600000011","orderQty":1937}(163字节)
2026-08-13 10:38:36.825 [0x000060f0] INFO  WAVE_ITEM - 	[原始报文] http://hzmx.nat100.top/api/DispatchSortingCommand/InsertWaveInfo body={"items":[{"epcn":"1263060640502","gridNum":"65","gridNumber":10,"gridType":"1","inco":"1263060640502","obxCode":""}],"orderCode":"PP202600000011","orderQty":1937}(163字节)
2026-08-13 10:38:36.825 [0x000060f0] INFO  WAVE_ITEM - 	[原始报文] http://hzmx.nat100.top/api/DispatchSortingCommand/InsertWaveInfo body={"items":[{"epcn":"1263060640503","gridNum":"65","gridNumber":15,"gridType":"1","inco":"1263060640503","obxCode":""}],"orderCode":"PP202600000011","orderQty":1937}(163字节)
2026-08-13 10:38:36.825 [0x000060f0] INFO  WAVE_ITEM - 	[原始报文] http://hzmx.nat100.top/api/DispatchSortingCommand/InsertWaveInfo body={"items":[{"epcn":"1263060640504","gridNum":"65","gridNumber":10,"gridType":"1","inco":"1263060640504","obxCode":""}],"orderCode":"PP202600000011","orderQty":1937}(163字节)
2026-08-13 10:38:36.825 [0x000060f0] INFO  WAVE_ITEM - 	[原始报文] http://hzmx.nat100.top/api/DispatchSortingCommand/InsertWaveInfo body={"items":[{"epcn":"1263060640505","gridNum":"65","gridNumber":10,"gridType":"1","inco":"1263060640505","obxCode":""}],"orderCode":"PP202600000011","orderQty":1937}(163字节)
2026-08-13 10:38:36.825 [0x000060f0] INFO  WAVE_ITEM - 	[原始报文] http://hzmx.nat100.top/api/DispatchSortingCommand/InsertWaveInfo body={"items":[{"epcn":"1263060640506","gridNum":"65","gridNumber":10,"gridType":"1","inco":"1263060640506","obxCode":""}],"orderCode":"PP202600000011","orderQty":1937}(163字节)
2026-08-13 10:38:36.825 [0x000060f0] INFO  WAVE_ITEM - 	[原始报文] http://hzmx.nat100.top/api/DispatchSortingCommand/InsertWaveInfo body={"items":[{"epcn":"1263060650202","gridNum":"65","gridNumber":10,"gridType":"1","inco":"1263060650202","obxCode":""}],"orderCode":"PP202600000011","orderQty":1937}(163字节)
2026-08-13 10:38:36.825 [0x000060f0] INFO  WAVE_ITEM - 	[原始报文] http://hzmx.nat100.top/api/DispatchSortingCommand/InsertWaveInfo body={"items":[{"epcn":"1263060650203","gridNum":"65","gridNumber":10,"gridType":"1","inco":"1263060650203","obxCode":""}],"orderCode":"PP202600000011","orderQty":1937}(163字节)
2026-08-13 10:38:36.825 [0x000060f0] INFO  WAVE_ITEM - 	[原始报文] http://hzmx.nat100.top/api/DispatchSortingCommand/InsertWaveInfo body={"items":[{"epcn":"1263060650204","gridNum":"65","gridNumber":10,"gridType":"1","inco":"1263060650204","obxCode":""}],"orderCode":"PP202600000011","orderQty":1937}(163字节)
2026-08-13 10:38:36.825 [0x000060f0] INFO  WAVE_ITEM - 	[原始报文] http://hzmx.nat100.top/api/DispatchSortingCommand/InsertWaveInfo body={"items":[{"epcn":"1263060650205","gridNum":"65","gridNumber":10,"gridType":"1","inco":"1263060650205","obxCode":""}],"orderCode":"PP202600000011","orderQty":1937}(163字节)
2026-08-13 10:38:36.825 [0x000060f0] INFO  WAVE_ITEM - 	[原始报文] http://hzmx.nat100.top/api/DispatchSortingCommand/InsertWaveInfo body={"items":[{"epcn":"1263060650206","gridNum":"65","gridNumber":10,"gridType":"1","inco":"1263060650206","obxCode":""}],"orderCode":"PP202600000011","orderQty":1937}(163字节)
2026-08-13 10:38:36.825 [0x000060f0] INFO  WAVE_ITEM - 	[原始报文] http://hzmx.nat100.top/api/DispatchSortingCommand/InsertWaveInfo body={"items":[{"epcn":"1263060670202","gridNum":"65","gridNumber":10,"gridType":"1","inco":"1263060670202","obxCode":""}],"orderCode":"PP202600000011","orderQty":1937}(163字节)
2026-08-13 10:38:36.825 [0x000060f0] INFO  WAVE_ITEM - 	[原始报文] http://hzmx.nat100.top/api/DispatchSortingCommand/InsertWaveInfo body={"items":[{"epcn":"1263060670203","gridNum":"65","gridNumber":14,"gridType":"1","inco":"1263060670203","obxCode":""}],"orderCode":"PP202600000011","orderQty":1937}(163字节)
2026-08-13 10:38:36.825 [0x000060f0] INFO  WAVE_ITEM - 	[原始报文] http://hzmx.nat100.top/api/DispatchSortingCommand/InsertWaveInfo body={"items":[{"epcn":"1263060670204","gridNum":"65","gridNumber":10,"gridType":"1","inco":"1263060670204","obxCode":""}],"orderCode":"PP202600000011","orderQty":1937}(163字节)
2026-08-13 10:38:36.825 [0x000060f0] INFO  WAVE_ITEM - 	[原始报文] http://hzmx.nat100.top/api/DispatchSortingCommand/InsertWaveInfo body={"items":[{"epcn":"1263060670205","gridNum":"65","gridNumber":11,"gridType":"1","inco":"1263060670205","obxCode":""}],"orderCode":"PP202600000011","orderQty":1937}(163字节)
2026-08-13 10:38:36.825 [0x000060f0] INFO  WAVE_ITEM - 	[原始报文] http://hzmx.nat100.top/api/DispatchSortingCommand/InsertWaveInfo body={"items":[{"epcn":"1263370210304","gridNum":"65","gridNumber":1,"gridType":"1","inco":"1263370210304","obxCode":""}],"orderCode":"PP202600000011","orderQty":1937}(162字节)
2026-08-13 10:38:36.825 [0x000060f0] INFO  WAVE_ITEM - 	[原始报文] http://hzmx.nat100.top/api/DispatchSortingCommand/InsertWaveInfo body={"items":[{"epcn":"1263370260104","gridNum":"65","gridNumber":1,"gridType":"1","inco":"1263370260104","obxCode":""}],"orderCode":"PP202600000011","orderQty":1937}(162字节)
2026-08-13 10:38:36.825 [0x000060f0] INFO  WAVE_ITEM - 	[原始报文] http://hzmx.nat100.top/api/DispatchSortingCommand/InsertWaveInfo body={"items":[{"epcn":"1263370270205","gridNum":"65","gridNumber":1,"gridType":"1","inco":"1263370270205","obxCode":""}],"orderCode":"PP202600000011","orderQty":1937}(162字节)
2026-08-13 10:38:36.825 [0x000060f0] INFO  WAVE_ITEM - 	[原始报文] http://hzmx.nat100.top/api/DispatchSortingCommand/InsertWaveInfo body={"items":[{"epcn":"1263370270302","gridNum":"65","gridNumber":1,"gridType":"1","inco":"1263370270302","obxCode":""}],"orderCode":"PP202600000011","orderQty":1937}(162字节)
2026-08-13 10:38:36.826 [0x000060f0] INFO  WAVE_ITEM - 	[原始报文] http://hzmx.nat100.top/api/DispatchSortingCommand/InsertWaveInfo body={"items":[{"epcn":"1263370270304","gridNum":"65","gridNumber":1,"gridType":"1","inco":"1263370270304","obxCode":""}],"orderCode":"PP202600000011","orderQty":1937}(162字节)
2026-08-13 10:38:36.826 [0x000060f0] INFO  WAVE_ITEM - 	[原始报文] http://hzmx.nat100.top/api/DispatchSortingCommand/InsertWaveInfo body={"items":[{"epcn":"1264011020102","gridNum":"65","gridNumber":4,"gridType":"1","inco":"1264011020102","obxCode":""}],"orderCode":"PP202600000011","orderQty":1937}(162字节)
2026-08-13 10:38:36.826 [0x000060f0] INFO  WAVE_ITEM - 	[原始报文] http://hzmx.nat100.top/api/DispatchSortingCommand/InsertWaveInfo body={"items":[{"epcn":"1272221440236","gridNum":"65","gridNumber":1,"gridType":"1","inco":"1272221440236","obxCode":""}],"orderCode":"PP202600000011","orderQty":1937}(162字节)
2026-08-13 10:38:36.826 [0x000060f0] INFO  WAVE_ITEM - 	[原始报文] http://hzmx.nat100.top/api/DispatchSortingCommand/InsertWaveInfo body={"items":[{"epcn":"1274080860402","gridNum":"65","gridNumber":1,"gridType":"1","inco":"1274080860402","obxCode":""}],"orderCode":"PP202600000011","orderQty":1937}(162字节)
2026-08-13 10:38:36.826 [0x000060f0] INFO  WAVE_ITEM - 	[原始报文] http://hzmx.nat100.top/api/DispatchSortingCommand/InsertWaveInfo body={"items":[{"epcn":"1274080860403","gridNum":"65","gridNumber":1,"gridType":"1","inco":"1274080860403","obxCode":""}],"orderCode":"PP202600000011","orderQty":1937}(162字节)
2026-08-13 10:38:36.826 [0x000060f0] INFO  WAVE_ITEM - 	[原始报文] http://hzmx.nat100.top/api/DispatchSortingCommand/InsertWaveInfo body={"items":[{"epcn":"1274080860404","gridNum":"65","gridNumber":1,"gridType":"1","inco":"1274080860404","obxCode":""}],"orderCode":"PP202600000011","orderQty":1937}(162字节)
2026-08-13 10:38:36.826 [0x000060f0] INFO  WAVE_ITEM - 	[原始报文] http://hzmx.nat100.top/api/DispatchSortingCommand/InsertWaveInfo body={"items":[{"epcn":"1274080860405","gridNum":"65","gridNumber":1,"gridType":"1","inco":"1274080860405","obxCode":""}],"orderCode":"PP202600000011","orderQty":1937}(162字节)
2026-08-13 10:38:36.826 [0x000060f0] INFO  WAVE_ITEM - 	[原始报文] http://hzmx.nat100.top/api/DispatchSortingCommand/InsertWaveInfo body={"items":[{"epcn":"1274080860406","gridNum":"65","gridNumber":1,"gridType":"1","inco":"1274080860406","obxCode":""}],"orderCode":"PP202600000011","orderQty":1937}(162字节)
2026-08-13 10:38:36.826 [0x000060f0] INFO  WAVE_ITEM - 	[原始报文] http://hzmx.nat100.top/api/DispatchSortingCommand/InsertWaveInfo body={"items":[{"epcn":"1274080880402","gridNum":"65","gridNumber":1,"gridType":"1","inco":"1274080880402","obxCode":""}],"orderCode":"PP202600000011","orderQty":1937}(162字节)
2026-08-13 10:38:36.826 [0x000060f0] INFO  WAVE_ITEM - 	[原始报文] http://hzmx.nat100.top/api/DispatchSortingCommand/InsertWaveInfo body={"items":[{"epcn":"1274080880403","gridNum":"65","gridNumber":1,"gridType":"1","inco":"1274080880403","obxCode":""}],"orderCode":"PP202600000011","orderQty":1937}(162字节)
2026-08-13 10:38:36.826 [0x000060f0] INFO  WAVE_ITEM - 	[原始报文] http://hzmx.nat100.top/api/DispatchSortingCommand/InsertWaveInfo body={"items":[{"epcn":"1274080880404","gridNum":"65","gridNumber":1,"gridType":"1","inco":"1274080880404","obxCode":""}],"orderCode":"PP202600000011","orderQty":1937}(162字节)
2026-08-13 10:38:36.826 [0x000060f0] INFO  WAVE_ITEM - 	[原始报文] http://hzmx.nat100.top/api/DispatchSortingCommand/InsertWaveInfo body={"items":[{"epcn":"1274080880405","gridNum":"65","gridNumber":1,"gridType":"1","inco":"1274080880405","obxCode":""}],"orderCode":"PP202600000011","orderQty":1937}(162字节)
2026-08-13 10:38:36.826 [0x000060f0] INFO  WAVE_ITEM - 	[原始报文] http://hzmx.nat100.top/api/DispatchSortingCommand/InsertWaveInfo body={"items":[{"epcn":"1274080880406","gridNum":"65","gridNumber":1,"gridType":"1","inco":"1274080880406","obxCode":""}],"orderCode":"PP202600000011","orderQty":1937}(162字节)
2026-08-13 10:38:36.826 [0x000060f0] INFO  WAVE_ITEM - 	[原始报文] http://hzmx.nat100.top/api/DispatchSortingCommand/InsertWaveInfo body={"items":[{"epcn":"1282120811102","gridNum":"65","gridNumber":1,"gridType":"1","inco":"1282120811102","obxCode":""}],"orderCode":"PP202600000011","orderQty":1937}(162字节)
2026-08-13 10:38:36.826 [0x000060f0] INFO  WAVE_ITEM - 	[原始报文] http://hzmx.nat100.top/api/DispatchSortingCommand/InsertWaveInfo body={"items":[{"epcn":"1282120811103","gridNum":"65","gridNumber":1,"gridType":"1","inco":"1282120811103","obxCode":""}],"orderCode":"PP202600000011","orderQty":1937}(162字节)
2026-08-13 10:38:36.826 [0x000060f0] INFO  WAVE_ITEM - 	[原始报文] http://hzmx.nat100.top/api/DispatchSortingCommand/InsertWaveInfo body={"items":[{"epcn":"1282120811104","gridNum":"65","gridNumber":1,"gridType":"1","inco":"1282120811104","obxCode":""}],"orderCode":"PP202600000011","orderQty":1937}(162字节)
2026-08-13 10:38:36.826 [0x000060f0] INFO  WAVE_ITEM - 	[原始报文] http://hzmx.nat100.top/api/DispatchSortingCommand/InsertWaveInfo body={"items":[{"epcn":"1282120811105","gridNum":"65","gridNumber":2,"gridType":"1","inco":"1282120811105","obxCode":""}],"orderCode":"PP202600000011","orderQty":1937}(162字节)
2026-08-13 10:38:36.826 [0x000060f0] INFO  WAVE_ITEM - 	[原始报文] http://hzmx.nat100.top/api/DispatchSortingCommand/InsertWaveInfo body={"items":[{"epcn":"1282120811106","gridNum":"65","gridNumber":1,"gridType":"1","inco":"1282120811106","obxCode":""}],"orderCode":"PP202600000011","orderQty":1937}(162字节)
2026-08-13 10:38:36.826 [0x000060f0] INFO  WAVE_ITEM - 	[原始报文] http://hzmx.nat100.top/api/DispatchSortingCommand/InsertWaveInfo body={"items":[{"epcn":"1282120811402","gridNum":"65","gridNumber":1,"gridType":"1","inco":"1282120811402","obxCode":""}],"orderCode":"PP202600000011","orderQty":1937}(162字节)
2026-08-13 10:38:36.826 [0x000060f0] INFO  WAVE_ITEM - 	[原始报文] http://hzmx.nat100.top/api/DispatchSortingCommand/InsertWaveInfo body={"items":[{"epcn":"1282120811403","gridNum":"65","gridNumber":1,"gridType":"1","inco":"1282120811403","obxCode":""}],"orderCode":"PP202600000011","orderQty":1937}(162字节)
2026-08-13 10:38:36.826 [0x000060f0] INFO  WAVE_ITEM - 	[原始报文] http://hzmx.nat100.top/api/DispatchSortingCommand/InsertWaveInfo body={"items":[{"epcn":"1282120811404","gridNum":"65","gridNumber":2,"gridType":"1","inco":"1282120811404","obxCode":""}],"orderCode":"PP202600000011","orderQty":1937}(162字节)
2026-08-13 10:38:36.826 [0x000060f0] INFO  WAVE_ITEM - 	[原始报文] http://hzmx.nat100.top/api/DispatchSortingCommand/InsertWaveInfo body={"items":[{"epcn":"1282120811405","gridNum":"65","gridNumber":1,"gridType":"1","inco":"1282120811405","obxCode":""}],"orderCode":"PP202600000011","orderQty":1937}(162字节)
2026-08-13 10:38:36.826 [0x000060f0] INFO  WAVE_ITEM - 	[原始报文] http://hzmx.nat100.top/api/DispatchSortingCommand/InsertWaveInfo body={"items":[{"epcn":"1282120811406","gridNum":"65","gridNumber":1,"gridType":"1","inco":"1282120811406","obxCode":""}],"orderCode":"PP202600000011","orderQty":1937}(162字节)
2026-08-13 10:38:36.826 [0x000060f0] INFO  WAVE_ITEM - 	[原始报文] http://hzmx.nat100.top/api/DispatchSortingCommand/InsertWaveInfo body={"items":[{"epcn":"1282120842702","gridNum":"65","gridNumber":1,"gridType":"1","inco":"1282120842702","obxCode":""}],"orderCode":"PP202600000011","orderQty":1937}(162字节)
2026-08-13 10:38:36.826 [0x000060f0] INFO  WAVE_ITEM - 	[原始报文] http://hzmx.nat100.top/api/DispatchSortingCommand/InsertWaveInfo body={"items":[{"epcn":"1282120842703","gridNum":"65","gridNumber":1,"gridType":"1","inco":"1282120842703","obxCode":""}],"orderCode":"PP202600000011","orderQty":1937}(162字节)
2026-08-13 10:38:36.827 [0x000060f0] INFO  WAVE_ITEM - 	[原始报文] http://hzmx.nat100.top/api/DispatchSortingCommand/InsertWaveInfo body={"items":[{"epcn":"1282120842704","gridNum":"65","gridNumber":1,"gridType":"1","inco":"1282120842704","obxCode":""}],"orderCode":"PP202600000011","orderQty":1937}(162字节)
2026-08-13 10:38:36.827 [0x000060f0] INFO  WAVE_ITEM - 	[原始报文] http://hzmx.nat100.top/api/DispatchSortingCommand/InsertWaveInfo body={"items":[{"epcn":"1282120842705","gridNum":"65","gridNumber":2,"gridType":"1","inco":"1282120842705","obxCode":""}],"orderCode":"PP202600000011","orderQty":1937}(162字节)
2026-08-13 10:38:36.827 [0x000060f0] INFO  WAVE_ITEM - 	[原始报文] http://hzmx.nat100.top/api/DispatchSortingCommand/InsertWaveInfo body={"items":[{"epcn":"1282120842706","gridNum":"65","gridNumber":5,"gridType":"1","inco":"1282120842706","obxCode":""}],"orderCode":"PP202600000011","orderQty":1937}(162字节)
2026-08-13 10:38:36.827 [0x000060f0] INFO  WAVE_ITEM - 	[原始报文] http://hzmx.nat100.top/api/DispatchSortingCommand/InsertWaveInfo body={"items":[{"epcn":"1282120870302","gridNum":"65","gridNumber":1,"gridType":"1","inco":"1282120870302","obxCode":""}],"orderCode":"PP202600000011","orderQty":1937}(162字节)
2026-08-13 10:38:36.827 [0x000060f0] INFO  WAVE_ITEM - 	[原始报文] http://hzmx.nat100.top/api/DispatchSortingCommand/InsertWaveInfo body={"items":[{"epcn":"1282120870303","gridNum":"65","gridNumber":2,"gridType":"1","inco":"1282120870303","obxCode":""}],"orderCode":"PP202600000011","orderQty":1937}(162字节)
2026-08-13 10:38:36.827 [0x000060f0] INFO  WAVE_ITEM - 	[原始报文] http://hzmx.nat100.top/api/DispatchSortingCommand/InsertWaveInfo body={"items":[{"epcn":"1282120870304","gridNum":"65","gridNumber":1,"gridType":"1","inco":"1282120870304","obxCode":""}],"orderCode":"PP202600000011","orderQty":1937}(162字节)
2026-08-13 10:38:36.827 [0x000060f0] INFO  WAVE_ITEM - 	[原始报文] http://hzmx.nat100.top/api/DispatchSortingCommand/InsertWaveInfo body={"items":[{"epcn":"1282120870305","gridNum":"65","gridNumber":1,"gridType":"1","inco":"1282120870305","obxCode":""}],"orderCode":"PP202600000011","orderQty":1937}(162字节)
2026-08-13 10:38:36.827 [0x000060f0] INFO  WAVE_ITEM - 	[原始报文] http://hzmx.nat100.top/api/DispatchSortingCommand/InsertWaveInfo body={"items":[{"epcn":"1282120870306","gridNum":"65","gridNumber":2,"gridType":"1","inco":"1282120870306","obxCode":""}],"orderCode":"PP202600000011","orderQty":1937}(162字节)
2026-08-13 10:38:36.827 [0x000060f0] INFO  WAVE_ITEM - 	[原始报文] http://hzmx.nat100.top/api/DispatchSortingCommand/InsertWaveInfo body={"items":[{"epcn":"1282120880602","gridNum":"65","gridNumber":1,"gridType":"1","inco":"1282120880602","obxCode":""}],"orderCode":"PP202600000011","orderQty":1937}(162字节)
2026-08-13 10:38:36.827 [0x000060f0] INFO  WAVE_ITEM - 	[原始报文] http://hzmx.nat100.top/api/DispatchSortingCommand/InsertWaveInfo body={"items":[{"epcn":"1282120880603","gridNum":"65","gridNumber":1,"gridType":"1","inco":"1282120880603","obxCode":""}],"orderCode":"PP202600000011","orderQty":1937}(162字节)
2026-08-13 10:38:36.827 [0x000060f0] INFO  WAVE_ITEM - 	[原始报文] http://hzmx.nat100.top/api/DispatchSortingCommand/InsertWaveInfo body={"items":[{"epcn":"1282120880604","gridNum":"65","gridNumber":1,"gridType":"1","inco":"1282120880604","obxCode":""}],"orderCode":"PP202600000011","orderQty":1937}(162字节)
2026-08-13 10:38:36.827 [0x000060f0] INFO  WAVE_ITEM - 	[原始报文] http://hzmx.nat100.top/api/DispatchSortingCommand/InsertWaveInfo body={"items":[{"epcn":"1282120880605","gridNum":"65","gridNumber":1,"gridType":"1","inco":"1282120880605","obxCode":""}],"orderCode":"PP202600000011","orderQty":1937}(162字节)
2026-08-13 10:38:36.827 [0x000060f0] INFO  WAVE_ITEM - 	[原始报文] http://hzmx.nat100.top/api/DispatchSortingCommand/InsertWaveInfo body={"items":[{"epcn":"1282120880606","gridNum":"65","gridNumber":3,"gridType":"1","inco":"1282120880606","obxCode":""}],"orderCode":"PP202600000011","orderQty":1937}(162字节)
2026-08-13 10:38:36.827 [0x000060f0] INFO  WAVE_ITEM - 	[原始报文] http://hzmx.nat100.top/api/DispatchSortingCommand/InsertWaveInfo body={"items":[{"epcn":"1284020260404","gridNum":"65","gridNumber":3,"gridType":"1","inco":"1284020260404","obxCode":""}],"orderCode":"PP202600000011","orderQty":1937}(162字节)
2026-08-13 10:38:36.827 [0x000060f0] INFO  WAVE_ITEM - 	[原始报文] http://hzmx.nat100.top/api/DispatchSortingCommand/InsertWaveInfo body={"items":[{"epcn":"1284081660403","gridNum":"65","gridNumber":1,"gridType":"1","inco":"1284081660403","obxCode":""}],"orderCode":"PP202600000011","orderQty":1937}(162字节)
2026-08-13 10:38:36.827 [0x000060f0] INFO  WAVE_ITEM - 	[原始报文] http://hzmx.nat100.top/api/DispatchSortingCommand/InsertWaveInfo body={"items":[{"epcn":"1284081660405","gridNum":"65","gridNumber":1,"gridType":"1","inco":"1284081660405","obxCode":""}],"orderCode":"PP202600000011","orderQty":1937}(162字节)
2026-08-13 10:38:36.827 [0x000060f0] INFO  WAVE_ITEM - 	[原始报文] http://hzmx.nat100.top/api/DispatchSortingCommand/InsertWaveInfo body={"items":[{"epcn":"1284081660406","gridNum":"65","gridNumber":40,"gridType":"1","inco":"1284081660406","obxCode":""}],"orderCode":"PP202600000011","orderQty":1937}(163字节)
2026-08-13 10:38:36.827 [0x000060f0] INFO  WAVE_ITEM - 	[原始报文] http://hzmx.nat100.top/api/DispatchSortingCommand/InsertWaveInfo body={"items":[{"epcn":"1284081680602","gridNum":"65","gridNumber":40,"gridType":"1","inco":"1284081680602","obxCode":""}],"orderCode":"PP202600000011","orderQty":1937}(163字节)
2026-08-13 10:38:36.827 [0x000060f0] INFO  WAVE_ITEM - 	[原始报文] http://hzmx.nat100.top/api/DispatchSortingCommand/InsertWaveInfo body={"items":[{"epcn":"1284081680603","gridNum":"65","gridNumber":1,"gridType":"1","inco":"1284081680603","obxCode":""}],"orderCode":"PP202600000011","orderQty":1937}(162字节)
2026-08-13 10:38:36.829 [0x000060f0] INFO  WAVE_ITEM - 	[原始报文] http://hzmx.nat100.top/api/DispatchSortingCommand/InsertWaveInfo body={"items":[{"epcn":"1284081680604","gridNum":"65","gridNumber":40,"gridType":"1","inco":"1284081680604","obxCode":""}],"orderCode":"PP202600000011","orderQty":1937}(163字节)
2026-08-13 10:38:36.829 [0x000060f0] INFO  WAVE_ITEM - 	[原始报文] http://hzmx.nat100.top/api/DispatchSortingCommand/InsertWaveInfo body={"items":[{"epcn":"1284081680606","gridNum":"65","gridNumber":80,"gridType":"1","inco":"1284081680606","obxCode":""}],"orderCode":"PP202600000011","orderQty":1937}(163字节)
2026-08-13 10:38:36.829 [0x000060f0] INFO  WAVE_ITEM - 	[原始报文] http://hzmx.nat100.top/api/DispatchSortingCommand/InsertWaveInfo body={"items":[{"epcn":"1291190412535","gridNum":"65","gridNumber":1,"gridType":"1","inco":"1291190412535","obxCode":""}],"orderCode":"PP202600000011","orderQty":1937}(162字节)
2026-08-13 10:38:36.829 [0x000060f0] INFO  WAVE_ITEM - 	[原始报文] http://hzmx.nat100.top/api/DispatchSortingCommand/InsertWaveInfo body={"items":[{"epcn":"1291190412536","gridNum":"65","gridNumber":1,"gridType":"1","inco":"1291190412536","obxCode":""}],"orderCode":"PP202600000011","orderQty":1937}(162字节)
2026-08-13 10:38:36.829 [0x000060f0] INFO  WAVE_ITEM - 	[原始报文] http://hzmx.nat100.top/api/DispatchSortingCommand/InsertWaveInfo body={"items":[{"epcn":"1291190412537","gridNum":"65","gridNumber":1,"gridType":"1","inco":"1291190412537","obxCode":""}],"orderCode":"PP202600000011","orderQty":1937}(162字节)
2026-08-13 10:38:36.829 [0x000060f0] INFO  WAVE_ITEM - 	[原始报文] http://hzmx.nat100.top/api/DispatchSortingCommand/InsertWaveInfo body={"items":[{"epcn":"1291190412538","gridNum":"65","gridNumber":1,"gridType":"1","inco":"1291190412538","obxCode":""}],"orderCode":"PP202600000011","orderQty":1937}(162字节)
2026-08-13 10:38:36.829 [0x000060f0] INFO  WAVE_ITEM - 	[原始报文] http://hzmx.nat100.top/api/DispatchSortingCommand/InsertWaveInfo body={"items":[{"epcn":"1291190412539","gridNum":"65","gridNumber":1,"gridType":"1","inco":"1291190412539","obxCode":""}],"orderCode":"PP202600000011","orderQty":1937}(162字节)
2026-08-13 10:38:36.829 [0x000060f0] INFO  WAVE_ITEM - 	[原始报文] http://hzmx.nat100.top/api/DispatchSortingCommand/InsertWaveInfo body={"items":[{"epcn":"1291190460435","gridNum":"65","gridNumber":1,"gridType":"1","inco":"1291190460435","obxCode":""}],"orderCode":"PP202600000011","orderQty":1937}(162字节)
2026-08-13 10:38:36.829 [0x000060f0] INFO  WAVE_ITEM - 	[原始报文] http://hzmx.nat100.top/api/DispatchSortingCommand/InsertWaveInfo body={"items":[{"epcn":"1291190460436","gridNum":"65","gridNumber":1,"gridType":"1","inco":"1291190460436","obxCode":""}],"orderCode":"PP202600000011","orderQty":1937}(162字节)
2026-08-13 10:38:36.829 [0x000060f0] INFO  WAVE_ITEM - 	[原始报文] http://hzmx.nat100.top/api/DispatchSortingCommand/InsertWaveInfo body={"items":[{"epcn":"1291190460437","gridNum":"65","gridNumber":1,"gridType":"1","inco":"1291190460437","obxCode":""}],"orderCode":"PP202600000011","orderQty":1937}(162字节)
2026-08-13 10:38:36.829 [0x000060f0] INFO  WAVE_ITEM - 	[原始报文] http://hzmx.nat100.top/api/DispatchSortingCommand/InsertWaveInfo body={"items":[{"epcn":"1291190460438","gridNum":"65","gridNumber":30,"gridType":"1","inco":"1291190460438","obxCode":""}],"orderCode":"PP202600000011","orderQty":1937}(163字节)
2026-08-13 10:38:36.830 [0x000060f0] INFO  WAVE_ITEM - 	[原始报文] http://hzmx.nat100.top/api/DispatchSortingCommand/InsertWaveInfo body={"items":[{"epcn":"1291190460439","gridNum":"65","gridNumber":31,"gridType":"1","inco":"1291190460439","obxCode":""}],"orderCode":"PP202600000011","orderQty":1937}(163字节)
2026-08-13 10:38:36.830 [0x000060f0] INFO  WAVE_ITEM - 	[原始报文] http://hzmx.nat100.top/api/DispatchSortingCommand/InsertWaveInfo body={"items":[{"epcn":"1291190470335","gridNum":"65","gridNumber":1,"gridType":"1","inco":"1291190470335","obxCode":""}],"orderCode":"PP202600000011","orderQty":1937}(162字节)
2026-08-13 10:38:36.830 [0x000060f0] INFO  WAVE_ITEM - 	[原始报文] http://hzmx.nat100.top/api/DispatchSortingCommand/InsertWaveInfo body={"items":[{"epcn":"1291190470336","gridNum":"65","gridNumber":2,"gridType":"1","inco":"1291190470336","obxCode":""}],"orderCode":"PP202600000011","orderQty":1937}(162字节)
2026-08-13 10:38:36.830 [0x000060f0] INFO  WAVE_ITEM - 	[原始报文] http://hzmx.nat100.top/api/DispatchSortingCommand/InsertWaveInfo body={"items":[{"epcn":"1291190470338","gridNum":"65","gridNumber":1,"gridType":"1","inco":"1291190470338","obxCode":""}],"orderCode":"PP202600000011","orderQty":1937}(162字节)
2026-08-13 10:38:36.830 [0x000060f0] INFO  WAVE_ITEM - 	[原始报文] http://hzmx.nat100.top/api/DispatchSortingCommand/InsertWaveInfo body={"items":[{"epcn":"1291190470339","gridNum":"65","gridNumber":1,"gridType":"1","inco":"1291190470339","obxCode":""}],"orderCode":"PP202600000011","orderQty":1937}(162字节)
2026-08-13 10:38:36.830 [0x000060f0] INFO  WAVE_ITEM - 	[原始报文] http://hzmx.nat100.top/api/DispatchSortingCommand/InsertWaveInfo body={"items":[{"epcn":"1303101713116","gridNum":"65","gridNumber":1,"gridType":"1","inco":"1303101713116","obxCode":""}],"orderCode":"PP202600000011","orderQty":1937}(162字节)
2026-08-13 10:38:36.830 [0x000060f0] INFO  WAVE_ITEM - 	[原始报文] http://hzmx.nat100.top/api/DispatchSortingCommand/InsertWaveInfo body={"items":[{"epcn":"1314013222515","gridNum":"65","gridNumber":1,"gridType":"1","inco":"1314013222515","obxCode":""}],"orderCode":"PP202600000011","orderQty":1937}(162字节)
2026-08-13 10:38:36.830 [0x000060f0] INFO  WAVE_ITEM - 	[原始报文] http://hzmx.nat100.top/api/DispatchSortingCommand/InsertWaveInfo body={"items":[{"epcn":"1314081711812","gridNum":"65","gridNumber":10,"gridType":"1","inco":"1314081711812","obxCode":""}],"orderCode":"PP202600000011","orderQty":1937}(163字节)
2026-08-13 10:38:36.830 [0x000060f0] INFO  WAVE_ITEM - 	[原始报文] http://hzmx.nat100.top/api/DispatchSortingCommand/InsertWaveInfo body={"items":[{"epcn":"1314081711813","gridNum":"65","gridNumber":10,"gridType":"1","inco":"1314081711813","obxCode":""}],"orderCode":"PP202600000011","orderQty":1937}(163字节)
2026-08-13 10:38:36.830 [0x000060f0] INFO  WAVE_ITEM - 	[原始报文] http://hzmx.nat100.top/api/DispatchSortingCommand/InsertWaveInfo body={"items":[{"epcn":"1314081711814","gridNum":"65","gridNumber":10,"gridType":"1","inco":"1314081711814","obxCode":""}],"orderCode":"PP202600000011","orderQty":1937}(163字节)
2026-08-13 10:38:36.830 [0x000060f0] INFO  WAVE_ITEM - 	[原始报文] http://hzmx.nat100.top/api/DispatchSortingCommand/InsertWaveInfo body={"items":[{"epcn":"1314081711815","gridNum":"65","gridNumber":14,"gridType":"1","inco":"1314081711815","obxCode":""}],"orderCode":"PP202600000011","orderQty":1937}(163字节)
2026-08-13 10:38:36.830 [0x000060f0] INFO  WAVE_ITEM - 	[原始报文] http://hzmx.nat100.top/api/DispatchSortingCommand/InsertWaveInfo body={"items":[{"epcn":"1314081711816","gridNum":"65","gridNumber":10,"gridType":"1","inco":"1314081711816","obxCode":""}],"orderCode":"PP202600000011","orderQty":1937}(163字节)
2026-08-13 10:38:36.830 [0x000060f0] INFO  WAVE_ITEM - 	[原始报文] http://hzmx.nat100.top/api/DispatchSortingCommand/InsertWaveInfo body={"items":[{"epcn":"1314081711822","gridNum":"65","gridNumber":10,"gridType":"1","inco":"1314081711822","obxCode":""}],"orderCode":"PP202600000011","orderQty":1937}(163字节)
2026-08-13 10:38:36.830 [0x000060f0] INFO  WAVE_ITEM - 	[原始报文] http://hzmx.nat100.top/api/DispatchSortingCommand/InsertWaveInfo body={"items":[{"epcn":"1314081722412","gridNum":"65","gridNumber":10,"gridType":"1","inco":"1314081722412","obxCode":""}],"orderCode":"PP202600000011","orderQty":1937}(163字节)
2026-08-13 10:38:36.830 [0x000060f0] INFO  WAVE_ITEM - 	[原始报文] http://hzmx.nat100.top/api/DispatchSortingCommand/InsertWaveInfo body={"items":[{"epcn":"1314081722414","gridNum":"65","gridNumber":10,"gridType":"1","inco":"1314081722414","obxCode":""}],"orderCode":"PP202600000011","orderQty":1937}(163字节)
2026-08-13 10:38:36.830 [0x000060f0] INFO  WAVE_ITEM - 	[原始报文] http://hzmx.nat100.top/api/DispatchSortingCommand/InsertWaveInfo body={"items":[{"epcn":"1314081722415","gridNum":"65","gridNumber":10,"gridType":"1","inco":"1314081722415","obxCode":""}],"orderCode":"PP202600000011","orderQty":1937}(163字节)
2026-08-13 10:38:36.830 [0x000060f0] INFO  WAVE_ITEM - 	[原始报文] http://hzmx.nat100.top/api/DispatchSortingCommand/InsertWaveInfo body={"items":[{"epcn":"1314081722416","gridNum":"65","gridNumber":10,"gridType":"1","inco":"1314081722416","obxCode":""}],"orderCode":"PP202600000011","orderQty":1937}(163字节)
2026-08-13 10:38:36.830 [0x000060f0] INFO  WAVE_ITEM - 	[原始报文] http://hzmx.nat100.top/api/DispatchSortingCommand/InsertWaveInfo body={"items":[{"epcn":"1314081722422","gridNum":"65","gridNumber":2,"gridType":"1","inco":"1314081722422","obxCode":""}],"orderCode":"PP202600000011","orderQty":1937}(162字节)
2026-08-13 10:38:36.830 [0x000060f0] INFO  WAVE_ITEM - 	[原始报文] http://hzmx.nat100.top/api/DispatchSortingCommand/InsertWaveInfo body={"items":[{"epcn":"1314081760412","gridNum":"65","gridNumber":10,"gridType":"1","inco":"1314081760412","obxCode":""}],"orderCode":"PP202600000011","orderQty":1937}(163字节)
2026-08-13 10:38:36.830 [0x000060f0] INFO  WAVE_ITEM - 	[原始报文] http://hzmx.nat100.top/api/DispatchSortingCommand/InsertWaveInfo body={"items":[{"epcn":"1314081760414","gridNum":"65","gridNumber":10,"gridType":"1","inco":"1314081760414","obxCode":""}],"orderCode":"PP202600000011","orderQty":1937}(163字节)
2026-08-13 10:38:36.830 [0x000060f0] INFO  WAVE_ITEM - 	[原始报文] http://hzmx.nat100.top/api/DispatchSortingCommand/InsertWaveInfo body={"items":[{"epcn":"1314081760416","gridNum":"65","gridNumber":10,"gridType":"1","inco":"1314081760416","obxCode":""}],"orderCode":"PP202600000011","orderQty":1937}(163字节)
2026-08-13 10:38:36.830 [0x000060f0] INFO  WAVE_ITEM - 	[原始报文] http://hzmx.nat100.top/api/DispatchSortingCommand/InsertWaveInfo body={"items":[{"epcn":"1314081760422","gridNum":"65","gridNumber":10,"gridType":"1","inco":"1314081760422","obxCode":""}],"orderCode":"PP202600000011","orderQty":1937}(163字节)
2026-08-13 10:38:36.830 [0x000060f0] INFO  WAVE_ITEM - 	[原始报文] http://hzmx.nat100.top/api/DispatchSortingCommand/InsertWaveInfo body={"items":[{"epcn":"1322153324414","gridNum":"65","gridNumber":4,"gridType":"1","inco":"1322153324414","obxCode":""}],"orderCode":"PP202600000011","orderQty":1937}(162字节)
2026-08-13 10:38:36.830 [0x000060f0] INFO  WAVE_ITEM - 	[原始报文] http://hzmx.nat100.top/api/DispatchSortingCommand/InsertWaveInfo body={"items":[{"epcn":"1322153324415","gridNum":"65","gridNumber":1,"gridType":"1","inco":"1322153324415","obxCode":""}],"orderCode":"PP202600000011","orderQty":1937}(162字节)
2026-08-13 10:38:36.830 [0x000060f0] INFO  WAVE_ITEM - 	[原始报文] http://hzmx.nat100.top/api/DispatchSortingCommand/InsertWaveInfo body={"items":[{"epcn":"1332123546211","gridNum":"65","gridNumber":1,"gridType":"1","inco":"1332123546211","obxCode":""}],"orderCode":"PP202600000011","orderQty":1937}(162字节)
2026-08-13 10:38:36.830 [0x000060f0] INFO  WAVE_ITEM - 	[原始报文] http://hzmx.nat100.top/api/DispatchSortingCommand/InsertWaveInfo body={"items":[{"epcn":"1332123546212","gridNum":"65","gridNumber":3,"gridType":"1","inco":"1332123546212","obxCode":""}],"orderCode":"PP202600000011","orderQty":1937}(162字节)
2026-08-13 10:38:36.830 [0x000060f0] INFO  WAVE_ITEM - 	[原始报文] http://hzmx.nat100.top/api/DispatchSortingCommand/InsertWaveInfo body={"items":[{"epcn":"1394512711713","gridNum":"65","gridNumber":9,"gridType":"1","inco":"1394512711713","obxCode":""}],"orderCode":"PP202600000011","orderQty":1937}(162字节)
2026-08-13 10:38:36.830 [0x000060f0] INFO  WAVE_ITEM - 	[原始报文] http://hzmx.nat100.top/api/DispatchSortingCommand/InsertWaveInfo body={"items":[{"epcn":"1394512711714","gridNum":"65","gridNumber":5,"gridType":"1","inco":"1394512711714","obxCode":""}],"orderCode":"PP202600000011","orderQty":1937}(162字节)
2026-08-13 10:38:36.830 [0x000060f0] INFO  WAVE_ITEM - 	[原始报文] http://hzmx.nat100.top/api/DispatchSortingCommand/InsertWaveInfo body={"items":[{"epcn":"1394512711715","gridNum":"65","gridNumber":3,"gridType":"1","inco":"1394512711715","obxCode":""}],"orderCode":"PP202600000011","orderQty":1937}(162字节)
2026-08-13 10:38:36.830 [0x000060f0] INFO  WAVE_ITEM - 	[原始报文] http://hzmx.nat100.top/api/DispatchSortingCommand/InsertWaveInfo body={"items":[{"epcn":"1394512711716","gridNum":"65","gridNumber":6,"gridType":"1","inco":"1394512711716","obxCode":""}],"orderCode":"PP202600000011","orderQty":1937}(162字节)
2026-08-13 10:38:36.830 [0x000060f0] INFO  WAVE_ITEM - 	[原始报文] http://hzmx.nat100.top/api/DispatchSortingCommand/InsertWaveInfo body={"items":[{"epcn":"1394512741813","gridNum":"65","gridNumber":6,"gridType":"1","inco":"1394512741813","obxCode":""}],"orderCode":"PP202600000011","orderQty":1937}(162字节)
2026-08-13 10:38:36.830 [0x000060f0] INFO  WAVE_ITEM - 	[原始报文] http://hzmx.nat100.top/api/DispatchSortingCommand/InsertWaveInfo body={"items":[{"epcn":"1394512741814","gridNum":"65","gridNumber":5,"gridType":"1","inco":"1394512741814","obxCode":""}],"orderCode":"PP202600000011","orderQty":1937}(162字节)
2026-08-13 10:38:36.830 [0x000060f0] INFO  WAVE_ITEM - 	[原始报文] http://hzmx.nat100.top/api/DispatchSortingCommand/InsertWaveInfo body={"items":[{"epcn":"1394512741815","gridNum":"65","gridNumber":6,"gridType":"1","inco":"1394512741815","obxCode":""}],"orderCode":"PP202600000011","orderQty":1937}(162字节)
2026-08-13 10:38:36.832 [0x000060f0] INFO  WAVE_ITEM - 	[原始报文] http://hzmx.nat100.top/api/DispatchSortingCommand/InsertWaveInfo body={"items":[{"epcn":"1394512741816","gridNum":"65","gridNumber":5,"gridType":"1","inco":"1394512741816","obxCode":""}],"orderCode":"PP202600000011","orderQty":1937}(162字节)
2026-08-13 10:38:36.832 [0x000060f0] INFO  WAVE_ITEM - 	[原始报文] http://hzmx.nat100.top/api/DispatchSortingCommand/InsertWaveInfo body={"items":[{"epcn":"1600261043503","gridNum":"65","gridNumber":2,"gridType":"1","inco":"1600261043503","obxCode":""}],"orderCode":"PP202600000011","orderQty":1937}(162字节)
2026-08-13 10:38:36.832 [0x000060f0] INFO  WAVE_ITEM - 	[原始报文] http://hzmx.nat100.top/api/DispatchSortingCommand/InsertWaveInfo body={"items":[{"epcn":"1600360113700","gridNum":"65","gridNumber":4,"gridType":"1","inco":"1600360113700","obxCode":""}],"orderCode":"PP202600000011","orderQty":1937}(162字节)
2026-08-13 10:38:36.832 [0x000060f0] INFO  WAVE_ITEM - 	[原始报文] http://hzmx.nat100.top/api/DispatchSortingCommand/InsertWaveInfo body={"items":[{"epcn":"1600360141600","gridNum":"65","gridNumber":1,"gridType":"1","inco":"1600360141600","obxCode":""}],"orderCode":"PP202600000011","orderQty":1937}(162字节)
2026-08-13 10:38:36.832 [0x000060f0] INFO  WAVE_ITEM - 	[原始报文] http://hzmx.nat100.top/api/DispatchSortingCommand/InsertWaveInfo body={"items":[{"epcn":"1600360150900","gridNum":"65","gridNumber":1,"gridType":"1","inco":"1600360150900","obxCode":""}],"orderCode":"PP202600000011","orderQty":1937}(162字节)
2026-08-13 10:38:36.832 [0x000060f0] INFO  WAVE_ITEM - 	[原始报文] http://hzmx.nat100.top/api/DispatchSortingCommand/InsertWaveInfo body={"items":[{"epcn":"1610250922000","gridNum":"65","gridNumber":1,"gridType":"1","inco":"1610250922000","obxCode":""}],"orderCode":"PP202600000011","orderQty":1937}(162字节)
2026-08-13 10:38:36.832 [0x000060f0] INFO  WAVE_ITEM - 	[原始报文] http://hzmx.nat100.top/api/DispatchSortingCommand/InsertWaveInfo body={"items":[{"epcn":"1610571760400","gridNum":"65","gridNumber":2,"gridType":"1","inco":"1610571760400","obxCode":""}],"orderCode":"PP202600000011","orderQty":1937}(162字节)
2026-08-13 10:38:36.832 [0x000060f0] INFO  WAVE_ITEM - 	[原始报文] http://hzmx.nat100.top/api/DispatchSortingCommand/InsertWaveInfo body={"items":[{"epcn":"1610610960400","gridNum":"65","gridNumber":1,"gridType":"1","inco":"1610610960400","obxCode":""}],"orderCode":"PP202600000011","orderQty":1937}(162字节)
2026-08-13 10:38:36.832 [0x000060f0] INFO  WAVE_ITEM - 	[原始报文] http://hzmx.nat100.top/api/DispatchSortingCommand/InsertWaveInfo body={"items":[{"epcn":"1614320212700","gridNum":"65","gridNumber":1,"gridType":"1","inco":"1614320212700","obxCode":""}],"orderCode":"PP202600000011","orderQty":1937}(162字节)
2026-08-13 10:38:36.832 [0x000060f0] INFO  WAVE_ITEM - 	[原始报文] http://hzmx.nat100.top/api/DispatchSortingCommand/InsertWaveInfo body={"items":[{"epcn":"1620274472300","gridNum":"65","gridNumber":1,"gridType":"1","inco":"1620274472300","obxCode":""}],"orderCode":"PP202600000011","orderQty":1937}(162字节)
2026-08-13 10:38:36.832 [0x000060f0] INFO  WAVE_ITEM - 	[原始报文] http://hzmx.nat100.top/api/DispatchSortingCommand/InsertWaveInfo body={"items":[{"epcn":"1620312023503","gridNum":"65","gridNumber":2,"gridType":"1","inco":"1620312023503","obxCode":""}],"orderCode":"PP202600000011","orderQty":1937}(162字节)
2026-08-13 10:38:36.832 [0x000060f0] INFO  WAVE_ITEM - 	[原始报文] http://hzmx.nat100.top/api/DispatchSortingCommand/InsertWaveInfo body={"items":[{"epcn":"1620330122913","gridNum":"65","gridNumber":1,"gridType":"1","inco":"1620330122913","obxCode":""}],"orderCode":"PP202600000011","orderQty":1937}(162字节)
2026-08-13 10:38:36.832 [0x000060f0] INFO  WAVE_ITEM - 	[原始报文] http://hzmx.nat100.top/api/DispatchSortingCommand/InsertWaveInfo body={"items":[{"epcn":"1620573123900","gridNum":"65","gridNumber":1,"gridType":"1","inco":"1620573123900","obxCode":""}],"orderCode":"PP202600000011","orderQty":1937}(162字节)
2026-08-13 10:38:36.832 [0x000060f0] INFO  WAVE_ITEM - 	[原始报文] http://hzmx.nat100.top/api/DispatchSortingCommand/InsertWaveInfo body={"items":[{"epcn":"1620573125400","gridNum":"65","gridNumber":1,"gridType":"1","inco":"1620573125400","obxCode":""}],"orderCode":"PP202600000011","orderQty":1937}(162字节)
2026-08-13 10:38:36.832 [0x000060f0] INFO  WAVE_ITEM - 	[原始报文] http://hzmx.nat100.top/api/DispatchSortingCommand/InsertWaveInfo body={"items":[{"epcn":"1622310150904","gridNum":"65","gridNumber":1,"gridType":"1","inco":"1622310150904","obxCode":""}],"orderCode":"PP202600000011","orderQty":1937}(162字节)
2026-08-13 10:38:36.832 [0x000060f0] INFO  WAVE_ITEM - 	[原始报文] http://hzmx.nat100.top/api/DispatchSortingCommand/InsertWaveInfo body={"items":[{"epcn":"1622340181200","gridNum":"65","gridNumber":1,"gridType":"1","inco":"1622340181200","obxCode":""}],"orderCode":"PP202600000011","orderQty":1937}(162字节)
2026-08-13 10:38:36.832 [0x000060f0] INFO  WAVE_ITEM - 	[原始报文] http://hzmx.nat100.top/api/DispatchSortingCommand/InsertWaveInfo body={"items":[{"epcn":"1622340300000","gridNum":"65","gridNumber":1,"gridType":"1","inco":"1622340300000","obxCode":""}],"orderCode":"PP202600000011","orderQty":1937}(162字节)
2026-08-13 10:38:36.832 [0x000060f0] INFO  WAVE_ITEM - 	[原始报文] http://hzmx.nat100.top/api/DispatchSortingCommand/InsertWaveInfo body={"items":[{"epcn":"1630260211104","gridNum":"65","gridNumber":1,"gridType":"1","inco":"1630260211104","obxCode":""}],"orderCode":"PP202600000011","orderQty":1937}(162字节)
2026-08-13 10:38:36.832 [0x000060f0] INFO  WAVE_ITEM - 	[原始报文] http://hzmx.nat100.top/api/DispatchSortingCommand/InsertWaveInfo body={"items":[{"epcn":"1632344050103","gridNum":"65","gridNumber":1,"gridType":"1","inco":"1632344050103","obxCode":""}],"orderCode":"PP202600000011","orderQty":1937}(162字节)
2026-08-13 10:38:36.832 [0x000060f0] INFO  WAVE_ITEM - 	[原始报文] http://hzmx.nat100.top/api/DispatchSortingCommand/InsertWaveInfo body={"items":[{"epcn":"1632460614503","gridNum":"65","gridNumber":1,"gridType":"1","inco":"1632460614503","obxCode":""}],"orderCode":"PP202600000011","orderQty":1937}(162字节)
2026-08-13 10:38:36.832 [0x000060f0] INFO  WAVE_ITEM - 	[原始报文] http://hzmx.nat100.top/api/DispatchSortingCommand/InsertWaveInfo body={"items":[{"epcn":"1632560270800","gridNum":"65","gridNumber":1,"gridType":"1","inco":"1632560270800","obxCode":""}],"orderCode":"PP202600000011","orderQty":1937}(162字节)
2026-08-13 10:38:36.832 [0x000060f0] INFO  WAVE_ITEM - 	[原始报文] http://hzmx.nat100.top/api/DispatchSortingCommand/InsertWaveInfo body={"items":[{"epcn":"1634345360400","gridNum":"65","gridNumber":1,"gridType":"1","inco":"1634345360400","obxCode":""}],"orderCode":"PP202600000011","orderQty":1937}(162字节)
2026-08-13 10:38:36.832 [0x000060f0] INFO  WAVE_ITEM - 	[原始报文] http://hzmx.nat100.top/api/DispatchSortingCommand/InsertWaveInfo body={"items":[{"epcn":"16402600160400","gridNum":"65","gridNumber":1,"gridType":"1","inco":"16402600160400","obxCode":""}],"orderCode":"PP202600000011","orderQty":1937}(164字节)
2026-08-13 10:38:36.832 [0x000060f0] INFO  WAVE_ITEM - 	[原始报文] http://hzmx.nat100.top/api/DispatchSortingCommand/InsertWaveInfo body={"items":[{"epcn":"1640364113900","gridNum":"65","gridNumber":1,"gridType":"1","inco":"1640364113900","obxCode":""}],"orderCode":"PP202600000011","orderQty":1937}(162字节)
2026-08-13 10:38:36.832 [0x000060f0] INFO  WAVE_ITEM - 	[原始报文] http://hzmx.nat100.top/api/DispatchSortingCommand/InsertWaveInfo body={"items":[{"epcn":"16404441202200","gridNum":"65","gridNumber":1,"gridType":"1","inco":"16404441202200","obxCode":""}],"orderCode":"PP202600000011","orderQty":1937}(164字节)
2026-08-13 10:38:36.832 [0x000060f0] INFO  WAVE_ITEM - 	[原始报文] http://hzmx.nat100.top/api/DispatchSortingCommand/InsertWaveInfo body={"items":[{"epcn":"1640570120500","gridNum":"65","gridNumber":2,"gridType":"1","inco":"1640570120500","obxCode":""}],"orderCode":"PP202600000011","orderQty":1937}(162字节)
2026-08-13 10:38:36.832 [0x000060f0] INFO  WAVE_ITEM - 	[原始报文] http://hzmx.nat100.top/api/DispatchSortingCommand/InsertWaveInfo body={"items":[{"epcn":"1642340851800","gridNum":"65","gridNumber":4,"gridType":"1","inco":"1642340851800","obxCode":""}],"orderCode":"PP202600000011","orderQty":1937}(162字节)
2026-08-13 10:38:36.832 [0x000060f0] INFO  WAVE_ITEM - 	[原始报文] http://hzmx.nat100.top/api/DispatchSortingCommand/InsertWaveInfo body={"items":[{"epcn":"16433440341800","gridNum":"65","gridNumber":4,"gridType":"1","inco":"16433440341800","obxCode":""}],"orderCode":"PP202600000011","orderQty":1937}(164字节)
2026-08-13 10:38:36.833 [0x000060f0] INFO  WAVE_ITEM - 	[原始报文] http://hzmx.nat100.top/api/DispatchSortingCommand/InsertWaveInfo body={"items":[{"epcn":"16433440616500","gridNum":"65","gridNumber":1,"gridType":"1","inco":"16433440616500","obxCode":""}],"orderCode":"PP202600000011","orderQty":1937}(164字节)
2026-08-13 10:38:36.833 [0x000060f0] INFO  WAVE_ITEM - 	[原始报文] http://hzmx.nat100.top/api/DispatchSortingCommand/InsertWaveInfo body={"items":[{"epcn":"16433440661800","gridNum":"65","gridNumber":1,"gridType":"1","inco":"16433440661800","obxCode":""}],"orderCode":"PP202600000011","orderQty":1937}(164字节)
2026-08-13 10:38:36.833 [0x000060f0] INFO  WAVE_ITEM - 	[原始报文] http://hzmx.nat100.top/api/DispatchSortingCommand/InsertWaveInfo body={"items":[{"epcn":"16433440684300","gridNum":"65","gridNumber":1,"gridType":"1","inco":"16433440684300","obxCode":""}],"orderCode":"PP202600000011","orderQty":1937}(164字节)
2026-08-13 10:38:36.833 [0x000060f0] INFO  WAVE_ITEM - 	[原始报文] http://hzmx.nat100.top/api/DispatchSortingCommand/InsertWaveInfo body={"items":[{"epcn":"165041001700800","gridNum":"65","gridNumber":1,"gridType":"1","inco":"165041001700800","obxCode":""}],"orderCode":"PP202600000011","orderQty":1937}(166字节)
2026-08-13 10:38:36.833 [0x000060f0] INFO  WAVE_ITEM - 	[原始报文] http://hzmx.nat100.top/api/DispatchSortingCommand/InsertWaveInfo body={"items":[{"epcn":"1670260941603","gridNum":"65","gridNumber":1,"gridType":"1","inco":"1670260941603","obxCode":""}],"orderCode":"PP202600000011","orderQty":1937}(162字节)
2026-08-13 10:38:36.833 [0x000060f0] INFO  WAVE_ITEM - 	[原始报文] http://hzmx.nat100.top/api/DispatchSortingCommand/InsertWaveInfo body={"items":[{"epcn":"1670260941604","gridNum":"65","gridNumber":2,"gridType":"1","inco":"1670260941604","obxCode":""}],"orderCode":"PP202600000011","orderQty":1937}(162字节)
2026-08-13 10:38:36.833 [0x000060f0] INFO  WAVE_ITEM - 	[原始报文] http://hzmx.nat100.top/api/DispatchSortingCommand/InsertWaveInfo body={"items":[{"epcn":"1674350180103","gridNum":"65","gridNumber":4,"gridType":"1","inco":"1674350180103","obxCode":""}],"orderCode":"PP202600000011","orderQty":1937}(162字节)
2026-08-13 10:38:36.833 [0x000060f0] INFO  WAVE_ITEM - 	[原始报文] http://hzmx.nat100.top/api/DispatchSortingCommand/InsertWaveInfo body={"items":[{"epcn":"1674350180104","gridNum":"65","gridNumber":1,"gridType":"1","inco":"1674350180104","obxCode":""}],"orderCode":"PP202600000011","orderQty":1937}(162字节)
2026-08-13 10:38:36.833 [0x000060f0] INFO  WAVE_ITEM - 	[原始报文] http://hzmx.nat100.top/api/DispatchSortingCommand/InsertWaveInfo body={"items":[{"epcn":"2182120180604","gridNum":"65","gridNumber":1,"gridType":"1","inco":"2182120180604","obxCode":""}],"orderCode":"PP202600000011","orderQty":1937}(162字节)
2026-08-13 10:38:36.833 [0x000060f0] INFO  WAVE_ITEM - 	[原始报文] http://hzmx.nat100.top/api/DispatchSortingCommand/InsertWaveInfo body={"items":[{"epcn":"2192120531804","gridNum":"65","gridNumber":1,"gridType":"1","inco":"2192120531804","obxCode":""}],"orderCode":"PP202600000011","orderQty":1937}(162字节)
2026-08-13 10:38:36.833 [0x000060f0] INFO  WAVE_ITEM - 	[原始报文] http://hzmx.nat100.top/api/DispatchSortingCommand/InsertWaveInfo body={"items":[{"epcn":"2192120541507","gridNum":"65","gridNumber":1,"gridType":"1","inco":"2192120541507","obxCode":""}],"orderCode":"PP202600000011","orderQty":1937}(162字节)
2026-08-13 10:38:36.833 [0x000060f0] INFO  WAVE_ITEM - 	[原始报文] http://hzmx.nat100.top/api/DispatchSortingCommand/InsertWaveInfo body={"items":[{"epcn":"2192122360402","gridNum":"65","gridNumber":5,"gridType":"1","inco":"2192122360402","obxCode":""}],"orderCode":"PP202600000011","orderQty":1937}(162字节)
2026-08-13 10:38:36.833 [0x000060f0] INFO  WAVE_ITEM - 	[原始报文] http://hzmx.nat100.top/api/DispatchSortingCommand/InsertWaveInfo body={"items":[{"epcn":"2192122360403","gridNum":"65","gridNumber":5,"gridType":"1","inco":"2192122360403","obxCode":""}],"orderCode":"PP202600000011","orderQty":1937}(162字节)
2026-08-13 10:38:36.833 [0x000060f0] INFO  WAVE_ITEM - 	[原始报文] http://hzmx.nat100.top/api/DispatchSortingCommand/InsertWaveInfo body={"items":[{"epcn":"2192122360404","gridNum":"65","gridNumber":5,"gridType":"1","inco":"2192122360404","obxCode":""}],"orderCode":"PP202600000011","orderQty":1937}(162字节)
2026-08-13 10:38:36.834 [0x000060f0] INFO  WAVE_ITEM - 	[原始报文] http://hzmx.nat100.top/api/DispatchSortingCommand/InsertWaveInfo body={"items":[{"epcn":"2192122360405","gridNum":"65","gridNumber":5,"gridType":"1","inco":"2192122360405","obxCode":""}],"orderCode":"PP202600000011","orderQty":1937}(162字节)
2026-08-13 10:38:36.834 [0x000060f0] INFO  WAVE_ITEM - 	[原始报文] http://hzmx.nat100.top/api/DispatchSortingCommand/InsertWaveInfo body={"items":[{"epcn":"2192122360406","gridNum":"65","gridNumber":5,"gridType":"1","inco":"2192122360406","obxCode":""}],"orderCode":"PP202600000011","orderQty":1937}(162字节)
2026-08-13 10:38:36.834 [0x000060f0] INFO  WAVE_ITEM - 	[原始报文] http://hzmx.nat100.top/api/DispatchSortingCommand/InsertWaveInfo body={"items":[{"epcn":"2202152411106","gridNum":"65","gridNumber":1,"gridType":"1","inco":"2202152411106","obxCode":""}],"orderCode":"PP202600000011","orderQty":1937}(162字节)
2026-08-13 10:38:36.834 [0x000060f0] INFO  WAVE_ITEM - 	[原始报文] http://hzmx.nat100.top/api/DispatchSortingCommand/InsertWaveInfo body={"items":[{"epcn":"2262120550102","gridNum":"65","gridNumber":4,"gridType":"1","inco":"2262120550102","obxCode":""}],"orderCode":"PP202600000011","orderQty":1937}(162字节)
2026-08-13 10:38:36.834 [0x000060f0] INFO  WAVE_ITEM - 	[原始报文] http://hzmx.nat100.top/api/DispatchSortingCommand/InsertWaveInfo body={"items":[{"epcn":"2264011020102","gridNum":"65","gridNumber":2,"gridType":"1","inco":"2264011020102","obxCode":""}],"orderCode":"PP202600000011","orderQty":1937}(162字节)
2026-08-13 10:38:36.834 [0x000060f0] INFO  WAVE_ITEM - 	[原始报文] http://hzmx.nat100.top/api/DispatchSortingCommand/InsertWaveInfo body={"items":[{"epcn":"2302124111110","gridNum":"65","gridNumber":1,"gridType":"1","inco":"2302124111110","obxCode":""}],"orderCode":"PP202600000011","orderQty":1937}(162字节)
2026-08-13 10:38:36.834 [0x000060f0] INFO  WAVE_ITEM - 	[原始报文] http://hzmx.nat100.top/api/DispatchSortingCommand/InsertWaveInfo body={"items":[{"epcn":"252180640202","gridNum":"65","gridNumber":2,"gridType":"1","inco":"252180640202","obxCode":""}],"orderCode":"PP202600000011","orderQty":1937}(160字节)
2026-08-13 10:38:36.834 [0x000060f0] INFO  WAVE_ITEM - 	[原始报文] http://hzmx.nat100.top/api/DispatchSortingCommand/InsertWaveInfo body={"items":[{"epcn":"252181250206","gridNum":"65","gridNumber":2,"gridType":"1","inco":"252181250206","obxCode":""}],"orderCode":"PP202600000011","orderQty":1937}(160字节)
2026-08-13 10:38:36.834 [0x000060f0] INFO  WAVE_ITEM - 	[原始报文] http://hzmx.nat100.top/api/DispatchSortingCommand/InsertWaveInfo body={"items":[{"epcn":"252181610303","gridNum":"65","gridNumber":2,"gridType":"1","inco":"252181610303","obxCode":""}],"orderCode":"PP202600000011","orderQty":1937}(160字节)
2026-08-13 10:38:36.834 [0x000060f0] INFO  WAVE_ITEM - 	[原始报文] http://hzmx.nat100.top/api/DispatchSortingCommand/InsertWaveInfo body={"items":[{"epcn":"252182620103","gridNum":"65","gridNumber":4,"gridType":"1","inco":"252182620103","obxCode":""}],"orderCode":"PP202600000011","orderQty":1937}(160字节)
2026-08-13 10:38:36.834 [0x000060f0] INFO  WAVE_ITEM - 	[原始报文] http://hzmx.nat100.top/api/DispatchSortingCommand/InsertWaveInfo body={"items":[{"epcn":"252182820106","gridNum":"65","gridNumber":2,"gridType":"1","inco":"252182820106","obxCode":""}],"orderCode":"PP202600000011","orderQty":1937}(160字节)
2026-08-13 10:38:36.834 [0x000060f0] INFO  WAVE_ITEM - 	[原始报文] http://hzmx.nat100.top/api/DispatchSortingCommand/InsertWaveInfo body={"items":[{"epcn":"660250840100","gridNum":"65","gridNumber":9,"gridType":"1","inco":"660250840100","obxCode":""}],"orderCode":"PP202600000011","orderQty":1937}(160字节)
2026-08-13 10:38:36.835 [0x000060f0] INFO  WAVE_ITEM - 	[原始报文] http://hzmx.nat100.top/api/DispatchSortingCommand/InsertWaveInfo body={"items":[{"epcn":"660250850300","gridNum":"65","gridNumber":10,"gridType":"1","inco":"660250850300","obxCode":""}],"orderCode":"PP202600000011","orderQty":1937}(161字节)
2026-08-13 10:38:36.835 [0x000060f0] INFO  WAVE_ITEM - 	[原始报文] http://hzmx.nat100.top/api/DispatchSortingCommand/InsertWaveInfo body={"items":[{"epcn":"660250860100","gridNum":"65","gridNumber":10,"gridType":"1","inco":"660250860100","obxCode":""}],"orderCode":"PP202600000011","orderQty":1937}(161字节)
2026-08-13 10:38:36.835 [0x000060f0] INFO  WAVE_ITEM - 	[原始报文] http://hzmx.nat100.top/api/DispatchSortingCommand/InsertWaveInfo body={"items":[{"epcn":"660250870200","gridNum":"65","gridNumber":10,"gridType":"1","inco":"660250870200","obxCode":""}],"orderCode":"PP202600000011","orderQty":1937}(161字节)
2026-08-13 10:38:36.835 [0x000060f0] INFO  WAVE_ITEM - 	[原始报文] http://hzmx.nat100.top/api/DispatchSortingCommand/InsertWaveInfo body={"items":[{"epcn":"99109937721250","gridNum":"65","gridNumber":1,"gridType":"1","inco":"99109937721250","obxCode":""}],"orderCode":"PP202600000011","orderQty":1937}(164字节)
2026-08-13 10:38:36.835 [0x000060f0] INFO  WAVE_ITEM - 	[原始报文] http://hzmx.nat100.top/api/DispatchSortingCommand/InsertWaveInfo body={"items":[{"epcn":"99109937721260","gridNum":"65","gridNumber":1,"gridType":"1","inco":"99109937721260","obxCode":""}],"orderCode":"PP202600000011","orderQty":1937}(164字节)
2026-08-13 10:38:36.835 [0x000060f0] INFO  WAVE_ITEM - 	[原始报文] http://hzmx.nat100.top/api/DispatchSortingCommand/InsertWaveInfo body={"items":[{"epcn":"99109967611230","gridNum":"65","gridNumber":1,"gridType":"1","inco":"99109967611230","obxCode":""}],"orderCode":"PP202600000011","orderQty":1937}(164字节)
2026-08-13 10:38:36.835 [0x000060f0] INFO  WAVE_ITEM - 	[原始报文] http://hzmx.nat100.top/api/DispatchSortingCommand/InsertWaveInfo body={"items":[{"epcn":"99109967611250","gridNum":"65","gridNumber":1,"gridType":"1","inco":"99109967611250","obxCode":""}],"orderCode":"PP202600000011","orderQty":1937}(164字节)
2026-08-13 10:38:36.835 [0x000060f0] INFO  WAVE_ITEM - 	[原始报文] http://hzmx.nat100.top/api/DispatchSortingCommand/InsertWaveInfo body={"items":[{"epcn":"99309921827230","gridNum":"65","gridNumber":1,"gridType":"1","inco":"99309921827230","obxCode":""}],"orderCode":"PP202600000011","orderQty":1937}(164字节)
2026-08-13 11:13:01.618 [0x00009684] INFO  WAVE_ITEM - 	[原始报文] http://hzmx.nat100.top/api/DispatchSortingCommand/InsertWaveInfo body={"items":[{"epcn":"EPC000000000000000000000001","gridNum":"1","gridNumber":20,"gridType":"普通格口","inco":"SKU0000001","obxCode":"BOX001","volu":"A-01-01"}],"orderCode":"TEST20260813001","orderQty":100}(207字节)
2026-08-13 11:13:01.618 [0x00009684] INFO  WAVE_ITEM - 	[原始报文] http://hzmx.nat100.top/api/DispatchSortingCommand/InsertWaveInfo body={"items":[{"epcn":"EPC000000000000000000000002","gridNum":"1","gridNumber":15,"gridType":"普通格口","inco":"SKU0000002","obxCode":"BOX001","volu":"A-01-01"}],"orderCode":"TEST20260813001","orderQty":100}(207字节)
2026-08-13 11:13:01.618 [0x00009684] INFO  WAVE_ITEM - 	[原始报文] http://hzmx.nat100.top/api/DispatchSortingCommand/InsertWaveInfo body={"items":[{"epcn":"EPC000000000000000000000003","gridNum":"2","gridNumber":30,"gridType":"普通格口","inco":"SKU0000003","obxCode":"BOX002","volu":"A-01-02"}],"orderCode":"TEST20260813001","orderQty":100}(207字节)
2026-08-13 11:13:01.618 [0x00009684] INFO  WAVE_ITEM - 	[原始报文] http://hzmx.nat100.top/api/DispatchSortingCommand/InsertWaveInfo body={"items":[{"epcn":"EPC000000000000000000000004","gridNum":"2","gridNumber":35,"gridType":"普通格口","inco":"SKU0000004","obxCode":"BOX002","volu":"A-01-02"}],"orderCode":"TEST20260813001","orderQty":100}(207字节)
2026-08-13 13:32:53.179 [0x00007580] INFO  WAVE_ITEM - 	[原始报文] http://hzmx.nat100.top/api/DispatchSortingCommand/InsertWaveInfo body={"items":[{"epcn":"EPC000000000000000000000001","gridNum":"1","gridNumber":20,"gridType":"普通格口","inco":"SKU0000001","obxCode":"BOX001","volu":"A-01-01"}],"orderCode":"TEST20260813001","orderQty":100}(207字节)
2026-08-13 13:32:53.180 [0x00007580] INFO  WAVE_ITEM - 	[原始报文] http://hzmx.nat100.top/api/DispatchSortingCommand/InsertWaveInfo body={"items":[{"epcn":"EPC000000000000000000000002","gridNum":"1","gridNumber":15,"gridType":"普通格口","inco":"SKU0000002","obxCode":"BOX001","volu":"A-01-01"}],"orderCode":"TEST20260813001","orderQty":100}(207字节)
2026-08-13 13:32:53.180 [0x00007580] INFO  WAVE_ITEM - 	[原始报文] http://hzmx.nat100.top/api/DispatchSortingCommand/InsertWaveInfo body={"items":[{"epcn":"EPC000000000000000000000003","gridNum":"2","gridNumber":30,"gridType":"普通格口","inco":"SKU0000003","obxCode":"BOX002","volu":"A-01-02"}],"orderCode":"TEST20260813001","orderQty":100}(207字节)
2026-08-13 13:32:53.180 [0x00007580] INFO  WAVE_ITEM - 	[原始报文] http://hzmx.nat100.top/api/DispatchSortingCommand/InsertWaveInfo body={"items":[{"epcn":"EPC000000000000000000000004","gridNum":"2","gridNumber":35,"gridType":"普通格口","inco":"SKU0000004","obxCode":"BOX002","volu":"A-01-02"}],"orderCode":"TEST20260813001","orderQty":100}(207字节)
2026-08-13 13:45:53.471 [0x00007508] INFO  WAVE_ITEM - 	[原始报文] http://hzmx.nat100.top/api/DispatchSortingCommand/InsertWaveInfo body={"items":[{"epcn":"EPC000000000000000000000001","gridNum":"1","gridNumber":20,"gridType":"普通格口","inco":"SKU0000001","obxCode":"BOX001","volu":"A-01-01"}],"orderCode":"TEST20260813001","orderQty":100}(207字节)
2026-08-13 13:45:53.471 [0x00007508] INFO  WAVE_ITEM - 	[原始报文] http://hzmx.nat100.top/api/DispatchSortingCommand/InsertWaveInfo body={"items":[{"epcn":"EPC000000000000000000000002","gridNum":"1","gridNumber":15,"gridType":"普通格口","inco":"SKU0000002","obxCode":"BOX001","volu":"A-01-01"}],"orderCode":"TEST20260813001","orderQty":100}(207字节)
2026-08-13 13:45:53.471 [0x00007508] INFO  WAVE_ITEM - 	[原始报文] http://hzmx.nat100.top/api/DispatchSortingCommand/InsertWaveInfo body={"items":[{"epcn":"EPC000000000000000000000003","gridNum":"2","gridNumber":30,"gridType":"普通格口","inco":"SKU0000003","obxCode":"BOX002","volu":"A-01-02"}],"orderCode":"TEST20260813001","orderQty":100}(207字节)
2026-08-13 13:45:53.471 [0x00007508] INFO  WAVE_ITEM - 	[原始报文] http://hzmx.nat100.top/api/DispatchSortingCommand/InsertWaveInfo body={"items":[{"epcn":"EPC000000000000000000000004","gridNum":"2","gridNumber":35,"gridType":"普通格口","inco":"SKU0000004","obxCode":"BOX002","volu":"A-01-02"}],"orderCode":"TEST20260813001","orderQty":100}(207字节)
2026-08-13 13:52:52.547 [0x00009f84] INFO  WAVE_ITEM - 	[原始报文] http://hzmx.nat100.top/api/DispatchSortingCommand/InsertWaveInfo body={"items":[{"epcn":"EPC000000000000000000000001","gridNum":"1","gridNumber":20,"gridType":"普通格口","inco":"SKU0000001","obxCode":"BOX001","volu":"A-01-01"}],"orderCode":"TEST20260813002","orderQty":100}(207字节)
2026-08-13 13:52:52.547 [0x00009f84] INFO  WAVE_ITEM - 	[原始报文] http://hzmx.nat100.top/api/DispatchSortingCommand/InsertWaveInfo body={"items":[{"epcn":"EPC000000000000000000000002","gridNum":"1","gridNumber":15,"gridType":"普通格口","inco":"SKU0000002","obxCode":"BOX001","volu":"A-01-01"}],"orderCode":"TEST20260813002","orderQty":100}(207字节)
2026-08-13 13:52:52.547 [0x00009f84] INFO  WAVE_ITEM - 	[原始报文] http://hzmx.nat100.top/api/DispatchSortingCommand/InsertWaveInfo body={"items":[{"epcn":"EPC000000000000000000000003","gridNum":"2","gridNumber":30,"gridType":"普通格口","inco":"SKU0000003","obxCode":"BOX002","volu":"A-01-02"}],"orderCode":"TEST20260813002","orderQty":100}(207字节)
2026-08-13 13:52:52.547 [0x00009f84] INFO  WAVE_ITEM - 	[原始报文] http://hzmx.nat100.top/api/DispatchSortingCommand/InsertWaveInfo body={"items":[{"epcn":"EPC000000000000000000000004","gridNum":"2","gridNumber":35,"gridType":"普通格口","inco":"SKU0000004","obxCode":"BOX002","volu":"A-01-02"}],"orderCode":"TEST20260813002","orderQty":100}(207字节)
2026-08-13 14:01:53.066 [0x00002e9c] INFO  WAVE_ITEM - 	[原始报文] http://hzmx.nat100.top/api/DispatchSortingCommand/InsertWaveInfo body={"items":[{"epcn":"EPC000000000000000000000001","gridNum":"1","gridNumber":20,"gridType":"普通格口","inco":"SKU0000001","obxCode":"BOX001","volu":"A-01-01"}],"orderCode":"TEST20260813004","orderQty":100}(207字节)
2026-08-13 14:01:53.067 [0x00002e9c] INFO  WAVE_ITEM - 	[原始报文] http://hzmx.nat100.top/api/DispatchSortingCommand/InsertWaveInfo body={"items":[{"epcn":"EPC000000000000000000000002","gridNum":"1","gridNumber":15,"gridType":"普通格口","inco":"SKU0000002","obxCode":"BOX001","volu":"A-01-01"}],"orderCode":"TEST20260813004","orderQty":100}(207字节)
2026-08-13 14:01:53.067 [0x00002e9c] INFO  WAVE_ITEM - 	[原始报文] http://hzmx.nat100.top/api/DispatchSortingCommand/InsertWaveInfo body={"items":[{"epcn":"EPC000000000000000000000003","gridNum":"2","gridNumber":30,"gridType":"普通格口","inco":"SKU0000003","obxCode":"BOX002","volu":"A-01-02"}],"orderCode":"TEST20260813004","orderQty":100}(207字节)
2026-08-13 14:01:53.067 [0x00002e9c] INFO  WAVE_ITEM - 	[原始报文] http://hzmx.nat100.top/api/DispatchSortingCommand/InsertWaveInfo body={"items":[{"epcn":"EPC000000000000000000000004","gridNum":"2","gridNumber":35,"gridType":"普通格口","inco":"SKU0000004","obxCode":"BOX002","volu":"A-01-02"}],"orderCode":"TEST20260813004","orderQty":100}(207字节)
2026-08-13 16:15:48.974 [0x0000866c] INFO  WAVE_ITEM - 	[原始报文] http://hzmx.nat100.top/api/DispatchSortingCommand/InsertWaveInfo body={"items":[{"epcn":"EPC000000000000000000000001","gridNum":"1","gridNumber":20,"gridType":"普通格口","inco":"SKU0000001","obxCode":"BOX001","volu":"A-01-01"}],"orderCode":"TEST20260813005","orderQty":100}(207字节)
2026-08-13 16:15:48.975 [0x0000866c] INFO  WAVE_ITEM - 	[原始报文] http://hzmx.nat100.top/api/DispatchSortingCommand/InsertWaveInfo body={"items":[{"epcn":"EPC000000000000000000000002","gridNum":"1","gridNumber":15,"gridType":"普通格口","inco":"SKU0000002","obxCode":"BOX001","volu":"A-01-01"}],"orderCode":"TEST20260813005","orderQty":100}(207字节)
2026-08-13 16:15:48.975 [0x0000866c] INFO  WAVE_ITEM - 	[原始报文] http://hzmx.nat100.top/api/DispatchSortingCommand/InsertWaveInfo body={"items":[{"epcn":"EPC000000000000000000000003","gridNum":"2","gridNumber":30,"gridType":"普通格口","inco":"SKU0000003","obxCode":"BOX002","volu":"A-01-02"}],"orderCode":"TEST20260813005","orderQty":100}(207字节)
2026-08-13 16:15:48.975 [0x0000866c] INFO  WAVE_ITEM - 	[原始报文] http://hzmx.nat100.top/api/DispatchSortingCommand/InsertWaveInfo body={"items":[{"epcn":"EPC000000000000000000000004","gridNum":"2","gridNumber":35,"gridType":"普通格口","inco":"SKU0000004","obxCode":"BOX002","volu":"A-01-02"}],"orderCode":"TEST20260813005","orderQty":100}(207字节)
