2026-07-24 13:12:01.927 [0x00008d5c] INFO  WCS - 	[Parse] orderCode=WAVE20260724131201 items=15 SKU=15 qty=15 elapsed=0ms
2026-07-24 13:12:01.929 [0x000097f8] INFO  WCS - 	[WaveMgr] 波次注册 orderCode=WAVE20260724131201 qty=15 SKU=15
2026-07-24 13:12:01.929 [0x000097f8] INFO  WCS - 	[WaveMgr] 状态转换 0 -> 1
2026-07-24 13:12:01.929 [0x000097f8] INFO  WCS - 	[WaveMgr] 接收inco集合 size=15
2026-07-24 13:12:04.963 [0x0000c93c] INFO  WCS - 	[WaveMgr] 波次分拣开始 orderCode=WAVE20260724131201
2026-07-24 13:12:04.963 [0x0000c93c] INFO  WCS - 	[WaveMgr] 状态转换 1 -> 2
2026-07-24 13:16:33.830 [0x000097f8] INFO  WCS - 	[WaveMgr] 波次完成 orderCode=WAVE20260724131201 sorted=10 exception=5 total=15
2026-07-24 13:16:33.834 [0x000097f8] INFO  WCS - 	[WaveMgr] 状态转换 2 -> 3
2026-07-24 13:18:03.540 [0x00008d5c] INFO  WCS - 	[Parse] orderCode=WAVE_TEST_1_0_1784870283406 items=9 SKU=9 qty=9 elapsed=0ms
2026-07-24 13:18:03.540 [0x00008d5c] INFO  WCS - 	[Parse] orderCode=WAVE_TEST_0_0_1784870283405 items=15 SKU=15 qty=15 elapsed=0ms
2026-07-24 13:18:03.542 [0x000097f8] INFO  WCS - 	[WaveMgr] 覆盖旧波次 old=WAVE20260724131201 status=3
2026-07-24 13:18:03.542 [0x000097f8] INFO  WCS - 	[WaveMgr] 波次已清理
2026-07-24 13:18:03.542 [0x000097f8] INFO  WCS - 	[WaveMgr] 状态转换 3 -> 4
2026-07-24 13:18:03.542 [0x000097f8] INFO  WCS - 	[WaveMgr] 波次注册 orderCode=WAVE_TEST_1_0_1784870283406 qty=9 SKU=9
2026-07-24 13:18:03.542 [0x000097f8] INFO  WCS - 	[WaveMgr] 状态转换 4 -> 1
2026-07-24 13:18:03.542 [0x000097f8] INFO  WCS - 	[WaveMgr] 接收inco集合 size=9
2026-07-24 13:18:03.542 [0x000097f8] INFO  WCS - 	[WaveMgr] 覆盖旧波次 old=WAVE_TEST_1_0_1784870283406 status=1
2026-07-24 13:18:03.542 [0x000097f8] INFO  WCS - 	[WaveMgr] 波次已清理
2026-07-24 13:18:03.542 [0x000097f8] INFO  WCS - 	[WaveMgr] 状态转换 1 -> 4
2026-07-24 13:18:03.543 [0x000097f8] INFO  WCS - 	[WaveMgr] 波次注册 orderCode=WAVE_TEST_0_0_1784870283405 qty=15 SKU=15
2026-07-24 13:18:03.543 [0x000097f8] INFO  WCS - 	[WaveMgr] 状态转换 4 -> 1
2026-07-24 13:18:03.543 [0x000097f8] INFO  WCS - 	[WaveMgr] 接收inco集合 size=15
2026-07-24 13:18:03.649 [0x0000c36c] INFO  WCS - 	[WaveMgr] 波次分拣开始 orderCode=WAVE_TEST_0_0_1784870283405
2026-07-24 13:18:03.649 [0x0000c36c] INFO  WCS - 	[WaveMgr] 状态转换 1 -> 2
2026-07-24 13:18:03.755 [0x00008d5c] INFO  WCS - 	[Parse] orderCode=WAVE_TEST_0_1_1784870283741 items=8 SKU=8 qty=8 elapsed=0ms
2026-07-24 13:18:03.755 [0x000097f8] INFO  WCS - 	[WaveMgr] 覆盖旧波次 old=WAVE_TEST_0_0_1784870283405 status=2
2026-07-24 13:18:03.755 [0x000097f8] INFO  WCS - 	[WaveMgr] 波次已清理
2026-07-24 13:18:03.755 [0x000097f8] WARN  WCS - <230>	<WaveManager::setState>,[WaveMgr] 状态转换拒绝 2 -> 4
2026-07-24 13:18:03.755 [0x000097f8] INFO  WCS - 	[WaveMgr] 波次注册 orderCode=WAVE_TEST_0_1_1784870283741 qty=8 SKU=8
2026-07-24 13:18:03.756 [0x000097f8] WARN  WCS - <230>	<WaveManager::setState>,[WaveMgr] 状态转换拒绝 2 -> 1
2026-07-24 13:18:03.756 [0x000097f8] INFO  WCS - 	[WaveMgr] 接收inco集合 size=8
2026-07-24 13:18:03.800 [0x00008d5c] INFO  WCS - 	[Parse] orderCode=WAVE_TEST_1_1_1784870283782 items=14 SKU=14 qty=14 elapsed=0ms
2026-07-24 13:18:03.802 [0x000097f8] INFO  WCS - 	[WaveMgr] 覆盖旧波次 old=WAVE_TEST_0_1_1784870283741 status=2
2026-07-24 13:18:03.802 [0x000097f8] INFO  WCS - 	[WaveMgr] 波次已清理
2026-07-24 13:18:03.802 [0x000097f8] WARN  WCS - <230>	<WaveManager::setState>,[WaveMgr] 状态转换拒绝 2 -> 4
2026-07-24 13:18:03.802 [0x000097f8] INFO  WCS - 	[WaveMgr] 波次注册 orderCode=WAVE_TEST_1_1_1784870283782 qty=14 SKU=14
2026-07-24 13:18:03.802 [0x000097f8] WARN  WCS - <230>	<WaveManager::setState>,[WaveMgr] 状态转换拒绝 2 -> 1
2026-07-24 13:18:03.802 [0x000097f8] INFO  WCS - 	[WaveMgr] 接收inco集合 size=14
2026-07-24 13:18:03.867 [0x000099f4] INFO  WCS - 	[WaveMgr] 波次分拣开始 orderCode=WAVE_TEST_1_1_1784870283782
2026-07-24 13:18:03.867 [0x000099f4] WARN  WCS - <230>	<WaveManager::setState>,[WaveMgr] 状态转换拒绝 2 -> 2
2026-07-24 13:18:04.167 [0x00008d5c] INFO  WCS - 	[Parse] orderCode=WAVE_TEST_0_2_1784870284167 items=6 SKU=6 qty=6 elapsed=0ms
2026-07-24 13:18:04.169 [0x000097f8] INFO  WCS - 	[WaveMgr] 覆盖旧波次 old=WAVE_TEST_1_1_1784870283782 status=2
2026-07-24 13:18:04.169 [0x000097f8] INFO  WCS - 	[WaveMgr] 波次已清理
2026-07-24 13:18:04.169 [0x000097f8] WARN  WCS - <230>	<WaveManager::setState>,[WaveMgr] 状态转换拒绝 2 -> 4
2026-07-24 13:18:04.169 [0x000097f8] INFO  WCS - 	[WaveMgr] 波次注册 orderCode=WAVE_TEST_0_2_1784870284167 qty=6 SKU=6
2026-07-24 13:18:04.169 [0x000097f8] WARN  WCS - <230>	<WaveManager::setState>,[WaveMgr] 状态转换拒绝 2 -> 1
2026-07-24 13:18:04.169 [0x000097f8] INFO  WCS - 	[WaveMgr] 接收inco集合 size=6
2026-07-24 13:18:04.234 [0x0000c1e4] INFO  WCS - 	[WaveMgr] 波次分拣开始 orderCode=WAVE_TEST_0_2_1784870284167
2026-07-24 13:18:04.234 [0x0000c1e4] WARN  WCS - <230>	<WaveManager::setState>,[WaveMgr] 状态转换拒绝 2 -> 2
2026-07-24 13:18:04.278 [0x00008940] INFO  WCS - 	[WaveMgr] 波次完成(异常) orderCode=WAVE_TEST_0_2_1784870284167 sorted=1 exception=5 total=6
2026-07-24 13:18:04.278 [0x00008940] INFO  WCS - 	[WaveMgr] 状态转换 2 -> 3
2026-07-24 13:18:04.295 [0x00008d5c] INFO  WCS - 	[Parse] orderCode=WAVE_TEST_1_2_1784870284272 items=10 SKU=10 qty=10 elapsed=0ms
2026-07-24 13:18:04.296 [0x000097f8] INFO  WCS - 	[WaveMgr] 覆盖旧波次 old=WAVE_TEST_0_2_1784870284167 status=3
2026-07-24 13:18:04.296 [0x000097f8] INFO  WCS - 	[WaveMgr] 波次已清理
2026-07-24 13:18:04.296 [0x000097f8] INFO  WCS - 	[WaveMgr] 状态转换 3 -> 4
2026-07-24 13:18:04.296 [0x000097f8] INFO  WCS - 	[WaveMgr] 波次注册 orderCode=WAVE_TEST_1_2_1784870284272 qty=10 SKU=10
2026-07-24 13:18:04.296 [0x000097f8] INFO  WCS - 	[WaveMgr] 状态转换 4 -> 1
2026-07-24 13:18:04.296 [0x000097f8] INFO  WCS - 	[WaveMgr] 接收inco集合 size=10
2026-07-24 13:18:04.377 [0x00004a0c] INFO  WCS - 	[WaveMgr] 波次分拣开始 orderCode=WAVE_TEST_1_2_1784870284272
2026-07-24 13:18:04.377 [0x00004a0c] INFO  WCS - 	[WaveMgr] 状态转换 1 -> 2
2026-07-24 13:18:04.467 [0x00008d5c] INFO  WCS - 	[Parse] orderCode=WAVE_TEST_1_3_1784870284454 items=7 SKU=7 qty=7 elapsed=0ms
2026-07-24 13:18:04.468 [0x000097f8] INFO  WCS - 	[WaveMgr] 覆盖旧波次 old=WAVE_TEST_1_2_1784870284272 status=2
2026-07-24 13:18:04.469 [0x000097f8] INFO  WCS - 	[WaveMgr] 波次已清理
2026-07-24 13:18:04.469 [0x000097f8] WARN  WCS - <230>	<WaveManager::setState>,[WaveMgr] 状态转换拒绝 2 -> 4
2026-07-24 13:18:04.469 [0x000097f8] INFO  WCS - 	[WaveMgr] 波次注册 orderCode=WAVE_TEST_1_3_1784870284454 qty=7 SKU=7
2026-07-24 13:18:04.469 [0x000097f8] WARN  WCS - <230>	<WaveManager::setState>,[WaveMgr] 状态转换拒绝 2 -> 1
2026-07-24 13:18:04.469 [0x000097f8] INFO  WCS - 	[WaveMgr] 接收inco集合 size=7
2026-07-24 13:18:04.520 [0x0000acbc] INFO  WCS - 	[WaveMgr] 波次分拣开始 orderCode=WAVE_TEST_1_3_1784870284454
2026-07-24 13:18:04.520 [0x0000acbc] WARN  WCS - <230>	<WaveManager::setState>,[WaveMgr] 状态转换拒绝 2 -> 2
2026-07-24 13:18:04.545 [0x00008d5c] INFO  WCS - 	[Parse] orderCode=WAVE_TEST_0_3_1784870284523 items=6 SKU=6 qty=6 elapsed=0ms
2026-07-24 13:18:04.547 [0x000097f8] INFO  WCS - 	[WaveMgr] 覆盖旧波次 old=WAVE_TEST_1_3_1784870284454 status=2
2026-07-24 13:18:04.547 [0x000097f8] INFO  WCS - 	[WaveMgr] 波次已清理
2026-07-24 13:18:04.547 [0x000097f8] WARN  WCS - <230>	<WaveManager::setState>,[WaveMgr] 状态转换拒绝 2 -> 4
2026-07-24 13:18:04.547 [0x000097f8] INFO  WCS - 	[WaveMgr] 波次注册 orderCode=WAVE_TEST_0_3_1784870284523 qty=6 SKU=6
2026-07-24 13:18:04.547 [0x000097f8] WARN  WCS - <230>	<WaveManager::setState>,[WaveMgr] 状态转换拒绝 2 -> 1
2026-07-24 13:18:04.547 [0x000097f8] INFO  WCS - 	[WaveMgr] 接收inco集合 size=6
2026-07-24 13:18:04.601 [0x00002ac4] INFO  WCS - 	[WaveMgr] 波次分拣开始 orderCode=WAVE_TEST_0_3_1784870284523
2026-07-24 13:18:04.601 [0x00002ac4] WARN  WCS - <230>	<WaveManager::setState>,[WaveMgr] 状态转换拒绝 2 -> 2
2026-07-24 13:18:04.718 [0x0000a83c] INFO  WCS - 	[WaveMgr] 波次完成(异常) orderCode=WAVE_TEST_0_3_1784870284523 sorted=2 exception=4 total=6
2026-07-24 13:18:04.718 [0x0000a83c] INFO  WCS - 	[WaveMgr] 状态转换 2 -> 3
2026-07-24 13:18:04.773 [0x00008d5c] INFO  WCS - 	[Parse] orderCode=WAVE_TEST_1_4_1784870284772 items=15 SKU=15 qty=15 elapsed=0ms
2026-07-24 13:18:04.774 [0x000097f8] INFO  WCS - 	[WaveMgr] 覆盖旧波次 old=WAVE_TEST_0_3_1784870284523 status=3
2026-07-24 13:18:04.774 [0x000097f8] INFO  WCS - 	[WaveMgr] 波次已清理
2026-07-24 13:18:04.774 [0x000097f8] INFO  WCS - 	[WaveMgr] 状态转换 3 -> 4
2026-07-24 13:18:04.774 [0x000097f8] INFO  WCS - 	[WaveMgr] 波次注册 orderCode=WAVE_TEST_1_4_1784870284772 qty=15 SKU=15
2026-07-24 13:18:04.774 [0x000097f8] INFO  WCS - 	[WaveMgr] 状态转换 4 -> 1
2026-07-24 13:18:04.774 [0x000097f8] INFO  WCS - 	[WaveMgr] 接收inco集合 size=15
2026-07-24 13:18:04.798 [0x000088c4] INFO  WCS - 	[WaveMgr] 波次分拣开始 orderCode=WAVE_TEST_1_4_1784870284772
2026-07-24 13:18:04.798 [0x000088c4] INFO  WCS - 	[WaveMgr] 状态转换 1 -> 2
2026-07-24 13:18:05.025 [0x00008d5c] INFO  WCS - 	[Parse] orderCode=WAVE_TEST_0_4_1784870285007 items=8 SKU=8 qty=8 elapsed=0ms
2026-07-24 13:18:05.025 [0x000097f8] INFO  WCS - 	[WaveMgr] 覆盖旧波次 old=WAVE_TEST_1_4_1784870284772 status=2
2026-07-24 13:18:05.025 [0x000097f8] INFO  WCS - 	[WaveMgr] 波次已清理
2026-07-24 13:18:05.025 [0x000097f8] WARN  WCS - <230>	<WaveManager::setState>,[WaveMgr] 状态转换拒绝 2 -> 4
2026-07-24 13:18:05.025 [0x000097f8] INFO  WCS - 	[WaveMgr] 波次注册 orderCode=WAVE_TEST_0_4_1784870285007 qty=8 SKU=8
2026-07-24 13:18:05.025 [0x000097f8] WARN  WCS - <230>	<WaveManager::setState>,[WaveMgr] 状态转换拒绝 2 -> 1
2026-07-24 13:18:05.025 [0x000097f8] INFO  WCS - 	[WaveMgr] 接收inco集合 size=8
2026-07-24 13:18:05.071 [0x00002bac] INFO  WCS - 	[WaveMgr] 波次分拣开始 orderCode=WAVE_TEST_0_4_1784870285007
2026-07-24 13:18:05.071 [0x00002bac] WARN  WCS - <230>	<WaveManager::setState>,[WaveMgr] 状态转换拒绝 2 -> 2
2026-07-24 13:18:05.260 [0x0000bd48] INFO  WCS - 	[WaveMgr] 波次完成(异常) orderCode=WAVE_TEST_0_4_1784870285007 sorted=2 exception=6 total=8
2026-07-24 13:18:05.260 [0x0000bd48] INFO  WCS - 	[WaveMgr] 状态转换 2 -> 3
2026-07-24 13:29:10.260 [0x000097f8] WARN  WCS - <230>	<WaveManager::setState>,[WaveMgr] 状态转换拒绝 3 -> 3
2026-07-24 13:29:19.725 [0x000097f8] WARN  WCS - <230>	<WaveManager::setState>,[WaveMgr] 状态转换拒绝 3 -> 3
2026-07-25 16:56:30.229 [0x0000b8d0] INFO  WCS - 	[Parse] orderCode=SIM_165630 items=10 SKU=10 qty=10 elapsed=0ms
2026-07-25 16:56:30.232 [0x000027a4] INFO  WCS - 	[WaveMgr] 波次注册 orderCode=SIM_165630 qty=10 SKU=10
2026-07-25 16:56:30.232 [0x000027a4] INFO  WCS - 	[WaveMgr] 状态转换 0 -> 1
2026-07-25 16:56:30.232 [0x000027a4] INFO  WCS - 	[WaveMgr] 接收inco集合 size=10
2026-07-25 16:56:33.596 [0x000027a4] INFO  WCS - 	[WaveMgr] 波次分拣开始 orderCode=SIM_165630
2026-07-25 16:56:33.596 [0x000027a4] INFO  WCS - 	[WaveMgr] 状态转换 1 -> 2
2026-07-25 16:56:35.581 [0x000027a4] INFO  WCS - 	[WaveMgr] 波次完成 orderCode=SIM_165630 sorted=10 exception=0 total=10
2026-07-25 16:56:35.589 [0x000027a4] INFO  WCS - 	[WaveMgr] 状态转换 2 -> 3
2026-07-25 17:00:34.316 [0x000046e0] INFO  WCS - 	[Parse] orderCode=SIM_170034 items=10 SKU=10 qty=10 elapsed=0ms
2026-07-25 17:00:34.319 [0x0000e434] INFO  WCS - 	[WaveMgr] 波次注册 orderCode=SIM_170034 qty=10 SKU=10
2026-07-25 17:00:34.319 [0x0000e434] INFO  WCS - 	[WaveMgr] 状态转换 0 -> 1
2026-07-25 17:00:34.319 [0x0000e434] INFO  WCS - 	[WaveMgr] 接收inco集合 size=10
2026-07-25 17:00:37.737 [0x0000e434] INFO  WCS - 	[WaveMgr] 波次分拣开始 orderCode=SIM_170034
2026-07-25 17:00:37.737 [0x0000e434] INFO  WCS - 	[WaveMgr] 状态转换 1 -> 2
2026-07-25 17:00:39.699 [0x0000e434] INFO  WCS - 	[WaveMgr] 波次完成 orderCode=SIM_170034 sorted=10 exception=0 total=10
2026-07-25 17:00:39.700 [0x0000e434] INFO  WCS - 	[WaveMgr] 状态转换 2 -> 3
2026-07-25 22:29:51.058 [0x00009c28] INFO  WCS - 	[Parse] orderCode=SIM_222950 items=10 SKU=10 qty=10 elapsed=0ms
2026-07-25 22:29:51.061 [0x0000b74c] INFO  WCS - 	[WaveMgr] 波次注册 orderCode=SIM_222950 qty=10 SKU=10
2026-07-25 22:29:51.061 [0x0000b74c] INFO  WCS - 	[WaveMgr] 状态转换 0 -> 1
2026-07-25 22:29:51.061 [0x0000b74c] INFO  WCS - 	[WaveMgr] 接收inco集合 size=10
2026-07-25 22:29:54.278 [0x0000b118] INFO  WCS - 	[WaveMgr] 波次已清理
2026-07-25 22:29:54.278 [0x0000b118] INFO  WCS - 	[WaveMgr] 状态转换 1 -> 4
2026-07-26 10:10:21.122 [0x0000608c] INFO  WCS - 	[Parse] orderCode=WAVE20260724001 items=20 SKU=20 qty=20 elapsed=0ms
2026-07-26 10:10:21.141 [0x0000cc4c] INFO  WCS - 	[WaveMgr] 波次注册 orderCode=WAVE20260724001 qty=20 SKU=20
2026-07-26 10:10:21.141 [0x0000cc4c] INFO  WCS - 	[WaveMgr] 状态转换 0 -> 1
2026-07-26 10:10:21.141 [0x0000cc4c] INFO  WCS - 	[WaveMgr] 接收inco集合 size=20
2026-07-26 10:10:21.154 [0x0000608c] INFO  WCS - 	[Parse] orderCode=WAVE20260724002 items=1000 SKU=1000 qty=1000 elapsed=2ms
2026-07-26 10:10:21.156 [0x0000cc4c] INFO  WCS - 	[WaveMgr] 覆盖旧波次 old=WAVE20260724001 status=1
2026-07-26 10:10:21.156 [0x0000cc4c] INFO  WCS - 	[WaveMgr] 波次已清理
2026-07-26 10:10:21.156 [0x0000cc4c] INFO  WCS - 	[WaveMgr] 状态转换 1 -> 4
2026-07-26 10:10:21.156 [0x0000cc4c] INFO  WCS - 	[WaveMgr] 波次注册 orderCode=WAVE20260724002 qty=1000 SKU=1000
2026-07-26 10:10:21.156 [0x0000cc4c] INFO  WCS - 	[WaveMgr] 状态转换 4 -> 1
2026-07-26 10:10:21.156 [0x0000cc4c] INFO  WCS - 	[WaveMgr] 接收inco集合 size=1000
2026-07-26 10:12:35.049 [0x00005e90] INFO  WCS - 	[Parse] orderCode=WAVE20260724001 items=20 SKU=20 qty=20 elapsed=0ms
2026-07-26 10:12:35.052 [0x0000cc4c] INFO  WCS - 	[WaveMgr] 波次注册 orderCode=WAVE20260724001 qty=20 SKU=20
2026-07-26 10:12:35.052 [0x0000cc4c] INFO  WCS - 	[WaveMgr] 状态转换 0 -> 1
2026-07-26 10:12:35.052 [0x0000cc4c] INFO  WCS - 	[WaveMgr] 接收inco集合 size=20
2026-07-26 10:12:35.077 [0x00005e90] INFO  WCS - 	[Parse] orderCode=WAVE20260724002 items=1000 SKU=1000 qty=1000 elapsed=3ms
2026-07-26 10:12:35.079 [0x0000cc4c] INFO  WCS - 	[WaveMgr] 覆盖旧波次 old=WAVE20260724001 status=1
2026-07-26 10:12:35.079 [0x0000cc4c] INFO  WCS - 	[WaveMgr] 波次已清理
2026-07-26 10:12:35.079 [0x0000cc4c] INFO  WCS - 	[WaveMgr] 状态转换 1 -> 4
2026-07-26 10:12:35.079 [0x0000cc4c] INFO  WCS - 	[WaveMgr] 波次注册 orderCode=WAVE20260724002 qty=1000 SKU=1000
2026-07-26 10:12:35.079 [0x0000cc4c] INFO  WCS - 	[WaveMgr] 状态转换 4 -> 1
2026-07-26 10:12:35.079 [0x0000cc4c] INFO  WCS - 	[WaveMgr] 接收inco集合 size=1000
2026-07-26 10:12:35.427 [0x0000cc4c] INFO  WCS - 	[WaveMgr] 波次分拣开始 orderCode=WAVE20260724002
2026-07-26 10:12:35.427 [0x0000cc4c] INFO  WCS - 	[WaveMgr] 状态转换 1 -> 2
2026-07-26 10:12:36.569 [0x0000cc4c] INFO  WCS - 	[WaveMgr] 波次完成 orderCode=WAVE20260724002 sorted=1000 exception=0 total=1000
2026-07-26 10:12:36.573 [0x0000cc4c] INFO  WCS - 	[WaveMgr] 状态转换 2 -> 3
2026-07-26 10:12:40.804 [0x00005e90] INFO  WCS - 	[Parse] orderCode=WAVE_E2E_001 items=30 SKU=30 qty=30 elapsed=0ms
2026-07-26 10:12:42.043 [0x00005e90] INFO  WCS - 	[Parse] orderCode=WAVE_CONC_000 items=50 SKU=50 qty=50 elapsed=0ms
2026-07-26 10:12:42.044 [0x00005e90] INFO  WCS - 	[Parse] orderCode=WAVE_CONC_001 items=50 SKU=50 qty=50 elapsed=0ms
2026-07-26 10:12:42.046 [0x00005e90] INFO  WCS - 	[Parse] orderCode=WAVE_CONC_002 items=50 SKU=50 qty=50 elapsed=0ms
2026-07-26 10:12:42.048 [0x00005e90] INFO  WCS - 	[Parse] orderCode=WAVE_CONC_003 items=50 SKU=50 qty=50 elapsed=0ms
2026-07-26 10:12:42.048 [0x00005e90] INFO  WCS - 	[Parse] orderCode=WAVE_CONC_004 items=50 SKU=50 qty=50 elapsed=0ms
2026-07-26 10:12:42.075 [0x00005e90] INFO  WCS - 	[Parse] orderCode=WAVE_STRESS_0000 items=10 SKU=10 qty=10 elapsed=0ms
2026-07-26 10:12:42.079 [0x00005e90] INFO  WCS - 	[Parse] orderCode=WAVE_STRESS_0001 items=10 SKU=10 qty=10 elapsed=0ms
2026-07-26 10:12:42.083 [0x00005e90] INFO  WCS - 	[Parse] orderCode=WAVE_STRESS_0002 items=10 SKU=10 qty=10 elapsed=0ms
2026-07-26 10:12:42.086 [0x00005e90] INFO  WCS - 	[Parse] orderCode=WAVE_STRESS_0003 items=10 SKU=10 qty=10 elapsed=0ms
2026-07-26 10:12:42.106 [0x00005e90] INFO  WCS - 	[Parse] orderCode=WAVE_STRESS_0004 items=10 SKU=10 qty=10 elapsed=0ms
2026-07-26 10:12:42.110 [0x00005e90] INFO  WCS - 	[Parse] orderCode=WAVE_STRESS_0005 items=10 SKU=10 qty=10 elapsed=0ms
2026-07-26 10:12:42.112 [0x00005e90] INFO  WCS - 	[Parse] orderCode=WAVE_STRESS_0006 items=10 SKU=10 qty=10 elapsed=0ms
2026-07-26 10:12:42.115 [0x00005e90] INFO  WCS - 	[Parse] orderCode=WAVE_STRESS_0007 items=10 SKU=10 qty=10 elapsed=0ms
2026-07-26 10:12:42.118 [0x00005e90] INFO  WCS - 	[Parse] orderCode=WAVE_STRESS_0008 items=10 SKU=10 qty=10 elapsed=0ms
2026-07-26 10:12:42.122 [0x00005e90] INFO  WCS - 	[Parse] orderCode=WAVE_STRESS_0009 items=10 SKU=10 qty=10 elapsed=0ms
2026-07-26 10:12:42.126 [0x00005e90] INFO  WCS - 	[Parse] orderCode=WAVE_STRESS_0010 items=10 SKU=10 qty=10 elapsed=0ms
2026-07-26 10:12:42.128 [0x00005e90] INFO  WCS - 	[Parse] orderCode=WAVE_STRESS_0011 items=10 SKU=10 qty=10 elapsed=0ms
2026-07-26 10:12:42.131 [0x00005e90] INFO  WCS - 	[Parse] orderCode=WAVE_STRESS_0012 items=10 SKU=10 qty=10 elapsed=0ms
2026-07-26 10:12:42.134 [0x00005e90] INFO  WCS - 	[Parse] orderCode=WAVE_STRESS_0013 items=10 SKU=10 qty=10 elapsed=0ms
2026-07-26 10:12:42.154 [0x00005e90] INFO  WCS - 	[Parse] orderCode=WAVE_STRESS_0014 items=10 SKU=10 qty=10 elapsed=0ms
2026-07-26 10:12:42.157 [0x00005e90] INFO  WCS - 	[Parse] orderCode=WAVE_STRESS_0015 items=10 SKU=10 qty=10 elapsed=0ms
2026-07-26 10:12:42.160 [0x00005e90] INFO  WCS - 	[Parse] orderCode=WAVE_STRESS_0016 items=10 SKU=10 qty=10 elapsed=0ms
2026-07-26 10:12:42.185 [0x00005e90] INFO  WCS - 	[Parse] orderCode=WAVE_STRESS_0017 items=10 SKU=10 qty=10 elapsed=0ms
2026-07-26 10:12:42.189 [0x00005e90] INFO  WCS - 	[Parse] orderCode=WAVE_STRESS_0018 items=10 SKU=10 qty=10 elapsed=0ms
2026-07-26 10:12:42.216 [0x00005e90] INFO  WCS - 	[Parse] orderCode=WAVE_STRESS_0019 items=10 SKU=10 qty=10 elapsed=0ms
2026-07-26 10:12:42.231 [0x00005e90] INFO  WCS - 	[Parse] orderCode=WAVE_STRESS_0020 items=10 SKU=10 qty=10 elapsed=0ms
2026-07-26 10:12:42.234 [0x00005e90] INFO  WCS - 	[Parse] orderCode=WAVE_STRESS_0021 items=10 SKU=10 qty=10 elapsed=0ms
2026-07-26 10:12:42.246 [0x00005e90] INFO  WCS - 	[Parse] orderCode=WAVE_STRESS_0022 items=10 SKU=10 qty=10 elapsed=0ms
2026-07-26 10:12:42.249 [0x00005e90] INFO  WCS - 	[Parse] orderCode=WAVE_STRESS_0023 items=10 SKU=10 qty=10 elapsed=0ms
2026-07-26 10:12:42.252 [0x00005e90] INFO  WCS - 	[Parse] orderCode=WAVE_STRESS_0024 items=10 SKU=10 qty=10 elapsed=0ms
2026-07-26 10:12:42.254 [0x00005e90] INFO  WCS - 	[Parse] orderCode=WAVE_STRESS_0025 items=10 SKU=10 qty=10 elapsed=0ms
2026-07-26 10:12:42.257 [0x00005e90] INFO  WCS - 	[Parse] orderCode=WAVE_STRESS_0026 items=10 SKU=10 qty=10 elapsed=0ms
2026-07-26 10:12:42.277 [0x00005e90] INFO  WCS - 	[Parse] orderCode=WAVE_STRESS_0027 items=10 SKU=10 qty=10 elapsed=0ms
2026-07-26 10:12:42.281 [0x00005e90] INFO  WCS - 	[Parse] orderCode=WAVE_STRESS_0028 items=10 SKU=10 qty=10 elapsed=0ms
2026-07-26 10:12:42.308 [0x00005e90] INFO  WCS - 	[Parse] orderCode=WAVE_STRESS_0029 items=10 SKU=10 qty=10 elapsed=0ms
2026-07-26 10:12:42.323 [0x00005e90] INFO  WCS - 	[Parse] orderCode=WAVE_STRESS_0030 items=10 SKU=10 qty=10 elapsed=0ms
2026-07-26 10:12:42.327 [0x00005e90] INFO  WCS - 	[Parse] orderCode=WAVE_STRESS_0031 items=10 SKU=10 qty=10 elapsed=0ms
2026-07-26 10:12:42.329 [0x00005e90] INFO  WCS - 	[Parse] orderCode=WAVE_STRESS_0032 items=10 SKU=10 qty=10 elapsed=0ms
2026-07-26 10:12:42.332 [0x00005e90] INFO  WCS - 	[Parse] orderCode=WAVE_STRESS_0033 items=10 SKU=10 qty=10 elapsed=0ms
2026-07-26 10:12:42.333 [0x00005e90] INFO  WCS - 	[Parse] orderCode=WAVE_STRESS_0034 items=10 SKU=10 qty=10 elapsed=0ms
2026-07-26 10:12:42.335 [0x00005e90] INFO  WCS - 	[Parse] orderCode=WAVE_STRESS_0035 items=10 SKU=10 qty=10 elapsed=0ms
2026-07-26 10:12:42.354 [0x00005e90] INFO  WCS - 	[Parse] orderCode=WAVE_STRESS_0036 items=10 SKU=10 qty=10 elapsed=0ms
2026-07-26 10:12:42.357 [0x00005e90] INFO  WCS - 	[Parse] orderCode=WAVE_STRESS_0037 items=10 SKU=10 qty=10 elapsed=0ms
2026-07-26 10:12:42.360 [0x00005e90] INFO  WCS - 	[Parse] orderCode=WAVE_STRESS_0038 items=10 SKU=10 qty=10 elapsed=0ms
2026-07-26 10:12:42.362 [0x00005e90] INFO  WCS - 	[Parse] orderCode=WAVE_STRESS_0039 items=10 SKU=10 qty=10 elapsed=0ms
2026-07-26 10:12:42.385 [0x00005e90] INFO  WCS - 	[Parse] orderCode=WAVE_STRESS_0040 items=10 SKU=10 qty=10 elapsed=0ms
2026-07-26 10:12:42.388 [0x00005e90] INFO  WCS - 	[Parse] orderCode=WAVE_STRESS_0041 items=10 SKU=10 qty=10 elapsed=0ms
2026-07-26 10:12:42.391 [0x00005e90] INFO  WCS - 	[Parse] orderCode=WAVE_STRESS_0042 items=10 SKU=10 qty=10 elapsed=0ms
2026-07-26 10:12:42.393 [0x00005e90] INFO  WCS - 	[Parse] orderCode=WAVE_STRESS_0043 items=10 SKU=10 qty=10 elapsed=0ms
2026-07-26 10:12:42.394 [0x00005e90] INFO  WCS - 	[Parse] orderCode=WAVE_STRESS_0044 items=10 SKU=10 qty=10 elapsed=0ms
2026-07-26 10:12:42.396 [0x00005e90] INFO  WCS - 	[Parse] orderCode=WAVE_STRESS_0045 items=10 SKU=10 qty=10 elapsed=0ms
2026-07-26 10:12:42.416 [0x00005e90] INFO  WCS - 	[Parse] orderCode=WAVE_STRESS_0046 items=10 SKU=10 qty=10 elapsed=0ms
2026-07-26 10:12:42.418 [0x00005e90] INFO  WCS - 	[Parse] orderCode=WAVE_STRESS_0047 items=10 SKU=10 qty=10 elapsed=0ms
2026-07-26 10:12:42.422 [0x00005e90] INFO  WCS - 	[Parse] orderCode=WAVE_STRESS_0048 items=10 SKU=10 qty=10 elapsed=0ms
2026-07-26 10:12:42.425 [0x00005e90] INFO  WCS - 	[Parse] orderCode=WAVE_STRESS_0049 items=10 SKU=10 qty=10 elapsed=0ms
2026-07-26 10:12:42.427 [0x00005e90] INFO  WCS - 	[Parse] orderCode=WAVE_STRESS_0050 items=10 SKU=10 qty=10 elapsed=0ms
2026-07-26 10:12:42.448 [0x00005e90] INFO  WCS - 	[Parse] orderCode=WAVE_STRESS_0051 items=10 SKU=10 qty=10 elapsed=0ms
2026-07-26 10:12:42.464 [0x00005e90] INFO  WCS - 	[Parse] orderCode=WAVE_STRESS_0052 items=10 SKU=10 qty=10 elapsed=0ms
2026-07-26 10:12:42.468 [0x00005e90] INFO  WCS - 	[Parse] orderCode=WAVE_STRESS_0053 items=10 SKU=10 qty=10 elapsed=0ms
2026-07-26 10:12:42.470 [0x00005e90] INFO  WCS - 	[Parse] orderCode=WAVE_STRESS_0054 items=10 SKU=10 qty=10 elapsed=0ms
2026-07-26 10:12:42.495 [0x00005e90] INFO  WCS - 	[Parse] orderCode=WAVE_STRESS_0055 items=10 SKU=10 qty=10 elapsed=0ms
2026-07-26 10:12:42.499 [0x00005e90] INFO  WCS - 	[Parse] orderCode=WAVE_STRESS_0056 items=10 SKU=10 qty=10 elapsed=0ms
2026-07-26 10:12:42.501 [0x00005e90] INFO  WCS - 	[Parse] orderCode=WAVE_STRESS_0057 items=10 SKU=10 qty=10 elapsed=0ms
2026-07-26 10:12:42.503 [0x00005e90] INFO  WCS - 	[Parse] orderCode=WAVE_STRESS_0058 items=10 SKU=10 qty=10 elapsed=0ms
2026-07-26 10:12:42.506 [0x00005e90] INFO  WCS - 	[Parse] orderCode=WAVE_STRESS_0059 items=10 SKU=10 qty=10 elapsed=0ms
2026-07-26 10:12:42.510 [0x00005e90] INFO  WCS - 	[Parse] orderCode=WAVE_STRESS_0060 items=10 SKU=10 qty=10 elapsed=0ms
2026-07-26 10:12:42.512 [0x00005e90] INFO  WCS - 	[Parse] orderCode=WAVE_STRESS_0061 items=10 SKU=10 qty=10 elapsed=0ms
2026-07-26 10:12:42.515 [0x00005e90] INFO  WCS - 	[Parse] orderCode=WAVE_STRESS_0062 items=10 SKU=10 qty=10 elapsed=0ms
2026-07-26 10:12:42.518 [0x00005e90] INFO  WCS - 	[Parse] orderCode=WAVE_STRESS_0063 items=10 SKU=10 qty=10 elapsed=0ms
2026-07-26 10:12:42.521 [0x00005e90] INFO  WCS - 	[Parse] orderCode=WAVE_STRESS_0064 items=10 SKU=10 qty=10 elapsed=0ms
2026-07-26 10:12:42.524 [0x00005e90] INFO  WCS - 	[Parse] orderCode=WAVE_STRESS_0065 items=10 SKU=10 qty=10 elapsed=0ms
2026-07-26 10:12:42.526 [0x00005e90] INFO  WCS - 	[Parse] orderCode=WAVE_STRESS_0066 items=10 SKU=10 qty=10 elapsed=0ms
2026-07-26 10:12:42.542 [0x00005e90] INFO  WCS - 	[Parse] orderCode=WAVE_STRESS_0067 items=10 SKU=10 qty=10 elapsed=0ms
2026-07-26 10:12:42.544 [0x00005e90] INFO  WCS - 	[Parse] orderCode=WAVE_STRESS_0068 items=10 SKU=10 qty=10 elapsed=0ms
2026-07-26 10:12:42.548 [0x00005e90] INFO  WCS - 	[Parse] orderCode=WAVE_STRESS_0069 items=10 SKU=10 qty=10 elapsed=0ms
2026-07-26 10:12:42.549 [0x00005e90] INFO  WCS - 	[Parse] orderCode=WAVE_STRESS_0070 items=10 SKU=10 qty=10 elapsed=0ms
2026-07-26 10:12:42.552 [0x00005e90] INFO  WCS - 	[Parse] orderCode=WAVE_STRESS_0071 items=10 SKU=10 qty=10 elapsed=0ms
2026-07-26 10:12:42.553 [0x00005e90] INFO  WCS - 	[Parse] orderCode=WAVE_STRESS_0072 items=10 SKU=10 qty=10 elapsed=0ms
2026-07-26 10:12:42.556 [0x00005e90] INFO  WCS - 	[Parse] orderCode=WAVE_STRESS_0073 items=10 SKU=10 qty=10 elapsed=0ms
2026-07-26 10:12:42.558 [0x00005e90] INFO  WCS - 	[Parse] orderCode=WAVE_STRESS_0074 items=10 SKU=10 qty=10 elapsed=0ms
2026-07-26 10:12:42.561 [0x00005e90] INFO  WCS - 	[Parse] orderCode=WAVE_STRESS_0075 items=10 SKU=10 qty=10 elapsed=0ms
2026-07-26 10:12:42.588 [0x00005e90] INFO  WCS - 	[Parse] orderCode=WAVE_STRESS_0076 items=10 SKU=10 qty=10 elapsed=0ms
2026-07-26 10:12:42.603 [0x00005e90] INFO  WCS - 	[Parse] orderCode=WAVE_STRESS_0077 items=10 SKU=10 qty=10 elapsed=0ms
2026-07-26 10:12:42.618 [0x00005e90] INFO  WCS - 	[Parse] orderCode=WAVE_STRESS_0078 items=10 SKU=10 qty=10 elapsed=0ms
2026-07-26 10:12:42.634 [0x00005e90] INFO  WCS - 	[Parse] orderCode=WAVE_STRESS_0079 items=10 SKU=10 qty=10 elapsed=0ms
2026-07-26 10:12:42.637 [0x00005e90] INFO  WCS - 	[Parse] orderCode=WAVE_STRESS_0080 items=10 SKU=10 qty=10 elapsed=0ms
2026-07-26 10:12:42.639 [0x00005e90] INFO  WCS - 	[Parse] orderCode=WAVE_STRESS_0081 items=10 SKU=10 qty=10 elapsed=0ms
2026-07-26 10:12:42.642 [0x00005e90] INFO  WCS - 	[Parse] orderCode=WAVE_STRESS_0082 items=10 SKU=10 qty=10 elapsed=0ms
2026-07-26 10:12:42.664 [0x00005e90] INFO  WCS - 	[Parse] orderCode=WAVE_STRESS_0083 items=10 SKU=10 qty=10 elapsed=0ms
2026-07-26 10:12:42.680 [0x00005e90] INFO  WCS - 	[Parse] orderCode=WAVE_STRESS_0084 items=10 SKU=10 qty=10 elapsed=0ms
2026-07-26 10:12:42.694 [0x00005e90] INFO  WCS - 	[Parse] orderCode=WAVE_STRESS_0085 items=10 SKU=10 qty=10 elapsed=0ms
2026-07-26 10:12:42.697 [0x00005e90] INFO  WCS - 	[Parse] orderCode=WAVE_STRESS_0086 items=10 SKU=10 qty=10 elapsed=0ms
2026-07-26 10:12:42.710 [0x00005e90] INFO  WCS - 	[Parse] orderCode=WAVE_STRESS_0087 items=10 SKU=10 qty=10 elapsed=0ms
2026-07-26 10:12:42.713 [0x00005e90] INFO  WCS - 	[Parse] orderCode=WAVE_STRESS_0088 items=10 SKU=10 qty=10 elapsed=0ms
2026-07-26 10:12:42.726 [0x00005e90] INFO  WCS - 	[Parse] orderCode=WAVE_STRESS_0089 items=10 SKU=10 qty=10 elapsed=0ms
2026-07-26 10:12:42.730 [0x00005e90] INFO  WCS - 	[Parse] orderCode=WAVE_STRESS_0090 items=10 SKU=10 qty=10 elapsed=0ms
2026-07-26 10:12:42.732 [0x00005e90] INFO  WCS - 	[Parse] orderCode=WAVE_STRESS_0091 items=10 SKU=10 qty=10 elapsed=0ms
2026-07-26 10:12:42.734 [0x00005e90] INFO  WCS - 	[Parse] orderCode=WAVE_STRESS_0092 items=10 SKU=10 qty=10 elapsed=0ms
2026-07-26 10:12:42.737 [0x00005e90] INFO  WCS - 	[Parse] orderCode=WAVE_STRESS_0093 items=10 SKU=10 qty=10 elapsed=0ms
2026-07-26 10:12:42.758 [0x00005e90] INFO  WCS - 	[Parse] orderCode=WAVE_STRESS_0094 items=10 SKU=10 qty=10 elapsed=0ms
2026-07-26 10:12:42.762 [0x00005e90] INFO  WCS - 	[Parse] orderCode=WAVE_STRESS_0095 items=10 SKU=10 qty=10 elapsed=0ms
2026-07-26 10:12:42.765 [0x00005e90] INFO  WCS - 	[Parse] orderCode=WAVE_STRESS_0096 items=10 SKU=10 qty=10 elapsed=0ms
2026-07-26 10:12:42.766 [0x00005e90] INFO  WCS - 	[Parse] orderCode=WAVE_STRESS_0097 items=10 SKU=10 qty=10 elapsed=0ms
2026-07-26 10:12:42.769 [0x00005e90] INFO  WCS - 	[Parse] orderCode=WAVE_STRESS_0098 items=10 SKU=10 qty=10 elapsed=0ms
2026-07-26 10:12:42.788 [0x00005e90] INFO  WCS - 	[Parse] orderCode=WAVE_STRESS_0099 items=10 SKU=10 qty=10 elapsed=0ms
2026-07-26 10:19:09.131 [0x000084e4] INFO  WCS - 	[Parse] orderCode=WAVE20260724001 items=20 SKU=20 qty=20 elapsed=0ms
2026-07-26 10:19:09.152 [0x00000c28] INFO  WCS - 	[WaveMgr] 波次注册 orderCode=WAVE20260724001 qty=20 SKU=20
2026-07-26 10:19:09.153 [0x00000c28] INFO  WCS - 	[WaveMgr] 状态转换 0 -> 1
2026-07-26 10:19:09.153 [0x00000c28] INFO  WCS - 	[WaveMgr] 接收inco集合 size=20
2026-07-26 10:19:09.181 [0x000084e4] INFO  WCS - 	[Parse] orderCode=WAVE20260724002 items=1000 SKU=1000 qty=1000 elapsed=4ms
2026-07-26 10:19:09.182 [0x00000c28] INFO  WCS - 	[WaveMgr] 覆盖旧波次 old=WAVE20260724001 status=1
2026-07-26 10:19:09.182 [0x00000c28] INFO  WCS - 	[WaveMgr] 波次已清理
2026-07-26 10:19:09.182 [0x00000c28] INFO  WCS - 	[WaveMgr] 状态转换 1 -> 4
2026-07-26 10:19:09.182 [0x00000c28] INFO  WCS - 	[WaveMgr] 波次注册 orderCode=WAVE20260724002 qty=1000 SKU=1000
2026-07-26 10:19:09.182 [0x00000c28] INFO  WCS - 	[WaveMgr] 状态转换 4 -> 1
2026-07-26 10:19:09.182 [0x00000c28] INFO  WCS - 	[WaveMgr] 接收inco集合 size=1000
2026-07-26 10:19:09.601 [0x00000c28] INFO  WCS - 	[WaveMgr] 波次分拣开始 orderCode=WAVE20260724002
2026-07-26 10:19:09.601 [0x00000c28] INFO  WCS - 	[WaveMgr] 状态转换 1 -> 2
2026-07-26 10:19:10.666 [0x00000c28] INFO  WCS - 	[WaveMgr] 波次完成 orderCode=WAVE20260724002 sorted=1000 exception=0 total=1000
2026-07-26 10:19:10.667 [0x00000c28] INFO  WCS - 	[WaveMgr] 状态转换 2 -> 3
2026-07-26 10:19:14.850 [0x000084e4] INFO  WCS - 	[Parse] orderCode=WAVE_E2E_001 items=30 SKU=30 qty=30 elapsed=0ms
2026-07-26 10:19:16.141 [0x000084e4] INFO  WCS - 	[Parse] orderCode=WAVE_CONC_000 items=50 SKU=50 qty=50 elapsed=0ms
2026-07-26 10:19:16.142 [0x000084e4] INFO  WCS - 	[Parse] orderCode=WAVE_CONC_001 items=50 SKU=50 qty=50 elapsed=0ms
2026-07-26 10:19:16.144 [0x000084e4] INFO  WCS - 	[Parse] orderCode=WAVE_CONC_002 items=50 SKU=50 qty=50 elapsed=0ms
2026-07-26 10:19:16.144 [0x000084e4] INFO  WCS - 	[Parse] orderCode=WAVE_CONC_003 items=50 SKU=50 qty=50 elapsed=0ms
2026-07-26 10:19:16.146 [0x000084e4] INFO  WCS - 	[Parse] orderCode=WAVE_CONC_004 items=50 SKU=50 qty=50 elapsed=0ms
2026-07-26 10:19:16.165 [0x000084e4] INFO  WCS - 	[Parse] orderCode=WAVE_STRESS_0000 items=10 SKU=10 qty=10 elapsed=0ms
2026-07-26 10:19:16.180 [0x000084e4] INFO  WCS - 	[Parse] orderCode=WAVE_STRESS_0001 items=10 SKU=10 qty=10 elapsed=0ms
2026-07-26 10:19:16.196 [0x000084e4] INFO  WCS - 	[Parse] orderCode=WAVE_STRESS_0002 items=10 SKU=10 qty=10 elapsed=0ms
2026-07-26 10:19:16.198 [0x000084e4] INFO  WCS - 	[Parse] orderCode=WAVE_STRESS_0003 items=10 SKU=10 qty=10 elapsed=0ms
2026-07-26 10:19:16.201 [0x000084e4] INFO  WCS - 	[Parse] orderCode=WAVE_STRESS_0004 items=10 SKU=10 qty=10 elapsed=0ms
2026-07-26 10:19:16.203 [0x000084e4] INFO  WCS - 	[Parse] orderCode=WAVE_STRESS_0005 items=10 SKU=10 qty=10 elapsed=0ms
2026-07-26 10:19:16.227 [0x000084e4] INFO  WCS - 	[Parse] orderCode=WAVE_STRESS_0006 items=10 SKU=10 qty=10 elapsed=0ms
2026-07-26 10:19:16.229 [0x000084e4] INFO  WCS - 	[Parse] orderCode=WAVE_STRESS_0007 items=10 SKU=10 qty=10 elapsed=0ms
2026-07-26 10:19:16.241 [0x000084e4] INFO  WCS - 	[Parse] orderCode=WAVE_STRESS_0008 items=10 SKU=10 qty=10 elapsed=0ms
2026-07-26 10:19:16.245 [0x000084e4] INFO  WCS - 	[Parse] orderCode=WAVE_STRESS_0009 items=10 SKU=10 qty=10 elapsed=0ms
2026-07-26 10:19:16.271 [0x000084e4] INFO  WCS - 	[Parse] orderCode=WAVE_STRESS_0010 items=10 SKU=10 qty=10 elapsed=0ms
2026-07-26 10:19:16.287 [0x000084e4] INFO  WCS - 	[Parse] orderCode=WAVE_STRESS_0011 items=10 SKU=10 qty=10 elapsed=0ms
2026-07-26 10:19:16.289 [0x000084e4] INFO  WCS - 	[Parse] orderCode=WAVE_STRESS_0012 items=10 SKU=10 qty=10 elapsed=0ms
2026-07-26 10:19:16.293 [0x000084e4] INFO  WCS - 	[Parse] orderCode=WAVE_STRESS_0013 items=10 SKU=10 qty=10 elapsed=0ms
2026-07-26 10:19:16.295 [0x000084e4] INFO  WCS - 	[Parse] orderCode=WAVE_STRESS_0014 items=10 SKU=10 qty=10 elapsed=0ms
2026-07-26 10:19:16.319 [0x000084e4] INFO  WCS - 	[Parse] orderCode=WAVE_STRESS_0015 items=10 SKU=10 qty=10 elapsed=0ms
2026-07-26 10:19:16.321 [0x000084e4] INFO  WCS - 	[Parse] orderCode=WAVE_STRESS_0016 items=10 SKU=10 qty=10 elapsed=0ms
2026-07-26 10:19:16.348 [0x000084e4] INFO  WCS - 	[Parse] orderCode=WAVE_STRESS_0017 items=10 SKU=10 qty=10 elapsed=0ms
2026-07-26 10:19:16.352 [0x000084e4] INFO  WCS - 	[Parse] orderCode=WAVE_STRESS_0018 items=10 SKU=10 qty=10 elapsed=0ms
2026-07-26 10:19:16.354 [0x000084e4] INFO  WCS - 	[Parse] orderCode=WAVE_STRESS_0019 items=10 SKU=10 qty=10 elapsed=0ms
2026-07-26 10:19:16.356 [0x000084e4] INFO  WCS - 	[Parse] orderCode=WAVE_STRESS_0020 items=10 SKU=10 qty=10 elapsed=0ms
2026-07-26 10:19:16.358 [0x000084e4] INFO  WCS - 	[Parse] orderCode=WAVE_STRESS_0021 items=10 SKU=10 qty=10 elapsed=0ms
2026-07-26 10:19:16.360 [0x000084e4] INFO  WCS - 	[Parse] orderCode=WAVE_STRESS_0022 items=10 SKU=10 qty=10 elapsed=0ms
2026-07-26 10:19:16.379 [0x000084e4] INFO  WCS - 	[Parse] orderCode=WAVE_STRESS_0023 items=10 SKU=10 qty=10 elapsed=0ms
2026-07-26 10:19:16.381 [0x000084e4] INFO  WCS - 	[Parse] orderCode=WAVE_STRESS_0024 items=10 SKU=10 qty=10 elapsed=0ms
2026-07-26 10:19:16.395 [0x000084e4] INFO  WCS - 	[Parse] orderCode=WAVE_STRESS_0025 items=10 SKU=10 qty=10 elapsed=0ms
2026-07-26 10:19:16.410 [0x000084e4] INFO  WCS - 	[Parse] orderCode=WAVE_STRESS_0026 items=10 SKU=10 qty=10 elapsed=0ms
2026-07-26 10:19:16.412 [0x000084e4] INFO  WCS - 	[Parse] orderCode=WAVE_STRESS_0027 items=10 SKU=10 qty=10 elapsed=0ms
2026-07-26 10:19:16.439 [0x000084e4] INFO  WCS - 	[Parse] orderCode=WAVE_STRESS_0028 items=10 SKU=10 qty=10 elapsed=0ms
2026-07-26 10:19:16.443 [0x000084e4] INFO  WCS - 	[Parse] orderCode=WAVE_STRESS_0029 items=10 SKU=10 qty=10 elapsed=0ms
2026-07-26 10:19:16.445 [0x000084e4] INFO  WCS - 	[Parse] orderCode=WAVE_STRESS_0030 items=10 SKU=10 qty=10 elapsed=0ms
2026-07-26 10:19:16.447 [0x000084e4] INFO  WCS - 	[Parse] orderCode=WAVE_STRESS_0031 items=10 SKU=10 qty=10 elapsed=0ms
2026-07-26 10:19:16.469 [0x000084e4] INFO  WCS - 	[Parse] orderCode=WAVE_STRESS_0032 items=10 SKU=10 qty=10 elapsed=0ms
2026-07-26 10:19:16.472 [0x000084e4] INFO  WCS - 	[Parse] orderCode=WAVE_STRESS_0033 items=10 SKU=10 qty=10 elapsed=0ms
2026-07-26 10:19:16.474 [0x000084e4] INFO  WCS - 	[Parse] orderCode=WAVE_STRESS_0034 items=10 SKU=10 qty=10 elapsed=0ms
2026-07-26 10:19:16.476 [0x000084e4] INFO  WCS - 	[Parse] orderCode=WAVE_STRESS_0035 items=10 SKU=10 qty=10 elapsed=0ms
2026-07-26 10:19:16.479 [0x000084e4] INFO  WCS - 	[Parse] orderCode=WAVE_STRESS_0036 items=10 SKU=10 qty=10 elapsed=0ms
2026-07-26 10:19:16.482 [0x000084e4] INFO  WCS - 	[Parse] orderCode=WAVE_STRESS_0037 items=10 SKU=10 qty=10 elapsed=0ms
2026-07-26 10:19:16.484 [0x000084e4] INFO  WCS - 	[Parse] orderCode=WAVE_STRESS_0038 items=10 SKU=10 qty=10 elapsed=0ms
2026-07-26 10:19:16.501 [0x000084e4] INFO  WCS - 	[Parse] orderCode=WAVE_STRESS_0039 items=10 SKU=10 qty=10 elapsed=0ms
2026-07-26 10:19:16.504 [0x000084e4] INFO  WCS - 	[Parse] orderCode=WAVE_STRESS_0040 items=10 SKU=10 qty=10 elapsed=0ms
2026-07-26 10:19:16.506 [0x000084e4] INFO  WCS - 	[Parse] orderCode=WAVE_STRESS_0041 items=10 SKU=10 qty=10 elapsed=0ms
2026-07-26 10:19:16.508 [0x000084e4] INFO  WCS - 	[Parse] orderCode=WAVE_STRESS_0042 items=10 SKU=10 qty=10 elapsed=0ms
2026-07-26 10:19:16.510 [0x000084e4] INFO  WCS - 	[Parse] orderCode=WAVE_STRESS_0043 items=10 SKU=10 qty=10 elapsed=0ms
2026-07-26 10:19:16.513 [0x000084e4] INFO  WCS - 	[Parse] orderCode=WAVE_STRESS_0044 items=10 SKU=10 qty=10 elapsed=0ms
2026-07-26 10:19:16.515 [0x000084e4] INFO  WCS - 	[Parse] orderCode=WAVE_STRESS_0045 items=10 SKU=10 qty=10 elapsed=0ms
2026-07-26 10:19:16.516 [0x000084e4] INFO  WCS - 	[Parse] orderCode=WAVE_STRESS_0046 items=10 SKU=10 qty=10 elapsed=0ms
2026-07-26 10:19:16.519 [0x000084e4] INFO  WCS - 	[Parse] orderCode=WAVE_STRESS_0047 items=10 SKU=10 qty=10 elapsed=0ms
2026-07-26 10:19:16.521 [0x000084e4] INFO  WCS - 	[Parse] orderCode=WAVE_STRESS_0048 items=10 SKU=10 qty=10 elapsed=0ms
2026-07-26 10:19:16.523 [0x000084e4] INFO  WCS - 	[Parse] orderCode=WAVE_STRESS_0049 items=10 SKU=10 qty=10 elapsed=0ms
2026-07-26 10:19:16.548 [0x000084e4] INFO  WCS - 	[Parse] orderCode=WAVE_STRESS_0050 items=10 SKU=10 qty=10 elapsed=0ms
2026-07-26 10:19:16.552 [0x000084e4] INFO  WCS - 	[Parse] orderCode=WAVE_STRESS_0051 items=10 SKU=10 qty=10 elapsed=0ms
2026-07-26 10:19:16.554 [0x000084e4] INFO  WCS - 	[Parse] orderCode=WAVE_STRESS_0052 items=10 SKU=10 qty=10 elapsed=0ms
2026-07-26 10:19:16.556 [0x000084e4] INFO  WCS - 	[Parse] orderCode=WAVE_STRESS_0053 items=10 SKU=10 qty=10 elapsed=0ms
2026-07-26 10:19:16.579 [0x000084e4] INFO  WCS - 	[Parse] orderCode=WAVE_STRESS_0054 items=10 SKU=10 qty=10 elapsed=0ms
2026-07-26 10:19:16.595 [0x000084e4] INFO  WCS - 	[Parse] orderCode=WAVE_STRESS_0055 items=10 SKU=10 qty=10 elapsed=0ms
2026-07-26 10:19:16.598 [0x000084e4] INFO  WCS - 	[Parse] orderCode=WAVE_STRESS_0056 items=10 SKU=10 qty=10 elapsed=0ms
2026-07-26 10:19:16.601 [0x000084e4] INFO  WCS - 	[Parse] orderCode=WAVE_STRESS_0057 items=10 SKU=10 qty=10 elapsed=0ms
2026-07-26 10:19:16.603 [0x000084e4] INFO  WCS - 	[Parse] orderCode=WAVE_STRESS_0058 items=10 SKU=10 qty=10 elapsed=0ms
2026-07-26 10:19:16.605 [0x000084e4] INFO  WCS - 	[Parse] orderCode=WAVE_STRESS_0059 items=10 SKU=10 qty=10 elapsed=0ms
2026-07-26 10:19:16.625 [0x000084e4] INFO  WCS - 	[Parse] orderCode=WAVE_STRESS_0060 items=10 SKU=10 qty=10 elapsed=0ms
2026-07-26 10:19:16.640 [0x000084e4] INFO  WCS - 	[Parse] orderCode=WAVE_STRESS_0061 items=10 SKU=10 qty=10 elapsed=0ms
2026-07-26 10:19:16.644 [0x000084e4] INFO  WCS - 	[Parse] orderCode=WAVE_STRESS_0062 items=10 SKU=10 qty=10 elapsed=0ms
2026-07-26 10:19:16.672 [0x000084e4] INFO  WCS - 	[Parse] orderCode=WAVE_STRESS_0063 items=10 SKU=10 qty=10 elapsed=0ms
2026-07-26 10:19:16.686 [0x000084e4] INFO  WCS - 	[Parse] orderCode=WAVE_STRESS_0064 items=10 SKU=10 qty=10 elapsed=0ms
2026-07-26 10:19:16.688 [0x000084e4] INFO  WCS - 	[Parse] orderCode=WAVE_STRESS_0065 items=10 SKU=10 qty=10 elapsed=0ms
2026-07-26 10:19:16.703 [0x000084e4] INFO  WCS - 	[Parse] orderCode=WAVE_STRESS_0066 items=10 SKU=10 qty=10 elapsed=0ms
2026-07-26 10:19:16.705 [0x000084e4] INFO  WCS - 	[Parse] orderCode=WAVE_STRESS_0067 items=10 SKU=10 qty=10 elapsed=0ms
2026-07-26 10:19:16.733 [0x000084e4] INFO  WCS - 	[Parse] orderCode=WAVE_STRESS_0068 items=10 SKU=10 qty=10 elapsed=0ms
2026-07-26 10:19:16.737 [0x000084e4] INFO  WCS - 	[Parse] orderCode=WAVE_STRESS_0069 items=10 SKU=10 qty=10 elapsed=0ms
2026-07-26 10:19:16.739 [0x000084e4] INFO  WCS - 	[Parse] orderCode=WAVE_STRESS_0070 items=10 SKU=10 qty=10 elapsed=0ms
2026-07-26 10:19:16.764 [0x000084e4] INFO  WCS - 	[Parse] orderCode=WAVE_STRESS_0071 items=10 SKU=10 qty=10 elapsed=0ms
2026-07-26 10:19:16.779 [0x000084e4] INFO  WCS - 	[Parse] orderCode=WAVE_STRESS_0072 items=10 SKU=10 qty=10 elapsed=0ms
2026-07-26 10:19:16.782 [0x000084e4] INFO  WCS - 	[Parse] orderCode=WAVE_STRESS_0073 items=10 SKU=10 qty=10 elapsed=0ms
2026-07-26 10:19:16.783 [0x000084e4] INFO  WCS - 	[Parse] orderCode=WAVE_STRESS_0074 items=10 SKU=10 qty=10 elapsed=0ms
2026-07-26 10:19:16.787 [0x000084e4] INFO  WCS - 	[Parse] orderCode=WAVE_STRESS_0075 items=10 SKU=10 qty=10 elapsed=0ms
2026-07-26 10:19:16.810 [0x000084e4] INFO  WCS - 	[Parse] orderCode=WAVE_STRESS_0076 items=10 SKU=10 qty=10 elapsed=0ms
2026-07-26 10:19:16.813 [0x000084e4] INFO  WCS - 	[Parse] orderCode=WAVE_STRESS_0077 items=10 SKU=10 qty=10 elapsed=0ms
2026-07-26 10:19:16.816 [0x000084e4] INFO  WCS - 	[Parse] orderCode=WAVE_STRESS_0078 items=10 SKU=10 qty=10 elapsed=0ms
2026-07-26 10:19:16.817 [0x000084e4] INFO  WCS - 	[Parse] orderCode=WAVE_STRESS_0079 items=10 SKU=10 qty=10 elapsed=0ms
2026-07-26 10:19:16.820 [0x000084e4] INFO  WCS - 	[Parse] orderCode=WAVE_STRESS_0080 items=10 SKU=10 qty=10 elapsed=0ms
2026-07-26 10:19:16.840 [0x000084e4] INFO  WCS - 	[Parse] orderCode=WAVE_STRESS_0081 items=10 SKU=10 qty=10 elapsed=0ms
2026-07-26 10:19:16.856 [0x000084e4] INFO  WCS - 	[Parse] orderCode=WAVE_STRESS_0082 items=10 SKU=10 qty=10 elapsed=0ms
2026-07-26 10:19:16.861 [0x000084e4] INFO  WCS - 	[Parse] orderCode=WAVE_STRESS_0083 items=10 SKU=10 qty=10 elapsed=0ms
2026-07-26 10:19:16.863 [0x000084e4] INFO  WCS - 	[Parse] orderCode=WAVE_STRESS_0084 items=10 SKU=10 qty=10 elapsed=0ms
2026-07-26 10:19:16.866 [0x000084e4] INFO  WCS - 	[Parse] orderCode=WAVE_STRESS_0085 items=10 SKU=10 qty=10 elapsed=0ms
2026-07-26 10:19:16.887 [0x000084e4] INFO  WCS - 	[Parse] orderCode=WAVE_STRESS_0086 items=10 SKU=10 qty=10 elapsed=0ms
2026-07-26 10:19:16.890 [0x000084e4] INFO  WCS - 	[Parse] orderCode=WAVE_STRESS_0087 items=10 SKU=10 qty=10 elapsed=0ms
2026-07-26 10:19:16.891 [0x000084e4] INFO  WCS - 	[Parse] orderCode=WAVE_STRESS_0088 items=10 SKU=10 qty=10 elapsed=0ms
2026-07-26 10:19:16.917 [0x000084e4] INFO  WCS - 	[Parse] orderCode=WAVE_STRESS_0089 items=10 SKU=10 qty=10 elapsed=0ms
2026-07-26 10:19:16.920 [0x000084e4] INFO  WCS - 	[Parse] orderCode=WAVE_STRESS_0090 items=10 SKU=10 qty=10 elapsed=0ms
2026-07-26 10:19:16.922 [0x000084e4] INFO  WCS - 	[Parse] orderCode=WAVE_STRESS_0091 items=10 SKU=10 qty=10 elapsed=0ms
2026-07-26 10:19:16.925 [0x000084e4] INFO  WCS - 	[Parse] orderCode=WAVE_STRESS_0092 items=10 SKU=10 qty=10 elapsed=0ms
2026-07-26 10:19:16.947 [0x000084e4] INFO  WCS - 	[Parse] orderCode=WAVE_STRESS_0093 items=10 SKU=10 qty=10 elapsed=0ms
2026-07-26 10:19:16.962 [0x000084e4] INFO  WCS - 	[Parse] orderCode=WAVE_STRESS_0094 items=10 SKU=10 qty=10 elapsed=0ms
2026-07-26 10:19:16.979 [0x000084e4] INFO  WCS - 	[Parse] orderCode=WAVE_STRESS_0095 items=10 SKU=10 qty=10 elapsed=0ms
2026-07-26 10:19:16.981 [0x000084e4] INFO  WCS - 	[Parse] orderCode=WAVE_STRESS_0096 items=10 SKU=10 qty=10 elapsed=0ms
2026-07-26 10:19:16.993 [0x000084e4] INFO  WCS - 	[Parse] orderCode=WAVE_STRESS_0097 items=10 SKU=10 qty=10 elapsed=0ms
2026-07-26 10:19:16.997 [0x000084e4] INFO  WCS - 	[Parse] orderCode=WAVE_STRESS_0098 items=10 SKU=10 qty=10 elapsed=0ms
2026-07-26 10:19:17.000 [0x000084e4] INFO  WCS - 	[Parse] orderCode=WAVE_STRESS_0099 items=10 SKU=10 qty=10 elapsed=0ms
2026-07-26 10:23:18.238 [0x00000c28] INFO  WCS - 	[WaveMgr] 覆盖旧波次 old=WAVE20260724002 status=3
2026-07-26 10:23:18.246 [0x00000c28] INFO  WCS - 	[WaveMgr] 波次已清理
2026-07-26 10:23:18.246 [0x00000c28] INFO  WCS - 	[WaveMgr] 状态转换 3 -> 4
2026-07-26 10:23:18.246 [0x00000c28] INFO  WCS - 	[WaveMgr] 波次注册 orderCode=WAVE_E2E_001 qty=30 SKU=30
2026-07-26 10:23:18.246 [0x00000c28] INFO  WCS - 	[WaveMgr] 状态转换 4 -> 1
2026-07-26 10:23:18.246 [0x00000c28] INFO  WCS - 	[WaveMgr] 接收inco集合 size=30
2026-07-26 10:23:18.326 [0x00000c28] INFO  WCS - 	[WaveMgr] 波次分拣开始 orderCode=WAVE_E2E_001
2026-07-26 10:23:18.326 [0x00000c28] INFO  WCS - 	[WaveMgr] 状态转换 1 -> 2
2026-07-26 10:23:18.427 [0x00000c28] INFO  WCS - 	[WaveMgr] 覆盖旧波次 old=WAVE_E2E_001 status=2
2026-07-26 10:23:18.427 [0x00000c28] INFO  WCS - 	[WaveMgr] 波次已清理
2026-07-26 10:23:18.427 [0x00000c28] WARN  WCS - <241>	<WaveManager::setState>,[WaveMgr] 状态转换拒绝 2 -> 4
2026-07-26 10:23:18.427 [0x00000c28] INFO  WCS - 	[WaveMgr] 波次注册 orderCode=WAVE_CONC_000 qty=50 SKU=50
2026-07-26 10:23:18.427 [0x00000c28] WARN  WCS - <241>	<WaveManager::setState>,[WaveMgr] 状态转换拒绝 2 -> 1
2026-07-26 10:23:18.427 [0x00000c28] INFO  WCS - 	[WaveMgr] 接收inco集合 size=50
2026-07-26 10:23:18.439 [0x00000c28] INFO  WCS - 	[WaveMgr] 覆盖旧波次 old=WAVE_CONC_000 status=2
2026-07-26 10:23:18.439 [0x00000c28] INFO  WCS - 	[WaveMgr] 波次已清理
2026-07-26 10:23:18.439 [0x00000c28] WARN  WCS - <241>	<WaveManager::setState>,[WaveMgr] 状态转换拒绝 2 -> 4
2026-07-26 10:23:18.439 [0x00000c28] INFO  WCS - 	[WaveMgr] 波次注册 orderCode=WAVE_CONC_001 qty=50 SKU=50
2026-07-26 10:23:18.439 [0x00000c28] WARN  WCS - <241>	<WaveManager::setState>,[WaveMgr] 状态转换拒绝 2 -> 1
2026-07-26 10:23:18.439 [0x00000c28] INFO  WCS - 	[WaveMgr] 接收inco集合 size=50
2026-07-26 10:23:18.452 [0x00000c28] INFO  WCS - 	[WaveMgr] 覆盖旧波次 old=WAVE_CONC_001 status=2
2026-07-26 10:23:18.452 [0x00000c28] INFO  WCS - 	[WaveMgr] 波次已清理
2026-07-26 10:23:18.452 [0x00000c28] WARN  WCS - <241>	<WaveManager::setState>,[WaveMgr] 状态转换拒绝 2 -> 4
2026-07-26 10:23:18.452 [0x00000c28] INFO  WCS - 	[WaveMgr] 波次注册 orderCode=WAVE_CONC_002 qty=50 SKU=50
2026-07-26 10:23:18.452 [0x00000c28] WARN  WCS - <241>	<WaveManager::setState>,[WaveMgr] 状态转换拒绝 2 -> 1
2026-07-26 10:23:18.452 [0x00000c28] INFO  WCS - 	[WaveMgr] 接收inco集合 size=50
2026-07-26 10:23:18.452 [0x00000c28] INFO  WCS - 	[WaveMgr] 覆盖旧波次 old=WAVE_CONC_002 status=2
2026-07-26 10:23:18.452 [0x00000c28] INFO  WCS - 	[WaveMgr] 波次已清理
2026-07-26 10:23:18.452 [0x00000c28] WARN  WCS - <241>	<WaveManager::setState>,[WaveMgr] 状态转换拒绝 2 -> 4
2026-07-26 10:23:18.452 [0x00000c28] INFO  WCS - 	[WaveMgr] 波次注册 orderCode=WAVE_CONC_003 qty=50 SKU=50
2026-07-26 10:23:18.452 [0x00000c28] WARN  WCS - <241>	<WaveManager::setState>,[WaveMgr] 状态转换拒绝 2 -> 1
2026-07-26 10:23:18.452 [0x00000c28] INFO  WCS - 	[WaveMgr] 接收inco集合 size=50
2026-07-26 10:23:18.464 [0x00000c28] INFO  WCS - 	[WaveMgr] 覆盖旧波次 old=WAVE_CONC_003 status=2
2026-07-26 10:23:18.464 [0x00000c28] INFO  WCS - 	[WaveMgr] 波次已清理
2026-07-26 10:23:18.464 [0x00000c28] WARN  WCS - <241>	<WaveManager::setState>,[WaveMgr] 状态转换拒绝 2 -> 4
2026-07-26 10:23:18.464 [0x00000c28] INFO  WCS - 	[WaveMgr] 波次注册 orderCode=WAVE_CONC_004 qty=50 SKU=50
2026-07-26 10:23:18.464 [0x00000c28] WARN  WCS - <241>	<WaveManager::setState>,[WaveMgr] 状态转换拒绝 2 -> 1
2026-07-26 10:23:18.464 [0x00000c28] INFO  WCS - 	[WaveMgr] 接收inco集合 size=50
2026-07-26 10:23:18.474 [0x00000c28] INFO  WCS - 	[WaveMgr] 覆盖旧波次 old=WAVE_CONC_004 status=2
2026-07-26 10:23:18.474 [0x00000c28] INFO  WCS - 	[WaveMgr] 波次已清理
2026-07-26 10:23:18.474 [0x00000c28] WARN  WCS - <241>	<WaveManager::setState>,[WaveMgr] 状态转换拒绝 2 -> 4
2026-07-26 10:23:18.474 [0x00000c28] INFO  WCS - 	[WaveMgr] 波次注册 orderCode=WAVE_STRESS_0000 qty=10 SKU=10
2026-07-26 10:23:18.474 [0x00000c28] WARN  WCS - <241>	<WaveManager::setState>,[WaveMgr] 状态转换拒绝 2 -> 1
2026-07-26 10:23:18.474 [0x00000c28] INFO  WCS - 	[WaveMgr] 接收inco集合 size=10
2026-07-26 10:23:18.487 [0x00000c28] INFO  WCS - 	[WaveMgr] 覆盖旧波次 old=WAVE_STRESS_0000 status=2
2026-07-26 10:23:18.487 [0x00000c28] INFO  WCS - 	[WaveMgr] 波次已清理
2026-07-26 10:23:18.487 [0x00000c28] WARN  WCS - <241>	<WaveManager::setState>,[WaveMgr] 状态转换拒绝 2 -> 4
2026-07-26 10:23:18.487 [0x00000c28] INFO  WCS - 	[WaveMgr] 波次注册 orderCode=WAVE_STRESS_0001 qty=10 SKU=10
2026-07-26 10:23:18.487 [0x00000c28] WARN  WCS - <241>	<WaveManager::setState>,[WaveMgr] 状态转换拒绝 2 -> 1
2026-07-26 10:23:18.487 [0x00000c28] INFO  WCS - 	[WaveMgr] 接收inco集合 size=10
2026-07-26 10:23:18.497 [0x00000c28] INFO  WCS - 	[WaveMgr] 覆盖旧波次 old=WAVE_STRESS_0001 status=2
2026-07-26 10:23:18.497 [0x00000c28] INFO  WCS - 	[WaveMgr] 波次已清理
2026-07-26 10:23:18.497 [0x00000c28] WARN  WCS - <241>	<WaveManager::setState>,[WaveMgr] 状态转换拒绝 2 -> 4
2026-07-26 10:23:18.497 [0x00000c28] INFO  WCS - 	[WaveMgr] 波次注册 orderCode=WAVE_STRESS_0002 qty=10 SKU=10
2026-07-26 10:23:18.497 [0x00000c28] WARN  WCS - <241>	<WaveManager::setState>,[WaveMgr] 状态转换拒绝 2 -> 1
2026-07-26 10:23:18.497 [0x00000c28] INFO  WCS - 	[WaveMgr] 接收inco集合 size=10
2026-07-26 10:23:18.504 [0x00000c28] INFO  WCS - 	[WaveMgr] 覆盖旧波次 old=WAVE_STRESS_0002 status=2
2026-07-26 10:23:18.504 [0x00000c28] INFO  WCS - 	[WaveMgr] 波次已清理
2026-07-26 10:23:18.504 [0x00000c28] WARN  WCS - <241>	<WaveManager::setState>,[WaveMgr] 状态转换拒绝 2 -> 4
2026-07-26 10:23:18.504 [0x00000c28] INFO  WCS - 	[WaveMgr] 波次注册 orderCode=WAVE_STRESS_0003 qty=10 SKU=10
2026-07-26 10:23:18.504 [0x00000c28] WARN  WCS - <241>	<WaveManager::setState>,[WaveMgr] 状态转换拒绝 2 -> 1
2026-07-26 10:23:18.504 [0x00000c28] INFO  WCS - 	[WaveMgr] 接收inco集合 size=10
2026-07-26 10:23:18.513 [0x00000c28] INFO  WCS - 	[WaveMgr] 覆盖旧波次 old=WAVE_STRESS_0003 status=2
2026-07-26 10:23:18.513 [0x00000c28] INFO  WCS - 	[WaveMgr] 波次已清理
2026-07-26 10:23:18.513 [0x00000c28] WARN  WCS - <241>	<WaveManager::setState>,[WaveMgr] 状态转换拒绝 2 -> 4
2026-07-26 10:23:18.513 [0x00000c28] INFO  WCS - 	[WaveMgr] 波次注册 orderCode=WAVE_STRESS_0004 qty=10 SKU=10
2026-07-26 10:23:18.513 [0x00000c28] WARN  WCS - <241>	<WaveManager::setState>,[WaveMgr] 状态转换拒绝 2 -> 1
2026-07-26 10:23:18.513 [0x00000c28] INFO  WCS - 	[WaveMgr] 接收inco集合 size=10
2026-07-26 10:23:18.522 [0x00000c28] INFO  WCS - 	[WaveMgr] 覆盖旧波次 old=WAVE_STRESS_0004 status=2
2026-07-26 10:23:18.522 [0x00000c28] INFO  WCS - 	[WaveMgr] 波次已清理
2026-07-26 10:23:18.522 [0x00000c28] WARN  WCS - <241>	<WaveManager::setState>,[WaveMgr] 状态转换拒绝 2 -> 4
2026-07-26 10:23:18.522 [0x00000c28] INFO  WCS - 	[WaveMgr] 波次注册 orderCode=WAVE_STRESS_0005 qty=10 SKU=10
2026-07-26 10:23:18.522 [0x00000c28] WARN  WCS - <241>	<WaveManager::setState>,[WaveMgr] 状态转换拒绝 2 -> 1
2026-07-26 10:23:18.522 [0x00000c28] INFO  WCS - 	[WaveMgr] 接收inco集合 size=10
2026-07-26 10:23:18.531 [0x00000c28] INFO  WCS - 	[WaveMgr] 覆盖旧波次 old=WAVE_STRESS_0005 status=2
2026-07-26 10:23:18.531 [0x00000c28] INFO  WCS - 	[WaveMgr] 波次已清理
2026-07-26 10:23:18.531 [0x00000c28] WARN  WCS - <241>	<WaveManager::setState>,[WaveMgr] 状态转换拒绝 2 -> 4
2026-07-26 10:23:18.531 [0x00000c28] INFO  WCS - 	[WaveMgr] 波次注册 orderCode=WAVE_STRESS_0006 qty=10 SKU=10
2026-07-26 10:23:18.531 [0x00000c28] WARN  WCS - <241>	<WaveManager::setState>,[WaveMgr] 状态转换拒绝 2 -> 1
2026-07-26 10:23:18.531 [0x00000c28] INFO  WCS - 	[WaveMgr] 接收inco集合 size=10
2026-07-26 10:23:18.540 [0x00000c28] INFO  WCS - 	[WaveMgr] 覆盖旧波次 old=WAVE_STRESS_0006 status=2
2026-07-26 10:23:18.540 [0x00000c28] INFO  WCS - 	[WaveMgr] 波次已清理
2026-07-26 10:23:18.540 [0x00000c28] WARN  WCS - <241>	<WaveManager::setState>,[WaveMgr] 状态转换拒绝 2 -> 4
2026-07-26 10:23:18.540 [0x00000c28] INFO  WCS - 	[WaveMgr] 波次注册 orderCode=WAVE_STRESS_0007 qty=10 SKU=10
2026-07-26 10:23:18.540 [0x00000c28] WARN  WCS - <241>	<WaveManager::setState>,[WaveMgr] 状态转换拒绝 2 -> 1
2026-07-26 10:23:18.540 [0x00000c28] INFO  WCS - 	[WaveMgr] 接收inco集合 size=10
2026-07-26 10:23:18.550 [0x00000c28] INFO  WCS - 	[WaveMgr] 覆盖旧波次 old=WAVE_STRESS_0007 status=2
2026-07-26 10:23:18.550 [0x00000c28] INFO  WCS - 	[WaveMgr] 波次已清理
2026-07-26 10:23:18.550 [0x00000c28] WARN  WCS - <241>	<WaveManager::setState>,[WaveMgr] 状态转换拒绝 2 -> 4
2026-07-26 10:23:18.550 [0x00000c28] INFO  WCS - 	[WaveMgr] 波次注册 orderCode=WAVE_STRESS_0008 qty=10 SKU=10
2026-07-26 10:23:18.550 [0x00000c28] WARN  WCS - <241>	<WaveManager::setState>,[WaveMgr] 状态转换拒绝 2 -> 1
2026-07-26 10:23:18.550 [0x00000c28] INFO  WCS - 	[WaveMgr] 接收inco集合 size=10
2026-07-26 10:23:18.562 [0x00000c28] INFO  WCS - 	[WaveMgr] 覆盖旧波次 old=WAVE_STRESS_0008 status=2
2026-07-26 10:23:18.562 [0x00000c28] INFO  WCS - 	[WaveMgr] 波次已清理
2026-07-26 10:23:18.562 [0x00000c28] WARN  WCS - <241>	<WaveManager::setState>,[WaveMgr] 状态转换拒绝 2 -> 4
2026-07-26 10:23:18.562 [0x00000c28] INFO  WCS - 	[WaveMgr] 波次注册 orderCode=WAVE_STRESS_0009 qty=10 SKU=10
2026-07-26 10:23:18.562 [0x00000c28] WARN  WCS - <241>	<WaveManager::setState>,[WaveMgr] 状态转换拒绝 2 -> 1
2026-07-26 10:23:18.562 [0x00000c28] INFO  WCS - 	[WaveMgr] 接收inco集合 size=10
2026-07-26 10:23:18.570 [0x00000c28] INFO  WCS - 	[WaveMgr] 覆盖旧波次 old=WAVE_STRESS_0009 status=2
2026-07-26 10:23:18.571 [0x00000c28] INFO  WCS - 	[WaveMgr] 波次已清理
2026-07-26 10:23:18.571 [0x00000c28] WARN  WCS - <241>	<WaveManager::setState>,[WaveMgr] 状态转换拒绝 2 -> 4
2026-07-26 10:23:18.571 [0x00000c28] INFO  WCS - 	[WaveMgr] 波次注册 orderCode=WAVE_STRESS_0010 qty=10 SKU=10
2026-07-26 10:23:18.571 [0x00000c28] WARN  WCS - <241>	<WaveManager::setState>,[WaveMgr] 状态转换拒绝 2 -> 1
2026-07-26 10:23:18.571 [0x00000c28] INFO  WCS - 	[WaveMgr] 接收inco集合 size=10
2026-07-26 10:23:18.578 [0x00000c28] INFO  WCS - 	[WaveMgr] 覆盖旧波次 old=WAVE_STRESS_0010 status=2
2026-07-26 10:23:18.578 [0x00000c28] INFO  WCS - 	[WaveMgr] 波次已清理
2026-07-26 10:23:18.578 [0x00000c28] WARN  WCS - <241>	<WaveManager::setState>,[WaveMgr] 状态转换拒绝 2 -> 4
2026-07-26 10:23:18.578 [0x00000c28] INFO  WCS - 	[WaveMgr] 波次注册 orderCode=WAVE_STRESS_0011 qty=10 SKU=10
2026-07-26 10:23:18.579 [0x00000c28] WARN  WCS - <241>	<WaveManager::setState>,[WaveMgr] 状态转换拒绝 2 -> 1
2026-07-26 10:23:18.579 [0x00000c28] INFO  WCS - 	[WaveMgr] 接收inco集合 size=10
2026-07-26 10:23:18.586 [0x00000c28] INFO  WCS - 	[WaveMgr] 覆盖旧波次 old=WAVE_STRESS_0011 status=2
2026-07-26 10:23:18.586 [0x00000c28] INFO  WCS - 	[WaveMgr] 波次已清理
2026-07-26 10:23:18.586 [0x00000c28] WARN  WCS - <241>	<WaveManager::setState>,[WaveMgr] 状态转换拒绝 2 -> 4
2026-07-26 10:23:18.586 [0x00000c28] INFO  WCS - 	[WaveMgr] 波次注册 orderCode=WAVE_STRESS_0012 qty=10 SKU=10
2026-07-26 10:23:18.586 [0x00000c28] WARN  WCS - <241>	<WaveManager::setState>,[WaveMgr] 状态转换拒绝 2 -> 1
2026-07-26 10:23:18.586 [0x00000c28] INFO  WCS - 	[WaveMgr] 接收inco集合 size=10
2026-07-26 10:23:18.592 [0x00000c28] INFO  WCS - 	[WaveMgr] 覆盖旧波次 old=WAVE_STRESS_0012 status=2
2026-07-26 10:23:18.592 [0x00000c28] INFO  WCS - 	[WaveMgr] 波次已清理
2026-07-26 10:23:18.592 [0x00000c28] WARN  WCS - <241>	<WaveManager::setState>,[WaveMgr] 状态转换拒绝 2 -> 4
2026-07-26 10:23:18.592 [0x00000c28] INFO  WCS - 	[WaveMgr] 波次注册 orderCode=WAVE_STRESS_0013 qty=10 SKU=10
2026-07-26 10:23:18.592 [0x00000c28] WARN  WCS - <241>	<WaveManager::setState>,[WaveMgr] 状态转换拒绝 2 -> 1
2026-07-26 10:23:18.592 [0x00000c28] INFO  WCS - 	[WaveMgr] 接收inco集合 size=10
2026-07-26 10:23:18.601 [0x00000c28] INFO  WCS - 	[WaveMgr] 覆盖旧波次 old=WAVE_STRESS_0013 status=2
2026-07-26 10:23:18.601 [0x00000c28] INFO  WCS - 	[WaveMgr] 波次已清理
2026-07-26 10:23:18.601 [0x00000c28] WARN  WCS - <241>	<WaveManager::setState>,[WaveMgr] 状态转换拒绝 2 -> 4
2026-07-26 10:23:18.601 [0x00000c28] INFO  WCS - 	[WaveMgr] 波次注册 orderCode=WAVE_STRESS_0014 qty=10 SKU=10
2026-07-26 10:23:18.601 [0x00000c28] WARN  WCS - <241>	<WaveManager::setState>,[WaveMgr] 状态转换拒绝 2 -> 1
2026-07-26 10:23:18.601 [0x00000c28] INFO  WCS - 	[WaveMgr] 接收inco集合 size=10
2026-07-26 10:23:18.611 [0x00000c28] INFO  WCS - 	[WaveMgr] 覆盖旧波次 old=WAVE_STRESS_0014 status=2
2026-07-26 10:23:18.611 [0x00000c28] INFO  WCS - 	[WaveMgr] 波次已清理
2026-07-26 10:23:18.611 [0x00000c28] WARN  WCS - <241>	<WaveManager::setState>,[WaveMgr] 状态转换拒绝 2 -> 4
2026-07-26 10:23:18.611 [0x00000c28] INFO  WCS - 	[WaveMgr] 波次注册 orderCode=WAVE_STRESS_0015 qty=10 SKU=10
2026-07-26 10:23:18.611 [0x00000c28] WARN  WCS - <241>	<WaveManager::setState>,[WaveMgr] 状态转换拒绝 2 -> 1
2026-07-26 10:23:18.611 [0x00000c28] INFO  WCS - 	[WaveMgr] 接收inco集合 size=10
2026-07-26 10:23:18.624 [0x00000c28] INFO  WCS - 	[WaveMgr] 覆盖旧波次 old=WAVE_STRESS_0015 status=2
2026-07-26 10:23:18.624 [0x00000c28] INFO  WCS - 	[WaveMgr] 波次已清理
2026-07-26 10:23:18.624 [0x00000c28] WARN  WCS - <241>	<WaveManager::setState>,[WaveMgr] 状态转换拒绝 2 -> 4
2026-07-26 10:23:18.624 [0x00000c28] INFO  WCS - 	[WaveMgr] 波次注册 orderCode=WAVE_STRESS_0016 qty=10 SKU=10
2026-07-26 10:23:18.624 [0x00000c28] WARN  WCS - <241>	<WaveManager::setState>,[WaveMgr] 状态转换拒绝 2 -> 1
2026-07-26 10:23:18.624 [0x00000c28] INFO  WCS - 	[WaveMgr] 接收inco集合 size=10
2026-07-26 10:23:18.635 [0x00000c28] INFO  WCS - 	[WaveMgr] 覆盖旧波次 old=WAVE_STRESS_0016 status=2
2026-07-26 10:23:18.635 [0x00000c28] INFO  WCS - 	[WaveMgr] 波次已清理
2026-07-26 10:23:18.635 [0x00000c28] WARN  WCS - <241>	<WaveManager::setState>,[WaveMgr] 状态转换拒绝 2 -> 4
2026-07-26 10:23:18.635 [0x00000c28] INFO  WCS - 	[WaveMgr] 波次注册 orderCode=WAVE_STRESS_0017 qty=10 SKU=10
2026-07-26 10:23:18.635 [0x00000c28] WARN  WCS - <241>	<WaveManager::setState>,[WaveMgr] 状态转换拒绝 2 -> 1
2026-07-26 10:23:18.635 [0x00000c28] INFO  WCS - 	[WaveMgr] 接收inco集合 size=10
2026-07-26 10:23:18.645 [0x00000c28] INFO  WCS - 	[WaveMgr] 覆盖旧波次 old=WAVE_STRESS_0017 status=2
2026-07-26 10:23:18.645 [0x00000c28] INFO  WCS - 	[WaveMgr] 波次已清理
2026-07-26 10:23:18.646 [0x00000c28] WARN  WCS - <241>	<WaveManager::setState>,[WaveMgr] 状态转换拒绝 2 -> 4
2026-07-26 10:23:18.646 [0x00000c28] INFO  WCS - 	[WaveMgr] 波次注册 orderCode=WAVE_STRESS_0018 qty=10 SKU=10
2026-07-26 10:23:18.646 [0x00000c28] WARN  WCS - <241>	<WaveManager::setState>,[WaveMgr] 状态转换拒绝 2 -> 1
2026-07-26 10:23:18.646 [0x00000c28] INFO  WCS - 	[WaveMgr] 接收inco集合 size=10
2026-07-26 10:23:18.655 [0x00000c28] INFO  WCS - 	[WaveMgr] 覆盖旧波次 old=WAVE_STRESS_0018 status=2
2026-07-26 10:23:18.655 [0x00000c28] INFO  WCS - 	[WaveMgr] 波次已清理
2026-07-26 10:23:18.655 [0x00000c28] WARN  WCS - <241>	<WaveManager::setState>,[WaveMgr] 状态转换拒绝 2 -> 4
2026-07-26 10:23:18.655 [0x00000c28] INFO  WCS - 	[WaveMgr] 波次注册 orderCode=WAVE_STRESS_0019 qty=10 SKU=10
2026-07-26 10:23:18.655 [0x00000c28] WARN  WCS - <241>	<WaveManager::setState>,[WaveMgr] 状态转换拒绝 2 -> 1
2026-07-26 10:23:18.655 [0x00000c28] INFO  WCS - 	[WaveMgr] 接收inco集合 size=10
2026-07-26 10:23:18.666 [0x00000c28] INFO  WCS - 	[WaveMgr] 覆盖旧波次 old=WAVE_STRESS_0019 status=2
2026-07-26 10:23:18.666 [0x00000c28] INFO  WCS - 	[WaveMgr] 波次已清理
2026-07-26 10:23:18.666 [0x00000c28] WARN  WCS - <241>	<WaveManager::setState>,[WaveMgr] 状态转换拒绝 2 -> 4
2026-07-26 10:23:18.666 [0x00000c28] INFO  WCS - 	[WaveMgr] 波次注册 orderCode=WAVE_STRESS_0020 qty=10 SKU=10
2026-07-26 10:23:18.666 [0x00000c28] WARN  WCS - <241>	<WaveManager::setState>,[WaveMgr] 状态转换拒绝 2 -> 1
2026-07-26 10:23:18.666 [0x00000c28] INFO  WCS - 	[WaveMgr] 接收inco集合 size=10
2026-07-26 10:23:18.676 [0x00000c28] INFO  WCS - 	[WaveMgr] 覆盖旧波次 old=WAVE_STRESS_0020 status=2
2026-07-26 10:23:18.676 [0x00000c28] INFO  WCS - 	[WaveMgr] 波次已清理
2026-07-26 10:23:18.676 [0x00000c28] WARN  WCS - <241>	<WaveManager::setState>,[WaveMgr] 状态转换拒绝 2 -> 4
2026-07-26 10:23:18.676 [0x00000c28] INFO  WCS - 	[WaveMgr] 波次注册 orderCode=WAVE_STRESS_0021 qty=10 SKU=10
2026-07-26 10:23:18.676 [0x00000c28] WARN  WCS - <241>	<WaveManager::setState>,[WaveMgr] 状态转换拒绝 2 -> 1
2026-07-26 10:23:18.676 [0x00000c28] INFO  WCS - 	[WaveMgr] 接收inco集合 size=10
2026-07-26 10:23:18.682 [0x00000c28] INFO  WCS - 	[WaveMgr] 覆盖旧波次 old=WAVE_STRESS_0021 status=2
2026-07-26 10:23:18.682 [0x00000c28] INFO  WCS - 	[WaveMgr] 波次已清理
2026-07-26 10:23:18.682 [0x00000c28] WARN  WCS - <241>	<WaveManager::setState>,[WaveMgr] 状态转换拒绝 2 -> 4
2026-07-26 10:23:18.682 [0x00000c28] INFO  WCS - 	[WaveMgr] 波次注册 orderCode=WAVE_STRESS_0022 qty=10 SKU=10
2026-07-26 10:23:18.682 [0x00000c28] WARN  WCS - <241>	<WaveManager::setState>,[WaveMgr] 状态转换拒绝 2 -> 1
2026-07-26 10:23:18.682 [0x00000c28] INFO  WCS - 	[WaveMgr] 接收inco集合 size=10
2026-07-26 10:23:18.698 [0x00000c28] INFO  WCS - 	[WaveMgr] 覆盖旧波次 old=WAVE_STRESS_0022 status=2
2026-07-26 10:23:18.698 [0x00000c28] INFO  WCS - 	[WaveMgr] 波次已清理
2026-07-26 10:23:18.698 [0x00000c28] WARN  WCS - <241>	<WaveManager::setState>,[WaveMgr] 状态转换拒绝 2 -> 4
2026-07-26 10:23:18.698 [0x00000c28] INFO  WCS - 	[WaveMgr] 波次注册 orderCode=WAVE_STRESS_0023 qty=10 SKU=10
2026-07-26 10:23:18.698 [0x00000c28] WARN  WCS - <241>	<WaveManager::setState>,[WaveMgr] 状态转换拒绝 2 -> 1
2026-07-26 10:23:18.698 [0x00000c28] INFO  WCS - 	[WaveMgr] 接收inco集合 size=10
2026-07-26 10:23:18.706 [0x00000c28] INFO  WCS - 	[WaveMgr] 覆盖旧波次 old=WAVE_STRESS_0023 status=2
2026-07-26 10:23:18.706 [0x00000c28] INFO  WCS - 	[WaveMgr] 波次已清理
2026-07-26 10:23:18.706 [0x00000c28] WARN  WCS - <241>	<WaveManager::setState>,[WaveMgr] 状态转换拒绝 2 -> 4
2026-07-26 10:23:18.706 [0x00000c28] INFO  WCS - 	[WaveMgr] 波次注册 orderCode=WAVE_STRESS_0024 qty=10 SKU=10
2026-07-26 10:23:18.706 [0x00000c28] WARN  WCS - <241>	<WaveManager::setState>,[WaveMgr] 状态转换拒绝 2 -> 1
2026-07-26 10:23:18.706 [0x00000c28] INFO  WCS - 	[WaveMgr] 接收inco集合 size=10
2026-07-26 10:23:18.717 [0x00000c28] INFO  WCS - 	[WaveMgr] 覆盖旧波次 old=WAVE_STRESS_0024 status=2
2026-07-26 10:23:18.717 [0x00000c28] INFO  WCS - 	[WaveMgr] 波次已清理
2026-07-26 10:23:18.717 [0x00000c28] WARN  WCS - <241>	<WaveManager::setState>,[WaveMgr] 状态转换拒绝 2 -> 4
2026-07-26 10:23:18.717 [0x00000c28] INFO  WCS - 	[WaveMgr] 波次注册 orderCode=WAVE_STRESS_0025 qty=10 SKU=10
2026-07-26 10:23:18.717 [0x00000c28] WARN  WCS - <241>	<WaveManager::setState>,[WaveMgr] 状态转换拒绝 2 -> 1
2026-07-26 10:23:18.717 [0x00000c28] INFO  WCS - 	[WaveMgr] 接收inco集合 size=10
2026-07-26 10:23:18.726 [0x00000c28] INFO  WCS - 	[WaveMgr] 覆盖旧波次 old=WAVE_STRESS_0025 status=2
2026-07-26 10:23:18.726 [0x00000c28] INFO  WCS - 	[WaveMgr] 波次已清理
2026-07-26 10:23:18.726 [0x00000c28] WARN  WCS - <241>	<WaveManager::setState>,[WaveMgr] 状态转换拒绝 2 -> 4
2026-07-26 10:23:18.726 [0x00000c28] INFO  WCS - 	[WaveMgr] 波次注册 orderCode=WAVE_STRESS_0026 qty=10 SKU=10
2026-07-26 10:23:18.726 [0x00000c28] WARN  WCS - <241>	<WaveManager::setState>,[WaveMgr] 状态转换拒绝 2 -> 1
2026-07-26 10:23:18.726 [0x00000c28] INFO  WCS - 	[WaveMgr] 接收inco集合 size=10
2026-07-26 10:23:18.736 [0x00000c28] INFO  WCS - 	[WaveMgr] 覆盖旧波次 old=WAVE_STRESS_0026 status=2
2026-07-26 10:23:18.736 [0x00000c28] INFO  WCS - 	[WaveMgr] 波次已清理
2026-07-26 10:23:18.736 [0x00000c28] WARN  WCS - <241>	<WaveManager::setState>,[WaveMgr] 状态转换拒绝 2 -> 4
2026-07-26 10:23:18.736 [0x00000c28] INFO  WCS - 	[WaveMgr] 波次注册 orderCode=WAVE_STRESS_0027 qty=10 SKU=10
2026-07-26 10:23:18.736 [0x00000c28] WARN  WCS - <241>	<WaveManager::setState>,[WaveMgr] 状态转换拒绝 2 -> 1
2026-07-26 10:23:18.736 [0x00000c28] INFO  WCS - 	[WaveMgr] 接收inco集合 size=10
2026-07-26 10:23:18.748 [0x00000c28] INFO  WCS - 	[WaveMgr] 覆盖旧波次 old=WAVE_STRESS_0027 status=2
2026-07-26 10:23:18.748 [0x00000c28] INFO  WCS - 	[WaveMgr] 波次已清理
2026-07-26 10:23:18.748 [0x00000c28] WARN  WCS - <241>	<WaveManager::setState>,[WaveMgr] 状态转换拒绝 2 -> 4
2026-07-26 10:23:18.748 [0x00000c28] INFO  WCS - 	[WaveMgr] 波次注册 orderCode=WAVE_STRESS_0028 qty=10 SKU=10
2026-07-26 10:23:18.748 [0x00000c28] WARN  WCS - <241>	<WaveManager::setState>,[WaveMgr] 状态转换拒绝 2 -> 1
2026-07-26 10:23:18.748 [0x00000c28] INFO  WCS - 	[WaveMgr] 接收inco集合 size=10
2026-07-26 10:23:18.756 [0x00000c28] INFO  WCS - 	[WaveMgr] 覆盖旧波次 old=WAVE_STRESS_0028 status=2
2026-07-26 10:23:18.757 [0x00000c28] INFO  WCS - 	[WaveMgr] 波次已清理
2026-07-26 10:23:18.757 [0x00000c28] WARN  WCS - <241>	<WaveManager::setState>,[WaveMgr] 状态转换拒绝 2 -> 4
2026-07-26 10:23:18.757 [0x00000c28] INFO  WCS - 	[WaveMgr] 波次注册 orderCode=WAVE_STRESS_0029 qty=10 SKU=10
2026-07-26 10:23:18.757 [0x00000c28] WARN  WCS - <241>	<WaveManager::setState>,[WaveMgr] 状态转换拒绝 2 -> 1
2026-07-26 10:23:18.757 [0x00000c28] INFO  WCS - 	[WaveMgr] 接收inco集合 size=10
2026-07-26 10:23:18.768 [0x00000c28] INFO  WCS - 	[WaveMgr] 覆盖旧波次 old=WAVE_STRESS_0029 status=2
2026-07-26 10:23:18.768 [0x00000c28] INFO  WCS - 	[WaveMgr] 波次已清理
2026-07-26 10:23:18.768 [0x00000c28] WARN  WCS - <241>	<WaveManager::setState>,[WaveMgr] 状态转换拒绝 2 -> 4
2026-07-26 10:23:18.768 [0x00000c28] INFO  WCS - 	[WaveMgr] 波次注册 orderCode=WAVE_STRESS_0030 qty=10 SKU=10
2026-07-26 10:23:18.768 [0x00000c28] WARN  WCS - <241>	<WaveManager::setState>,[WaveMgr] 状态转换拒绝 2 -> 1
2026-07-26 10:23:18.768 [0x00000c28] INFO  WCS - 	[WaveMgr] 接收inco集合 size=10
2026-07-26 10:23:18.772 [0x00000c28] INFO  WCS - 	[WaveMgr] 覆盖旧波次 old=WAVE_STRESS_0030 status=2
2026-07-26 10:23:18.772 [0x00000c28] INFO  WCS - 	[WaveMgr] 波次已清理
2026-07-26 10:23:18.772 [0x00000c28] WARN  WCS - <241>	<WaveManager::setState>,[WaveMgr] 状态转换拒绝 2 -> 4
2026-07-26 10:23:18.772 [0x00000c28] INFO  WCS - 	[WaveMgr] 波次注册 orderCode=WAVE_STRESS_0031 qty=10 SKU=10
2026-07-26 10:23:18.772 [0x00000c28] WARN  WCS - <241>	<WaveManager::setState>,[WaveMgr] 状态转换拒绝 2 -> 1
2026-07-26 10:23:18.772 [0x00000c28] INFO  WCS - 	[WaveMgr] 接收inco集合 size=10
2026-07-26 10:23:18.784 [0x00000c28] INFO  WCS - 	[WaveMgr] 覆盖旧波次 old=WAVE_STRESS_0031 status=2
2026-07-26 10:23:18.784 [0x00000c28] INFO  WCS - 	[WaveMgr] 波次已清理
2026-07-26 10:23:18.784 [0x00000c28] WARN  WCS - <241>	<WaveManager::setState>,[WaveMgr] 状态转换拒绝 2 -> 4
2026-07-26 10:23:18.784 [0x00000c28] INFO  WCS - 	[WaveMgr] 波次注册 orderCode=WAVE_STRESS_0032 qty=10 SKU=10
2026-07-26 10:23:18.784 [0x00000c28] WARN  WCS - <241>	<WaveManager::setState>,[WaveMgr] 状态转换拒绝 2 -> 1
2026-07-26 10:23:18.784 [0x00000c28] INFO  WCS - 	[WaveMgr] 接收inco集合 size=10
2026-07-26 10:23:18.794 [0x00000c28] INFO  WCS - 	[WaveMgr] 覆盖旧波次 old=WAVE_STRESS_0032 status=2
2026-07-26 10:23:18.794 [0x00000c28] INFO  WCS - 	[WaveMgr] 波次已清理
2026-07-26 10:23:18.795 [0x00000c28] WARN  WCS - <241>	<WaveManager::setState>,[WaveMgr] 状态转换拒绝 2 -> 4
2026-07-26 10:23:18.795 [0x00000c28] INFO  WCS - 	[WaveMgr] 波次注册 orderCode=WAVE_STRESS_0033 qty=10 SKU=10
2026-07-26 10:23:18.795 [0x00000c28] WARN  WCS - <241>	<WaveManager::setState>,[WaveMgr] 状态转换拒绝 2 -> 1
2026-07-26 10:23:18.795 [0x00000c28] INFO  WCS - 	[WaveMgr] 接收inco集合 size=10
2026-07-26 10:23:18.805 [0x00000c28] INFO  WCS - 	[WaveMgr] 覆盖旧波次 old=WAVE_STRESS_0033 status=2
2026-07-26 10:23:18.805 [0x00000c28] INFO  WCS - 	[WaveMgr] 波次已清理
2026-07-26 10:23:18.805 [0x00000c28] WARN  WCS - <241>	<WaveManager::setState>,[WaveMgr] 状态转换拒绝 2 -> 4
2026-07-26 10:23:18.805 [0x00000c28] INFO  WCS - 	[WaveMgr] 波次注册 orderCode=WAVE_STRESS_0034 qty=10 SKU=10
2026-07-26 10:23:18.805 [0x00000c28] WARN  WCS - <241>	<WaveManager::setState>,[WaveMgr] 状态转换拒绝 2 -> 1
2026-07-26 10:23:18.805 [0x00000c28] INFO  WCS - 	[WaveMgr] 接收inco集合 size=10
2026-07-26 10:23:18.818 [0x00000c28] INFO  WCS - 	[WaveMgr] 覆盖旧波次 old=WAVE_STRESS_0034 status=2
2026-07-26 10:23:18.818 [0x00000c28] INFO  WCS - 	[WaveMgr] 波次已清理
2026-07-26 10:23:18.818 [0x00000c28] WARN  WCS - <241>	<WaveManager::setState>,[WaveMgr] 状态转换拒绝 2 -> 4
2026-07-26 10:23:18.818 [0x00000c28] INFO  WCS - 	[WaveMgr] 波次注册 orderCode=WAVE_STRESS_0035 qty=10 SKU=10
2026-07-26 10:23:18.818 [0x00000c28] WARN  WCS - <241>	<WaveManager::setState>,[WaveMgr] 状态转换拒绝 2 -> 1
2026-07-26 10:23:18.818 [0x00000c28] INFO  WCS - 	[WaveMgr] 接收inco集合 size=10
2026-07-26 10:23:18.827 [0x00000c28] INFO  WCS - 	[WaveMgr] 覆盖旧波次 old=WAVE_STRESS_0035 status=2
2026-07-26 10:23:18.827 [0x00000c28] INFO  WCS - 	[WaveMgr] 波次已清理
2026-07-26 10:23:18.827 [0x00000c28] WARN  WCS - <241>	<WaveManager::setState>,[WaveMgr] 状态转换拒绝 2 -> 4
2026-07-26 10:23:18.827 [0x00000c28] INFO  WCS - 	[WaveMgr] 波次注册 orderCode=WAVE_STRESS_0036 qty=10 SKU=10
2026-07-26 10:23:18.827 [0x00000c28] WARN  WCS - <241>	<WaveManager::setState>,[WaveMgr] 状态转换拒绝 2 -> 1
2026-07-26 10:23:18.827 [0x00000c28] INFO  WCS - 	[WaveMgr] 接收inco集合 size=10
2026-07-26 10:23:18.834 [0x00000c28] INFO  WCS - 	[WaveMgr] 覆盖旧波次 old=WAVE_STRESS_0036 status=2
2026-07-26 10:23:18.834 [0x00000c28] INFO  WCS - 	[WaveMgr] 波次已清理
2026-07-26 10:23:18.834 [0x00000c28] WARN  WCS - <241>	<WaveManager::setState>,[WaveMgr] 状态转换拒绝 2 -> 4
2026-07-26 10:23:18.834 [0x00000c28] INFO  WCS - 	[WaveMgr] 波次注册 orderCode=WAVE_STRESS_0037 qty=10 SKU=10
2026-07-26 10:23:18.834 [0x00000c28] WARN  WCS - <241>	<WaveManager::setState>,[WaveMgr] 状态转换拒绝 2 -> 1
2026-07-26 10:23:18.834 [0x00000c28] INFO  WCS - 	[WaveMgr] 接收inco集合 size=10
2026-07-26 10:23:18.841 [0x00000c28] INFO  WCS - 	[WaveMgr] 覆盖旧波次 old=WAVE_STRESS_0037 status=2
2026-07-26 10:23:18.841 [0x00000c28] INFO  WCS - 	[WaveMgr] 波次已清理
2026-07-26 10:23:18.841 [0x00000c28] WARN  WCS - <241>	<WaveManager::setState>,[WaveMgr] 状态转换拒绝 2 -> 4
2026-07-26 10:23:18.841 [0x00000c28] INFO  WCS - 	[WaveMgr] 波次注册 orderCode=WAVE_STRESS_0038 qty=10 SKU=10
2026-07-26 10:23:18.841 [0x00000c28] WARN  WCS - <241>	<WaveManager::setState>,[WaveMgr] 状态转换拒绝 2 -> 1
2026-07-26 10:23:18.841 [0x00000c28] INFO  WCS - 	[WaveMgr] 接收inco集合 size=10
2026-07-26 10:23:18.849 [0x00000c28] INFO  WCS - 	[WaveMgr] 覆盖旧波次 old=WAVE_STRESS_0038 status=2
2026-07-26 10:23:18.849 [0x00000c28] INFO  WCS - 	[WaveMgr] 波次已清理
2026-07-26 10:23:18.849 [0x00000c28] WARN  WCS - <241>	<WaveManager::setState>,[WaveMgr] 状态转换拒绝 2 -> 4
2026-07-26 10:23:18.849 [0x00000c28] INFO  WCS - 	[WaveMgr] 波次注册 orderCode=WAVE_STRESS_0039 qty=10 SKU=10
2026-07-26 10:23:18.849 [0x00000c28] WARN  WCS - <241>	<WaveManager::setState>,[WaveMgr] 状态转换拒绝 2 -> 1
2026-07-26 10:23:18.849 [0x00000c28] INFO  WCS - 	[WaveMgr] 接收inco集合 size=10
2026-07-26 10:23:18.858 [0x00000c28] INFO  WCS - 	[WaveMgr] 覆盖旧波次 old=WAVE_STRESS_0039 status=2
2026-07-26 10:23:18.858 [0x00000c28] INFO  WCS - 	[WaveMgr] 波次已清理
2026-07-26 10:23:18.858 [0x00000c28] WARN  WCS - <241>	<WaveManager::setState>,[WaveMgr] 状态转换拒绝 2 -> 4
2026-07-26 10:23:18.858 [0x00000c28] INFO  WCS - 	[WaveMgr] 波次注册 orderCode=WAVE_STRESS_0040 qty=10 SKU=10
2026-07-26 10:23:18.858 [0x00000c28] WARN  WCS - <241>	<WaveManager::setState>,[WaveMgr] 状态转换拒绝 2 -> 1
2026-07-26 10:23:18.858 [0x00000c28] INFO  WCS - 	[WaveMgr] 接收inco集合 size=10
2026-07-26 10:23:18.868 [0x00000c28] INFO  WCS - 	[WaveMgr] 覆盖旧波次 old=WAVE_STRESS_0040 status=2
2026-07-26 10:23:18.868 [0x00000c28] INFO  WCS - 	[WaveMgr] 波次已清理
2026-07-26 10:23:18.868 [0x00000c28] WARN  WCS - <241>	<WaveManager::setState>,[WaveMgr] 状态转换拒绝 2 -> 4
2026-07-26 10:23:18.868 [0x00000c28] INFO  WCS - 	[WaveMgr] 波次注册 orderCode=WAVE_STRESS_0041 qty=10 SKU=10
2026-07-26 10:23:18.868 [0x00000c28] WARN  WCS - <241>	<WaveManager::setState>,[WaveMgr] 状态转换拒绝 2 -> 1
2026-07-26 10:23:18.868 [0x00000c28] INFO  WCS - 	[WaveMgr] 接收inco集合 size=10
2026-07-26 10:23:18.879 [0x00000c28] INFO  WCS - 	[WaveMgr] 覆盖旧波次 old=WAVE_STRESS_0041 status=2
2026-07-26 10:23:18.879 [0x00000c28] INFO  WCS - 	[WaveMgr] 波次已清理
2026-07-26 10:23:18.879 [0x00000c28] WARN  WCS - <241>	<WaveManager::setState>,[WaveMgr] 状态转换拒绝 2 -> 4
2026-07-26 10:23:18.879 [0x00000c28] INFO  WCS - 	[WaveMgr] 波次注册 orderCode=WAVE_STRESS_0042 qty=10 SKU=10
2026-07-26 10:23:18.879 [0x00000c28] WARN  WCS - <241>	<WaveManager::setState>,[WaveMgr] 状态转换拒绝 2 -> 1
2026-07-26 10:23:18.879 [0x00000c28] INFO  WCS - 	[WaveMgr] 接收inco集合 size=10
2026-07-26 10:23:18.885 [0x00000c28] INFO  WCS - 	[WaveMgr] 覆盖旧波次 old=WAVE_STRESS_0042 status=2
2026-07-26 10:23:18.885 [0x00000c28] INFO  WCS - 	[WaveMgr] 波次已清理
2026-07-26 10:23:18.885 [0x00000c28] WARN  WCS - <241>	<WaveManager::setState>,[WaveMgr] 状态转换拒绝 2 -> 4
2026-07-26 10:23:18.885 [0x00000c28] INFO  WCS - 	[WaveMgr] 波次注册 orderCode=WAVE_STRESS_0043 qty=10 SKU=10
2026-07-26 10:23:18.885 [0x00000c28] WARN  WCS - <241>	<WaveManager::setState>,[WaveMgr] 状态转换拒绝 2 -> 1
2026-07-26 10:23:18.885 [0x00000c28] INFO  WCS - 	[WaveMgr] 接收inco集合 size=10
2026-07-26 10:23:18.898 [0x00000c28] INFO  WCS - 	[WaveMgr] 覆盖旧波次 old=WAVE_STRESS_0043 status=2
2026-07-26 10:23:18.898 [0x00000c28] INFO  WCS - 	[WaveMgr] 波次已清理
2026-07-26 10:23:18.898 [0x00000c28] WARN  WCS - <241>	<WaveManager::setState>,[WaveMgr] 状态转换拒绝 2 -> 4
2026-07-26 10:23:18.898 [0x00000c28] INFO  WCS - 	[WaveMgr] 波次注册 orderCode=WAVE_STRESS_0044 qty=10 SKU=10
2026-07-26 10:23:18.898 [0x00000c28] WARN  WCS - <241>	<WaveManager::setState>,[WaveMgr] 状态转换拒绝 2 -> 1
2026-07-26 10:23:18.898 [0x00000c28] INFO  WCS - 	[WaveMgr] 接收inco集合 size=10
2026-07-26 10:23:18.902 [0x00000c28] INFO  WCS - 	[WaveMgr] 覆盖旧波次 old=WAVE_STRESS_0044 status=2
2026-07-26 10:23:18.902 [0x00000c28] INFO  WCS - 	[WaveMgr] 波次已清理
2026-07-26 10:23:18.902 [0x00000c28] WARN  WCS - <241>	<WaveManager::setState>,[WaveMgr] 状态转换拒绝 2 -> 4
2026-07-26 10:23:18.902 [0x00000c28] INFO  WCS - 	[WaveMgr] 波次注册 orderCode=WAVE_STRESS_0045 qty=10 SKU=10
2026-07-26 10:23:18.902 [0x00000c28] WARN  WCS - <241>	<WaveManager::setState>,[WaveMgr] 状态转换拒绝 2 -> 1
2026-07-26 10:23:18.902 [0x00000c28] INFO  WCS - 	[WaveMgr] 接收inco集合 size=10
2026-07-26 10:23:18.908 [0x00000c28] INFO  WCS - 	[WaveMgr] 覆盖旧波次 old=WAVE_STRESS_0045 status=2
2026-07-26 10:23:18.908 [0x00000c28] INFO  WCS - 	[WaveMgr] 波次已清理
2026-07-26 10:23:18.908 [0x00000c28] WARN  WCS - <241>	<WaveManager::setState>,[WaveMgr] 状态转换拒绝 2 -> 4
2026-07-26 10:23:18.908 [0x00000c28] INFO  WCS - 	[WaveMgr] 波次注册 orderCode=WAVE_STRESS_0046 qty=10 SKU=10
2026-07-26 10:23:18.908 [0x00000c28] WARN  WCS - <241>	<WaveManager::setState>,[WaveMgr] 状态转换拒绝 2 -> 1
2026-07-26 10:23:18.908 [0x00000c28] INFO  WCS - 	[WaveMgr] 接收inco集合 size=10
2026-07-26 10:23:18.924 [0x00000c28] INFO  WCS - 	[WaveMgr] 覆盖旧波次 old=WAVE_STRESS_0046 status=2
2026-07-26 10:23:18.924 [0x00000c28] INFO  WCS - 	[WaveMgr] 波次已清理
2026-07-26 10:23:18.924 [0x00000c28] WARN  WCS - <241>	<WaveManager::setState>,[WaveMgr] 状态转换拒绝 2 -> 4
2026-07-26 10:23:18.924 [0x00000c28] INFO  WCS - 	[WaveMgr] 波次注册 orderCode=WAVE_STRESS_0047 qty=10 SKU=10
2026-07-26 10:23:18.924 [0x00000c28] WARN  WCS - <241>	<WaveManager::setState>,[WaveMgr] 状态转换拒绝 2 -> 1
2026-07-26 10:23:18.924 [0x00000c28] INFO  WCS - 	[WaveMgr] 接收inco集合 size=10
2026-07-26 10:23:18.934 [0x00000c28] INFO  WCS - 	[WaveMgr] 覆盖旧波次 old=WAVE_STRESS_0047 status=2
2026-07-26 10:23:18.934 [0x00000c28] INFO  WCS - 	[WaveMgr] 波次已清理
2026-07-26 10:23:18.934 [0x00000c28] WARN  WCS - <241>	<WaveManager::setState>,[WaveMgr] 状态转换拒绝 2 -> 4
2026-07-26 10:23:18.934 [0x00000c28] INFO  WCS - 	[WaveMgr] 波次注册 orderCode=WAVE_STRESS_0048 qty=10 SKU=10
2026-07-26 10:23:18.934 [0x00000c28] WARN  WCS - <241>	<WaveManager::setState>,[WaveMgr] 状态转换拒绝 2 -> 1
2026-07-26 10:23:18.934 [0x00000c28] INFO  WCS - 	[WaveMgr] 接收inco集合 size=10
2026-07-26 10:23:18.944 [0x00000c28] INFO  WCS - 	[WaveMgr] 覆盖旧波次 old=WAVE_STRESS_0048 status=2
2026-07-26 10:23:18.944 [0x00000c28] INFO  WCS - 	[WaveMgr] 波次已清理
2026-07-26 10:23:18.944 [0x00000c28] WARN  WCS - <241>	<WaveManager::setState>,[WaveMgr] 状态转换拒绝 2 -> 4
2026-07-26 10:23:18.945 [0x00000c28] INFO  WCS - 	[WaveMgr] 波次注册 orderCode=WAVE_STRESS_0049 qty=10 SKU=10
2026-07-26 10:23:18.945 [0x00000c28] WARN  WCS - <241>	<WaveManager::setState>,[WaveMgr] 状态转换拒绝 2 -> 1
2026-07-26 10:23:18.945 [0x00000c28] INFO  WCS - 	[WaveMgr] 接收inco集合 size=10
2026-07-26 10:23:18.955 [0x00000c28] INFO  WCS - 	[WaveMgr] 覆盖旧波次 old=WAVE_STRESS_0049 status=2
2026-07-26 10:23:18.955 [0x00000c28] INFO  WCS - 	[WaveMgr] 波次已清理
2026-07-26 10:23:18.955 [0x00000c28] WARN  WCS - <241>	<WaveManager::setState>,[WaveMgr] 状态转换拒绝 2 -> 4
2026-07-26 10:23:18.955 [0x00000c28] INFO  WCS - 	[WaveMgr] 波次注册 orderCode=WAVE_STRESS_0050 qty=10 SKU=10
2026-07-26 10:23:18.956 [0x00000c28] WARN  WCS - <241>	<WaveManager::setState>,[WaveMgr] 状态转换拒绝 2 -> 1
2026-07-26 10:23:18.956 [0x00000c28] INFO  WCS - 	[WaveMgr] 接收inco集合 size=10
2026-07-26 10:23:18.966 [0x00000c28] INFO  WCS - 	[WaveMgr] 覆盖旧波次 old=WAVE_STRESS_0050 status=2
2026-07-26 10:23:18.966 [0x00000c28] INFO  WCS - 	[WaveMgr] 波次已清理
2026-07-26 10:23:18.966 [0x00000c28] WARN  WCS - <241>	<WaveManager::setState>,[WaveMgr] 状态转换拒绝 2 -> 4
2026-07-26 10:23:18.966 [0x00000c28] INFO  WCS - 	[WaveMgr] 波次注册 orderCode=WAVE_STRESS_0051 qty=10 SKU=10
2026-07-26 10:23:18.966 [0x00000c28] WARN  WCS - <241>	<WaveManager::setState>,[WaveMgr] 状态转换拒绝 2 -> 1
2026-07-26 10:23:18.966 [0x00000c28] INFO  WCS - 	[WaveMgr] 接收inco集合 size=10
2026-07-26 10:23:18.976 [0x00000c28] INFO  WCS - 	[WaveMgr] 覆盖旧波次 old=WAVE_STRESS_0051 status=2
2026-07-26 10:23:18.976 [0x00000c28] INFO  WCS - 	[WaveMgr] 波次已清理
2026-07-26 10:23:18.976 [0x00000c28] WARN  WCS - <241>	<WaveManager::setState>,[WaveMgr] 状态转换拒绝 2 -> 4
2026-07-26 10:23:18.976 [0x00000c28] INFO  WCS - 	[WaveMgr] 波次注册 orderCode=WAVE_STRESS_0052 qty=10 SKU=10
2026-07-26 10:23:18.976 [0x00000c28] WARN  WCS - <241>	<WaveManager::setState>,[WaveMgr] 状态转换拒绝 2 -> 1
2026-07-26 10:23:18.976 [0x00000c28] INFO  WCS - 	[WaveMgr] 接收inco集合 size=10
2026-07-26 10:23:18.984 [0x00000c28] INFO  WCS - 	[WaveMgr] 覆盖旧波次 old=WAVE_STRESS_0052 status=2
2026-07-26 10:23:18.984 [0x00000c28] INFO  WCS - 	[WaveMgr] 波次已清理
2026-07-26 10:23:18.984 [0x00000c28] WARN  WCS - <241>	<WaveManager::setState>,[WaveMgr] 状态转换拒绝 2 -> 4
2026-07-26 10:23:18.984 [0x00000c28] INFO  WCS - 	[WaveMgr] 波次注册 orderCode=WAVE_STRESS_0053 qty=10 SKU=10
2026-07-26 10:23:18.984 [0x00000c28] WARN  WCS - <241>	<WaveManager::setState>,[WaveMgr] 状态转换拒绝 2 -> 1
2026-07-26 10:23:18.984 [0x00000c28] INFO  WCS - 	[WaveMgr] 接收inco集合 size=10
2026-07-26 10:23:18.990 [0x00000c28] INFO  WCS - 	[WaveMgr] 覆盖旧波次 old=WAVE_STRESS_0053 status=2
2026-07-26 10:23:18.990 [0x00000c28] INFO  WCS - 	[WaveMgr] 波次已清理
2026-07-26 10:23:18.990 [0x00000c28] WARN  WCS - <241>	<WaveManager::setState>,[WaveMgr] 状态转换拒绝 2 -> 4
2026-07-26 10:23:18.990 [0x00000c28] INFO  WCS - 	[WaveMgr] 波次注册 orderCode=WAVE_STRESS_0054 qty=10 SKU=10
2026-07-26 10:23:18.990 [0x00000c28] WARN  WCS - <241>	<WaveManager::setState>,[WaveMgr] 状态转换拒绝 2 -> 1
2026-07-26 10:23:18.990 [0x00000c28] INFO  WCS - 	[WaveMgr] 接收inco集合 size=10
2026-07-26 10:23:18.996 [0x00000c28] INFO  WCS - 	[WaveMgr] 覆盖旧波次 old=WAVE_STRESS_0054 status=2
2026-07-26 10:23:18.996 [0x00000c28] INFO  WCS - 	[WaveMgr] 波次已清理
2026-07-26 10:23:18.996 [0x00000c28] WARN  WCS - <241>	<WaveManager::setState>,[WaveMgr] 状态转换拒绝 2 -> 4
2026-07-26 10:23:18.996 [0x00000c28] INFO  WCS - 	[WaveMgr] 波次注册 orderCode=WAVE_STRESS_0055 qty=10 SKU=10
2026-07-26 10:23:18.996 [0x00000c28] WARN  WCS - <241>	<WaveManager::setState>,[WaveMgr] 状态转换拒绝 2 -> 1
2026-07-26 10:23:18.996 [0x00000c28] INFO  WCS - 	[WaveMgr] 接收inco集合 size=10
2026-07-26 10:23:19.012 [0x00000c28] INFO  WCS - 	[WaveMgr] 覆盖旧波次 old=WAVE_STRESS_0055 status=2
2026-07-26 10:23:19.012 [0x00000c28] INFO  WCS - 	[WaveMgr] 波次已清理
2026-07-26 10:23:19.012 [0x00000c28] WARN  WCS - <241>	<WaveManager::setState>,[WaveMgr] 状态转换拒绝 2 -> 4
2026-07-26 10:23:19.012 [0x00000c28] INFO  WCS - 	[WaveMgr] 波次注册 orderCode=WAVE_STRESS_0056 qty=10 SKU=10
2026-07-26 10:23:19.012 [0x00000c28] WARN  WCS - <241>	<WaveManager::setState>,[WaveMgr] 状态转换拒绝 2 -> 1
2026-07-26 10:23:19.012 [0x00000c28] INFO  WCS - 	[WaveMgr] 接收inco集合 size=10
2026-07-26 10:23:19.024 [0x00000c28] INFO  WCS - 	[WaveMgr] 覆盖旧波次 old=WAVE_STRESS_0056 status=2
2026-07-26 10:23:19.024 [0x00000c28] INFO  WCS - 	[WaveMgr] 波次已清理
2026-07-26 10:23:19.024 [0x00000c28] WARN  WCS - <241>	<WaveManager::setState>,[WaveMgr] 状态转换拒绝 2 -> 4
2026-07-26 10:23:19.024 [0x00000c28] INFO  WCS - 	[WaveMgr] 波次注册 orderCode=WAVE_STRESS_0057 qty=10 SKU=10
2026-07-26 10:23:19.024 [0x00000c28] WARN  WCS - <241>	<WaveManager::setState>,[WaveMgr] 状态转换拒绝 2 -> 1
2026-07-26 10:23:19.024 [0x00000c28] INFO  WCS - 	[WaveMgr] 接收inco集合 size=10
2026-07-26 10:23:19.032 [0x00000c28] INFO  WCS - 	[WaveMgr] 覆盖旧波次 old=WAVE_STRESS_0057 status=2
2026-07-26 10:23:19.032 [0x00000c28] INFO  WCS - 	[WaveMgr] 波次已清理
2026-07-26 10:23:19.032 [0x00000c28] WARN  WCS - <241>	<WaveManager::setState>,[WaveMgr] 状态转换拒绝 2 -> 4
2026-07-26 10:23:19.032 [0x00000c28] INFO  WCS - 	[WaveMgr] 波次注册 orderCode=WAVE_STRESS_0058 qty=10 SKU=10
2026-07-26 10:23:19.032 [0x00000c28] WARN  WCS - <241>	<WaveManager::setState>,[WaveMgr] 状态转换拒绝 2 -> 1
2026-07-26 10:23:19.032 [0x00000c28] INFO  WCS - 	[WaveMgr] 接收inco集合 size=10
2026-07-26 10:23:19.039 [0x00000c28] INFO  WCS - 	[WaveMgr] 覆盖旧波次 old=WAVE_STRESS_0058 status=2
2026-07-26 10:23:19.039 [0x00000c28] INFO  WCS - 	[WaveMgr] 波次已清理
2026-07-26 10:23:19.039 [0x00000c28] WARN  WCS - <241>	<WaveManager::setState>,[WaveMgr] 状态转换拒绝 2 -> 4
2026-07-26 10:23:19.039 [0x00000c28] INFO  WCS - 	[WaveMgr] 波次注册 orderCode=WAVE_STRESS_0059 qty=10 SKU=10
2026-07-26 10:23:19.039 [0x00000c28] WARN  WCS - <241>	<WaveManager::setState>,[WaveMgr] 状态转换拒绝 2 -> 1
2026-07-26 10:23:19.039 [0x00000c28] INFO  WCS - 	[WaveMgr] 接收inco集合 size=10
2026-07-26 10:23:19.048 [0x00000c28] INFO  WCS - 	[WaveMgr] 覆盖旧波次 old=WAVE_STRESS_0059 status=2
2026-07-26 10:23:19.049 [0x00000c28] INFO  WCS - 	[WaveMgr] 波次已清理
2026-07-26 10:23:19.049 [0x00000c28] WARN  WCS - <241>	<WaveManager::setState>,[WaveMgr] 状态转换拒绝 2 -> 4
2026-07-26 10:23:19.049 [0x00000c28] INFO  WCS - 	[WaveMgr] 波次注册 orderCode=WAVE_STRESS_0060 qty=10 SKU=10
2026-07-26 10:23:19.049 [0x00000c28] WARN  WCS - <241>	<WaveManager::setState>,[WaveMgr] 状态转换拒绝 2 -> 1
2026-07-26 10:23:19.049 [0x00000c28] INFO  WCS - 	[WaveMgr] 接收inco集合 size=10
2026-07-26 10:23:19.056 [0x00000c28] INFO  WCS - 	[WaveMgr] 覆盖旧波次 old=WAVE_STRESS_0060 status=2
2026-07-26 10:23:19.056 [0x00000c28] INFO  WCS - 	[WaveMgr] 波次已清理
2026-07-26 10:23:19.056 [0x00000c28] WARN  WCS - <241>	<WaveManager::setState>,[WaveMgr] 状态转换拒绝 2 -> 4
2026-07-26 10:23:19.056 [0x00000c28] INFO  WCS - 	[WaveMgr] 波次注册 orderCode=WAVE_STRESS_0061 qty=10 SKU=10
2026-07-26 10:23:19.056 [0x00000c28] WARN  WCS - <241>	<WaveManager::setState>,[WaveMgr] 状态转换拒绝 2 -> 1
2026-07-26 10:23:19.056 [0x00000c28] INFO  WCS - 	[WaveMgr] 接收inco集合 size=10
2026-07-26 10:23:19.066 [0x00000c28] INFO  WCS - 	[WaveMgr] 覆盖旧波次 old=WAVE_STRESS_0061 status=2
2026-07-26 10:23:19.066 [0x00000c28] INFO  WCS - 	[WaveMgr] 波次已清理
2026-07-26 10:23:19.066 [0x00000c28] WARN  WCS - <241>	<WaveManager::setState>,[WaveMgr] 状态转换拒绝 2 -> 4
2026-07-26 10:23:19.066 [0x00000c28] INFO  WCS - 	[WaveMgr] 波次注册 orderCode=WAVE_STRESS_0062 qty=10 SKU=10
2026-07-26 10:23:19.066 [0x00000c28] WARN  WCS - <241>	<WaveManager::setState>,[WaveMgr] 状态转换拒绝 2 -> 1
2026-07-26 10:23:19.066 [0x00000c28] INFO  WCS - 	[WaveMgr] 接收inco集合 size=10
2026-07-26 10:23:19.076 [0x00000c28] INFO  WCS - 	[WaveMgr] 覆盖旧波次 old=WAVE_STRESS_0062 status=2
2026-07-26 10:23:19.076 [0x00000c28] INFO  WCS - 	[WaveMgr] 波次已清理
2026-07-26 10:23:19.076 [0x00000c28] WARN  WCS - <241>	<WaveManager::setState>,[WaveMgr] 状态转换拒绝 2 -> 4
2026-07-26 10:23:19.076 [0x00000c28] INFO  WCS - 	[WaveMgr] 波次注册 orderCode=WAVE_STRESS_0063 qty=10 SKU=10
2026-07-26 10:23:19.076 [0x00000c28] WARN  WCS - <241>	<WaveManager::setState>,[WaveMgr] 状态转换拒绝 2 -> 1
2026-07-26 10:23:19.076 [0x00000c28] INFO  WCS - 	[WaveMgr] 接收inco集合 size=10
2026-07-26 10:23:19.088 [0x00000c28] INFO  WCS - 	[WaveMgr] 覆盖旧波次 old=WAVE_STRESS_0063 status=2
2026-07-26 10:23:19.088 [0x00000c28] INFO  WCS - 	[WaveMgr] 波次已清理
2026-07-26 10:23:19.088 [0x00000c28] WARN  WCS - <241>	<WaveManager::setState>,[WaveMgr] 状态转换拒绝 2 -> 4
2026-07-26 10:23:19.088 [0x00000c28] INFO  WCS - 	[WaveMgr] 波次注册 orderCode=WAVE_STRESS_0064 qty=10 SKU=10
2026-07-26 10:23:19.088 [0x00000c28] WARN  WCS - <241>	<WaveManager::setState>,[WaveMgr] 状态转换拒绝 2 -> 1
2026-07-26 10:23:19.088 [0x00000c28] INFO  WCS - 	[WaveMgr] 接收inco集合 size=10
2026-07-26 10:23:19.100 [0x00000c28] INFO  WCS - 	[WaveMgr] 覆盖旧波次 old=WAVE_STRESS_0064 status=2
2026-07-26 10:23:19.100 [0x00000c28] INFO  WCS - 	[WaveMgr] 波次已清理
2026-07-26 10:23:19.100 [0x00000c28] WARN  WCS - <241>	<WaveManager::setState>,[WaveMgr] 状态转换拒绝 2 -> 4
2026-07-26 10:23:19.100 [0x00000c28] INFO  WCS - 	[WaveMgr] 波次注册 orderCode=WAVE_STRESS_0065 qty=10 SKU=10
2026-07-26 10:23:19.100 [0x00000c28] WARN  WCS - <241>	<WaveManager::setState>,[WaveMgr] 状态转换拒绝 2 -> 1
2026-07-26 10:23:19.100 [0x00000c28] INFO  WCS - 	[WaveMgr] 接收inco集合 size=10
2026-07-26 10:23:19.110 [0x00000c28] INFO  WCS - 	[WaveMgr] 覆盖旧波次 old=WAVE_STRESS_0065 status=2
2026-07-26 10:23:19.110 [0x00000c28] INFO  WCS - 	[WaveMgr] 波次已清理
2026-07-26 10:23:19.110 [0x00000c28] WARN  WCS - <241>	<WaveManager::setState>,[WaveMgr] 状态转换拒绝 2 -> 4
2026-07-26 10:23:19.110 [0x00000c28] INFO  WCS - 	[WaveMgr] 波次注册 orderCode=WAVE_STRESS_0066 qty=10 SKU=10
2026-07-26 10:23:19.110 [0x00000c28] WARN  WCS - <241>	<WaveManager::setState>,[WaveMgr] 状态转换拒绝 2 -> 1
2026-07-26 10:23:19.110 [0x00000c28] INFO  WCS - 	[WaveMgr] 接收inco集合 size=10
2026-07-26 10:23:19.117 [0x00000c28] INFO  WCS - 	[WaveMgr] 覆盖旧波次 old=WAVE_STRESS_0066 status=2
2026-07-26 10:23:19.117 [0x00000c28] INFO  WCS - 	[WaveMgr] 波次已清理
2026-07-26 10:23:19.117 [0x00000c28] WARN  WCS - <241>	<WaveManager::setState>,[WaveMgr] 状态转换拒绝 2 -> 4
2026-07-26 10:23:19.117 [0x00000c28] INFO  WCS - 	[WaveMgr] 波次注册 orderCode=WAVE_STRESS_0067 qty=10 SKU=10
2026-07-26 10:23:19.117 [0x00000c28] WARN  WCS - <241>	<WaveManager::setState>,[WaveMgr] 状态转换拒绝 2 -> 1
2026-07-26 10:23:19.117 [0x00000c28] INFO  WCS - 	[WaveMgr] 接收inco集合 size=10
2026-07-26 10:23:19.128 [0x00000c28] INFO  WCS - 	[WaveMgr] 覆盖旧波次 old=WAVE_STRESS_0067 status=2
2026-07-26 10:23:19.128 [0x00000c28] INFO  WCS - 	[WaveMgr] 波次已清理
2026-07-26 10:23:19.128 [0x00000c28] WARN  WCS - <241>	<WaveManager::setState>,[WaveMgr] 状态转换拒绝 2 -> 4
2026-07-26 10:23:19.129 [0x00000c28] INFO  WCS - 	[WaveMgr] 波次注册 orderCode=WAVE_STRESS_0068 qty=10 SKU=10
2026-07-26 10:23:19.129 [0x00000c28] WARN  WCS - <241>	<WaveManager::setState>,[WaveMgr] 状态转换拒绝 2 -> 1
2026-07-26 10:23:19.129 [0x00000c28] INFO  WCS - 	[WaveMgr] 接收inco集合 size=10
2026-07-26 10:23:19.141 [0x00000c28] INFO  WCS - 	[WaveMgr] 覆盖旧波次 old=WAVE_STRESS_0068 status=2
2026-07-26 10:23:19.141 [0x00000c28] INFO  WCS - 	[WaveMgr] 波次已清理
2026-07-26 10:23:19.141 [0x00000c28] WARN  WCS - <241>	<WaveManager::setState>,[WaveMgr] 状态转换拒绝 2 -> 4
2026-07-26 10:23:19.141 [0x00000c28] INFO  WCS - 	[WaveMgr] 波次注册 orderCode=WAVE_STRESS_0069 qty=10 SKU=10
2026-07-26 10:23:19.141 [0x00000c28] WARN  WCS - <241>	<WaveManager::setState>,[WaveMgr] 状态转换拒绝 2 -> 1
2026-07-26 10:23:19.141 [0x00000c28] INFO  WCS - 	[WaveMgr] 接收inco集合 size=10
2026-07-26 10:23:19.155 [0x00000c28] INFO  WCS - 	[WaveMgr] 覆盖旧波次 old=WAVE_STRESS_0069 status=2
2026-07-26 10:23:19.155 [0x00000c28] INFO  WCS - 	[WaveMgr] 波次已清理
2026-07-26 10:23:19.156 [0x00000c28] WARN  WCS - <241>	<WaveManager::setState>,[WaveMgr] 状态转换拒绝 2 -> 4
2026-07-26 10:23:19.156 [0x00000c28] INFO  WCS - 	[WaveMgr] 波次注册 orderCode=WAVE_STRESS_0070 qty=10 SKU=10
2026-07-26 10:23:19.156 [0x00000c28] WARN  WCS - <241>	<WaveManager::setState>,[WaveMgr] 状态转换拒绝 2 -> 1
2026-07-26 10:23:19.156 [0x00000c28] INFO  WCS - 	[WaveMgr] 接收inco集合 size=10
2026-07-26 10:23:19.167 [0x00000c28] INFO  WCS - 	[WaveMgr] 覆盖旧波次 old=WAVE_STRESS_0070 status=2
2026-07-26 10:23:19.167 [0x00000c28] INFO  WCS - 	[WaveMgr] 波次已清理
2026-07-26 10:23:19.167 [0x00000c28] WARN  WCS - <241>	<WaveManager::setState>,[WaveMgr] 状态转换拒绝 2 -> 4
2026-07-26 10:23:19.167 [0x00000c28] INFO  WCS - 	[WaveMgr] 波次注册 orderCode=WAVE_STRESS_0071 qty=10 SKU=10
2026-07-26 10:23:19.167 [0x00000c28] WARN  WCS - <241>	<WaveManager::setState>,[WaveMgr] 状态转换拒绝 2 -> 1
2026-07-26 10:23:19.167 [0x00000c28] INFO  WCS - 	[WaveMgr] 接收inco集合 size=10
2026-07-26 10:23:19.178 [0x00000c28] INFO  WCS - 	[WaveMgr] 覆盖旧波次 old=WAVE_STRESS_0071 status=2
2026-07-26 10:23:19.178 [0x00000c28] INFO  WCS - 	[WaveMgr] 波次已清理
2026-07-26 10:23:19.178 [0x00000c28] WARN  WCS - <241>	<WaveManager::setState>,[WaveMgr] 状态转换拒绝 2 -> 4
2026-07-26 10:23:19.180 [0x00000c28] INFO  WCS - 	[WaveMgr] 波次注册 orderCode=WAVE_STRESS_0072 qty=10 SKU=10
2026-07-26 10:23:19.180 [0x00000c28] WARN  WCS - <241>	<WaveManager::setState>,[WaveMgr] 状态转换拒绝 2 -> 1
2026-07-26 10:23:19.180 [0x00000c28] INFO  WCS - 	[WaveMgr] 接收inco集合 size=10
2026-07-26 10:23:19.190 [0x00000c28] INFO  WCS - 	[WaveMgr] 覆盖旧波次 old=WAVE_STRESS_0072 status=2
2026-07-26 10:23:19.191 [0x00000c28] INFO  WCS - 	[WaveMgr] 波次已清理
2026-07-26 10:23:19.191 [0x00000c28] WARN  WCS - <241>	<WaveManager::setState>,[WaveMgr] 状态转换拒绝 2 -> 4
2026-07-26 10:23:19.191 [0x00000c28] INFO  WCS - 	[WaveMgr] 波次注册 orderCode=WAVE_STRESS_0073 qty=10 SKU=10
2026-07-26 10:23:19.191 [0x00000c28] WARN  WCS - <241>	<WaveManager::setState>,[WaveMgr] 状态转换拒绝 2 -> 1
2026-07-26 10:23:19.191 [0x00000c28] INFO  WCS - 	[WaveMgr] 接收inco集合 size=10
2026-07-26 10:23:19.203 [0x00000c28] INFO  WCS - 	[WaveMgr] 覆盖旧波次 old=WAVE_STRESS_0073 status=2
2026-07-26 10:23:19.203 [0x00000c28] INFO  WCS - 	[WaveMgr] 波次已清理
2026-07-26 10:23:19.203 [0x00000c28] WARN  WCS - <241>	<WaveManager::setState>,[WaveMgr] 状态转换拒绝 2 -> 4
2026-07-26 10:23:19.203 [0x00000c28] INFO  WCS - 	[WaveMgr] 波次注册 orderCode=WAVE_STRESS_0074 qty=10 SKU=10
2026-07-26 10:23:19.203 [0x00000c28] WARN  WCS - <241>	<WaveManager::setState>,[WaveMgr] 状态转换拒绝 2 -> 1
2026-07-26 10:23:19.203 [0x00000c28] INFO  WCS - 	[WaveMgr] 接收inco集合 size=10
2026-07-26 10:23:19.211 [0x00000c28] INFO  WCS - 	[WaveMgr] 覆盖旧波次 old=WAVE_STRESS_0074 status=2
2026-07-26 10:23:19.211 [0x00000c28] INFO  WCS - 	[WaveMgr] 波次已清理
2026-07-26 10:23:19.211 [0x00000c28] WARN  WCS - <241>	<WaveManager::setState>,[WaveMgr] 状态转换拒绝 2 -> 4
2026-07-26 10:23:19.212 [0x00000c28] INFO  WCS - 	[WaveMgr] 波次注册 orderCode=WAVE_STRESS_0075 qty=10 SKU=10
2026-07-26 10:23:19.212 [0x00000c28] WARN  WCS - <241>	<WaveManager::setState>,[WaveMgr] 状态转换拒绝 2 -> 1
2026-07-26 10:23:19.212 [0x00000c28] INFO  WCS - 	[WaveMgr] 接收inco集合 size=10
2026-07-26 10:23:19.222 [0x00000c28] INFO  WCS - 	[WaveMgr] 覆盖旧波次 old=WAVE_STRESS_0075 status=2
2026-07-26 10:23:19.222 [0x00000c28] INFO  WCS - 	[WaveMgr] 波次已清理
2026-07-26 10:23:19.222 [0x00000c28] WARN  WCS - <241>	<WaveManager::setState>,[WaveMgr] 状态转换拒绝 2 -> 4
2026-07-26 10:23:19.222 [0x00000c28] INFO  WCS - 	[WaveMgr] 波次注册 orderCode=WAVE_STRESS_0076 qty=10 SKU=10
2026-07-26 10:23:19.222 [0x00000c28] WARN  WCS - <241>	<WaveManager::setState>,[WaveMgr] 状态转换拒绝 2 -> 1
2026-07-26 10:23:19.222 [0x00000c28] INFO  WCS - 	[WaveMgr] 接收inco集合 size=10
2026-07-26 10:23:19.228 [0x00000c28] INFO  WCS - 	[WaveMgr] 覆盖旧波次 old=WAVE_STRESS_0076 status=2
2026-07-26 10:23:19.228 [0x00000c28] INFO  WCS - 	[WaveMgr] 波次已清理
2026-07-26 10:23:19.228 [0x00000c28] WARN  WCS - <241>	<WaveManager::setState>,[WaveMgr] 状态转换拒绝 2 -> 4
2026-07-26 10:23:19.228 [0x00000c28] INFO  WCS - 	[WaveMgr] 波次注册 orderCode=WAVE_STRESS_0077 qty=10 SKU=10
2026-07-26 10:23:19.228 [0x00000c28] WARN  WCS - <241>	<WaveManager::setState>,[WaveMgr] 状态转换拒绝 2 -> 1
2026-07-26 10:23:19.228 [0x00000c28] INFO  WCS - 	[WaveMgr] 接收inco集合 size=10
2026-07-26 10:23:19.243 [0x00000c28] INFO  WCS - 	[WaveMgr] 覆盖旧波次 old=WAVE_STRESS_0077 status=2
2026-07-26 10:23:19.244 [0x00000c28] INFO  WCS - 	[WaveMgr] 波次已清理
2026-07-26 10:23:19.244 [0x00000c28] WARN  WCS - <241>	<WaveManager::setState>,[WaveMgr] 状态转换拒绝 2 -> 4
2026-07-26 10:23:19.244 [0x00000c28] INFO  WCS - 	[WaveMgr] 波次注册 orderCode=WAVE_STRESS_0078 qty=10 SKU=10
2026-07-26 10:23:19.244 [0x00000c28] WARN  WCS - <241>	<WaveManager::setState>,[WaveMgr] 状态转换拒绝 2 -> 1
2026-07-26 10:23:19.244 [0x00000c28] INFO  WCS - 	[WaveMgr] 接收inco集合 size=10
2026-07-26 10:23:19.255 [0x00000c28] INFO  WCS - 	[WaveMgr] 覆盖旧波次 old=WAVE_STRESS_0078 status=2
2026-07-26 10:23:19.255 [0x00000c28] INFO  WCS - 	[WaveMgr] 波次已清理
2026-07-26 10:23:19.255 [0x00000c28] WARN  WCS - <241>	<WaveManager::setState>,[WaveMgr] 状态转换拒绝 2 -> 4
2026-07-26 10:23:19.255 [0x00000c28] INFO  WCS - 	[WaveMgr] 波次注册 orderCode=WAVE_STRESS_0079 qty=10 SKU=10
2026-07-26 10:23:19.255 [0x00000c28] WARN  WCS - <241>	<WaveManager::setState>,[WaveMgr] 状态转换拒绝 2 -> 1
2026-07-26 10:23:19.255 [0x00000c28] INFO  WCS - 	[WaveMgr] 接收inco集合 size=10
2026-07-26 10:23:19.265 [0x00000c28] INFO  WCS - 	[WaveMgr] 覆盖旧波次 old=WAVE_STRESS_0079 status=2
2026-07-26 10:23:19.265 [0x00000c28] INFO  WCS - 	[WaveMgr] 波次已清理
2026-07-26 10:23:19.266 [0x00000c28] WARN  WCS - <241>	<WaveManager::setState>,[WaveMgr] 状态转换拒绝 2 -> 4
2026-07-26 10:23:19.266 [0x00000c28] INFO  WCS - 	[WaveMgr] 波次注册 orderCode=WAVE_STRESS_0080 qty=10 SKU=10
2026-07-26 10:23:19.266 [0x00000c28] WARN  WCS - <241>	<WaveManager::setState>,[WaveMgr] 状态转换拒绝 2 -> 1
2026-07-26 10:23:19.266 [0x00000c28] INFO  WCS - 	[WaveMgr] 接收inco集合 size=10
2026-07-26 10:23:19.276 [0x00000c28] INFO  WCS - 	[WaveMgr] 覆盖旧波次 old=WAVE_STRESS_0080 status=2
2026-07-26 10:23:19.276 [0x00000c28] INFO  WCS - 	[WaveMgr] 波次已清理
2026-07-26 10:23:19.276 [0x00000c28] WARN  WCS - <241>	<WaveManager::setState>,[WaveMgr] 状态转换拒绝 2 -> 4
2026-07-26 10:23:19.276 [0x00000c28] INFO  WCS - 	[WaveMgr] 波次注册 orderCode=WAVE_STRESS_0081 qty=10 SKU=10
2026-07-26 10:23:19.276 [0x00000c28] WARN  WCS - <241>	<WaveManager::setState>,[WaveMgr] 状态转换拒绝 2 -> 1
2026-07-26 10:23:19.276 [0x00000c28] INFO  WCS - 	[WaveMgr] 接收inco集合 size=10
2026-07-26 10:23:19.286 [0x00000c28] INFO  WCS - 	[WaveMgr] 覆盖旧波次 old=WAVE_STRESS_0081 status=2
2026-07-26 10:23:19.286 [0x00000c28] INFO  WCS - 	[WaveMgr] 波次已清理
2026-07-26 10:23:19.286 [0x00000c28] WARN  WCS - <241>	<WaveManager::setState>,[WaveMgr] 状态转换拒绝 2 -> 4
2026-07-26 10:23:19.286 [0x00000c28] INFO  WCS - 	[WaveMgr] 波次注册 orderCode=WAVE_STRESS_0082 qty=10 SKU=10
2026-07-26 10:23:19.286 [0x00000c28] WARN  WCS - <241>	<WaveManager::setState>,[WaveMgr] 状态转换拒绝 2 -> 1
2026-07-26 10:23:19.286 [0x00000c28] INFO  WCS - 	[WaveMgr] 接收inco集合 size=10
2026-07-26 10:23:19.299 [0x00000c28] INFO  WCS - 	[WaveMgr] 覆盖旧波次 old=WAVE_STRESS_0082 status=2
2026-07-26 10:23:19.299 [0x00000c28] INFO  WCS - 	[WaveMgr] 波次已清理
2026-07-26 10:23:19.299 [0x00000c28] WARN  WCS - <241>	<WaveManager::setState>,[WaveMgr] 状态转换拒绝 2 -> 4
2026-07-26 10:23:19.299 [0x00000c28] INFO  WCS - 	[WaveMgr] 波次注册 orderCode=WAVE_STRESS_0083 qty=10 SKU=10
2026-07-26 10:23:19.299 [0x00000c28] WARN  WCS - <241>	<WaveManager::setState>,[WaveMgr] 状态转换拒绝 2 -> 1
2026-07-26 10:23:19.299 [0x00000c28] INFO  WCS - 	[WaveMgr] 接收inco集合 size=10
2026-07-26 10:23:19.309 [0x00000c28] INFO  WCS - 	[WaveMgr] 覆盖旧波次 old=WAVE_STRESS_0083 status=2
2026-07-26 10:23:19.310 [0x00000c28] INFO  WCS - 	[WaveMgr] 波次已清理
2026-07-26 10:23:19.310 [0x00000c28] WARN  WCS - <241>	<WaveManager::setState>,[WaveMgr] 状态转换拒绝 2 -> 4
2026-07-26 10:23:19.310 [0x00000c28] INFO  WCS - 	[WaveMgr] 波次注册 orderCode=WAVE_STRESS_0084 qty=10 SKU=10
2026-07-26 10:23:19.310 [0x00000c28] WARN  WCS - <241>	<WaveManager::setState>,[WaveMgr] 状态转换拒绝 2 -> 1
2026-07-26 10:23:19.310 [0x00000c28] INFO  WCS - 	[WaveMgr] 接收inco集合 size=10
2026-07-26 10:23:19.317 [0x00000c28] INFO  WCS - 	[WaveMgr] 覆盖旧波次 old=WAVE_STRESS_0084 status=2
2026-07-26 10:23:19.317 [0x00000c28] INFO  WCS - 	[WaveMgr] 波次已清理
2026-07-26 10:23:19.317 [0x00000c28] WARN  WCS - <241>	<WaveManager::setState>,[WaveMgr] 状态转换拒绝 2 -> 4
2026-07-26 10:23:19.317 [0x00000c28] INFO  WCS - 	[WaveMgr] 波次注册 orderCode=WAVE_STRESS_0085 qty=10 SKU=10
2026-07-26 10:23:19.317 [0x00000c28] WARN  WCS - <241>	<WaveManager::setState>,[WaveMgr] 状态转换拒绝 2 -> 1
2026-07-26 10:23:19.317 [0x00000c28] INFO  WCS - 	[WaveMgr] 接收inco集合 size=10
2026-07-26 10:23:19.324 [0x00000c28] INFO  WCS - 	[WaveMgr] 覆盖旧波次 old=WAVE_STRESS_0085 status=2
2026-07-26 10:23:19.324 [0x00000c28] INFO  WCS - 	[WaveMgr] 波次已清理
2026-07-26 10:23:19.324 [0x00000c28] WARN  WCS - <241>	<WaveManager::setState>,[WaveMgr] 状态转换拒绝 2 -> 4
2026-07-26 10:23:19.324 [0x00000c28] INFO  WCS - 	[WaveMgr] 波次注册 orderCode=WAVE_STRESS_0086 qty=10 SKU=10
2026-07-26 10:23:19.324 [0x00000c28] WARN  WCS - <241>	<WaveManager::setState>,[WaveMgr] 状态转换拒绝 2 -> 1
2026-07-26 10:23:19.324 [0x00000c28] INFO  WCS - 	[WaveMgr] 接收inco集合 size=10
2026-07-26 10:23:19.334 [0x00000c28] INFO  WCS - 	[WaveMgr] 覆盖旧波次 old=WAVE_STRESS_0086 status=2
2026-07-26 10:23:19.334 [0x00000c28] INFO  WCS - 	[WaveMgr] 波次已清理
2026-07-26 10:23:19.334 [0x00000c28] WARN  WCS - <241>	<WaveManager::setState>,[WaveMgr] 状态转换拒绝 2 -> 4
2026-07-26 10:23:19.335 [0x00000c28] INFO  WCS - 	[WaveMgr] 波次注册 orderCode=WAVE_STRESS_0087 qty=10 SKU=10
2026-07-26 10:23:19.335 [0x00000c28] WARN  WCS - <241>	<WaveManager::setState>,[WaveMgr] 状态转换拒绝 2 -> 1
2026-07-26 10:23:19.335 [0x00000c28] INFO  WCS - 	[WaveMgr] 接收inco集合 size=10
2026-07-26 10:23:19.344 [0x00000c28] INFO  WCS - 	[WaveMgr] 覆盖旧波次 old=WAVE_STRESS_0087 status=2
2026-07-26 10:23:19.344 [0x00000c28] INFO  WCS - 	[WaveMgr] 波次已清理
2026-07-26 10:23:19.344 [0x00000c28] WARN  WCS - <241>	<WaveManager::setState>,[WaveMgr] 状态转换拒绝 2 -> 4
2026-07-26 10:23:19.344 [0x00000c28] INFO  WCS - 	[WaveMgr] 波次注册 orderCode=WAVE_STRESS_0088 qty=10 SKU=10
2026-07-26 10:23:19.344 [0x00000c28] WARN  WCS - <241>	<WaveManager::setState>,[WaveMgr] 状态转换拒绝 2 -> 1
2026-07-26 10:23:19.344 [0x00000c28] INFO  WCS - 	[WaveMgr] 接收inco集合 size=10
2026-07-26 10:23:19.355 [0x00000c28] INFO  WCS - 	[WaveMgr] 覆盖旧波次 old=WAVE_STRESS_0088 status=2
2026-07-26 10:23:19.355 [0x00000c28] INFO  WCS - 	[WaveMgr] 波次已清理
2026-07-26 10:23:19.355 [0x00000c28] WARN  WCS - <241>	<WaveManager::setState>,[WaveMgr] 状态转换拒绝 2 -> 4
2026-07-26 10:23:19.355 [0x00000c28] INFO  WCS - 	[WaveMgr] 波次注册 orderCode=WAVE_STRESS_0089 qty=10 SKU=10
2026-07-26 10:23:19.355 [0x00000c28] WARN  WCS - <241>	<WaveManager::setState>,[WaveMgr] 状态转换拒绝 2 -> 1
2026-07-26 10:23:19.355 [0x00000c28] INFO  WCS - 	[WaveMgr] 接收inco集合 size=10
2026-07-26 10:23:19.366 [0x00000c28] INFO  WCS - 	[WaveMgr] 覆盖旧波次 old=WAVE_STRESS_0089 status=2
2026-07-26 10:23:19.366 [0x00000c28] INFO  WCS - 	[WaveMgr] 波次已清理
2026-07-26 10:23:19.366 [0x00000c28] WARN  WCS - <241>	<WaveManager::setState>,[WaveMgr] 状态转换拒绝 2 -> 4
2026-07-26 10:23:19.366 [0x00000c28] INFO  WCS - 	[WaveMgr] 波次注册 orderCode=WAVE_STRESS_0090 qty=10 SKU=10
2026-07-26 10:23:19.366 [0x00000c28] WARN  WCS - <241>	<WaveManager::setState>,[WaveMgr] 状态转换拒绝 2 -> 1
2026-07-26 10:23:19.366 [0x00000c28] INFO  WCS - 	[WaveMgr] 接收inco集合 size=10
2026-07-26 10:23:19.378 [0x00000c28] INFO  WCS - 	[WaveMgr] 覆盖旧波次 old=WAVE_STRESS_0090 status=2
2026-07-26 10:23:19.379 [0x00000c28] INFO  WCS - 	[WaveMgr] 波次已清理
2026-07-26 10:23:19.379 [0x00000c28] WARN  WCS - <241>	<WaveManager::setState>,[WaveMgr] 状态转换拒绝 2 -> 4
2026-07-26 10:23:19.379 [0x00000c28] INFO  WCS - 	[WaveMgr] 波次注册 orderCode=WAVE_STRESS_0091 qty=10 SKU=10
2026-07-26 10:23:19.379 [0x00000c28] WARN  WCS - <241>	<WaveManager::setState>,[WaveMgr] 状态转换拒绝 2 -> 1
2026-07-26 10:23:19.379 [0x00000c28] INFO  WCS - 	[WaveMgr] 接收inco集合 size=10
2026-07-26 10:23:19.388 [0x00000c28] INFO  WCS - 	[WaveMgr] 覆盖旧波次 old=WAVE_STRESS_0091 status=2
2026-07-26 10:23:19.388 [0x00000c28] INFO  WCS - 	[WaveMgr] 波次已清理
2026-07-26 10:23:19.388 [0x00000c28] WARN  WCS - <241>	<WaveManager::setState>,[WaveMgr] 状态转换拒绝 2 -> 4
2026-07-26 10:23:19.388 [0x00000c28] INFO  WCS - 	[WaveMgr] 波次注册 orderCode=WAVE_STRESS_0092 qty=10 SKU=10
2026-07-26 10:23:19.388 [0x00000c28] WARN  WCS - <241>	<WaveManager::setState>,[WaveMgr] 状态转换拒绝 2 -> 1
2026-07-26 10:23:19.388 [0x00000c28] INFO  WCS - 	[WaveMgr] 接收inco集合 size=10
2026-07-26 10:23:19.398 [0x00000c28] INFO  WCS - 	[WaveMgr] 覆盖旧波次 old=WAVE_STRESS_0092 status=2
2026-07-26 10:23:19.398 [0x00000c28] INFO  WCS - 	[WaveMgr] 波次已清理
2026-07-26 10:23:19.398 [0x00000c28] WARN  WCS - <241>	<WaveManager::setState>,[WaveMgr] 状态转换拒绝 2 -> 4
2026-07-26 10:23:19.398 [0x00000c28] INFO  WCS - 	[WaveMgr] 波次注册 orderCode=WAVE_STRESS_0093 qty=10 SKU=10
2026-07-26 10:23:19.398 [0x00000c28] WARN  WCS - <241>	<WaveManager::setState>,[WaveMgr] 状态转换拒绝 2 -> 1
2026-07-26 10:23:19.398 [0x00000c28] INFO  WCS - 	[WaveMgr] 接收inco集合 size=10
2026-07-26 10:23:19.407 [0x00000c28] INFO  WCS - 	[WaveMgr] 覆盖旧波次 old=WAVE_STRESS_0093 status=2
2026-07-26 10:23:19.407 [0x00000c28] INFO  WCS - 	[WaveMgr] 波次已清理
2026-07-26 10:23:19.407 [0x00000c28] WARN  WCS - <241>	<WaveManager::setState>,[WaveMgr] 状态转换拒绝 2 -> 4
2026-07-26 10:23:19.407 [0x00000c28] INFO  WCS - 	[WaveMgr] 波次注册 orderCode=WAVE_STRESS_0094 qty=10 SKU=10
2026-07-26 10:23:19.407 [0x00000c28] WARN  WCS - <241>	<WaveManager::setState>,[WaveMgr] 状态转换拒绝 2 -> 1
2026-07-26 10:23:19.407 [0x00000c28] INFO  WCS - 	[WaveMgr] 接收inco集合 size=10
2026-07-26 10:23:19.418 [0x00000c28] INFO  WCS - 	[WaveMgr] 覆盖旧波次 old=WAVE_STRESS_0094 status=2
2026-07-26 10:23:19.418 [0x00000c28] INFO  WCS - 	[WaveMgr] 波次已清理
2026-07-26 10:23:19.418 [0x00000c28] WARN  WCS - <241>	<WaveManager::setState>,[WaveMgr] 状态转换拒绝 2 -> 4
2026-07-26 10:23:19.418 [0x00000c28] INFO  WCS - 	[WaveMgr] 波次注册 orderCode=WAVE_STRESS_0095 qty=10 SKU=10
2026-07-26 10:23:19.418 [0x00000c28] WARN  WCS - <241>	<WaveManager::setState>,[WaveMgr] 状态转换拒绝 2 -> 1
2026-07-26 10:23:19.418 [0x00000c28] INFO  WCS - 	[WaveMgr] 接收inco集合 size=10
2026-07-26 10:23:19.427 [0x00000c28] INFO  WCS - 	[WaveMgr] 覆盖旧波次 old=WAVE_STRESS_0095 status=2
2026-07-26 10:23:19.427 [0x00000c28] INFO  WCS - 	[WaveMgr] 波次已清理
2026-07-26 10:23:19.427 [0x00000c28] WARN  WCS - <241>	<WaveManager::setState>,[WaveMgr] 状态转换拒绝 2 -> 4
2026-07-26 10:23:19.427 [0x00000c28] INFO  WCS - 	[WaveMgr] 波次注册 orderCode=WAVE_STRESS_0096 qty=10 SKU=10
2026-07-26 10:23:19.427 [0x00000c28] WARN  WCS - <241>	<WaveManager::setState>,[WaveMgr] 状态转换拒绝 2 -> 1
2026-07-26 10:23:19.427 [0x00000c28] INFO  WCS - 	[WaveMgr] 接收inco集合 size=10
2026-07-26 10:23:19.437 [0x00000c28] INFO  WCS - 	[WaveMgr] 覆盖旧波次 old=WAVE_STRESS_0096 status=2
2026-07-26 10:23:19.437 [0x00000c28] INFO  WCS - 	[WaveMgr] 波次已清理
2026-07-26 10:23:19.437 [0x00000c28] WARN  WCS - <241>	<WaveManager::setState>,[WaveMgr] 状态转换拒绝 2 -> 4
2026-07-26 10:23:19.437 [0x00000c28] INFO  WCS - 	[WaveMgr] 波次注册 orderCode=WAVE_STRESS_0097 qty=10 SKU=10
2026-07-26 10:23:19.437 [0x00000c28] WARN  WCS - <241>	<WaveManager::setState>,[WaveMgr] 状态转换拒绝 2 -> 1
2026-07-26 10:23:19.437 [0x00000c28] INFO  WCS - 	[WaveMgr] 接收inco集合 size=10
2026-07-26 10:23:19.447 [0x00000c28] INFO  WCS - 	[WaveMgr] 覆盖旧波次 old=WAVE_STRESS_0097 status=2
2026-07-26 10:23:19.447 [0x00000c28] INFO  WCS - 	[WaveMgr] 波次已清理
2026-07-26 10:23:19.447 [0x00000c28] WARN  WCS - <241>	<WaveManager::setState>,[WaveMgr] 状态转换拒绝 2 -> 4
2026-07-26 10:23:19.448 [0x00000c28] INFO  WCS - 	[WaveMgr] 波次注册 orderCode=WAVE_STRESS_0098 qty=10 SKU=10
2026-07-26 10:23:19.448 [0x00000c28] WARN  WCS - <241>	<WaveManager::setState>,[WaveMgr] 状态转换拒绝 2 -> 1
2026-07-26 10:23:19.448 [0x00000c28] INFO  WCS - 	[WaveMgr] 接收inco集合 size=10
2026-07-26 10:23:19.455 [0x00000c28] INFO  WCS - 	[WaveMgr] 覆盖旧波次 old=WAVE_STRESS_0098 status=2
2026-07-26 10:23:19.455 [0x00000c28] INFO  WCS - 	[WaveMgr] 波次已清理
2026-07-26 10:23:19.455 [0x00000c28] WARN  WCS - <241>	<WaveManager::setState>,[WaveMgr] 状态转换拒绝 2 -> 4
2026-07-26 10:23:19.455 [0x00000c28] INFO  WCS - 	[WaveMgr] 波次注册 orderCode=WAVE_STRESS_0099 qty=10 SKU=10
2026-07-26 10:23:19.455 [0x00000c28] WARN  WCS - <241>	<WaveManager::setState>,[WaveMgr] 状态转换拒绝 2 -> 1
2026-07-26 10:23:19.455 [0x00000c28] INFO  WCS - 	[WaveMgr] 接收inco集合 size=10
2026-07-26 10:23:19.467 [0x00000c28] INFO  WCS - 	[WaveMgr] 波次分拣开始 orderCode=WAVE_STRESS_0099
2026-07-26 10:23:19.467 [0x00000c28] WARN  WCS - <241>	<WaveManager::setState>,[WaveMgr] 状态转换拒绝 2 -> 2
2026-07-26 10:23:19.525 [0x00000c28] INFO  WCS - 	[WaveMgr] 波次完成 orderCode=WAVE_STRESS_0099 sorted=10 exception=0 total=10
2026-07-26 10:23:19.531 [0x00000c28] INFO  WCS - 	[WaveMgr] 状态转换 2 -> 3
2026-07-26 10:33:51.638 [0x0000cf34] INFO  WCS - 	[Parse] orderCode=WAVE20260724001 items=20 SKU=20 qty=20 elapsed=0ms
2026-07-26 10:33:51.640 [0x0000a348] INFO  WCS - 	[WaveMgr] 波次注册 orderCode=WAVE20260724001 qty=20 SKU=20
2026-07-26 10:33:51.640 [0x0000a348] INFO  WCS - 	[WaveMgr] 状态转换 0 -> 1
2026-07-26 10:33:51.640 [0x0000a348] INFO  WCS - 	[WaveMgr] 接收inco集合 size=20
2026-07-26 10:33:51.680 [0x0000cf34] INFO  WCS - 	[Parse] orderCode=WAVE20260724002 items=1000 SKU=1000 qty=1000 elapsed=2ms
2026-07-26 10:33:51.680 [0x0000a348] INFO  WCS - 	[WaveMgr] 覆盖旧波次 old=WAVE20260724001 status=1
2026-07-26 10:33:51.680 [0x0000a348] INFO  WCS - 	[WaveMgr] 波次已清理
2026-07-26 10:33:51.680 [0x0000a348] INFO  WCS - 	[WaveMgr] 状态转换 1 -> 4
2026-07-26 10:33:51.680 [0x0000a348] INFO  WCS - 	[WaveMgr] 波次注册 orderCode=WAVE20260724002 qty=1000 SKU=1000
2026-07-26 10:33:51.680 [0x0000a348] INFO  WCS - 	[WaveMgr] 状态转换 4 -> 1
2026-07-26 10:33:51.680 [0x0000a348] INFO  WCS - 	[WaveMgr] 接收inco集合 size=1000
2026-07-26 10:33:52.117 [0x0000a348] INFO  WCS - 	[WaveMgr] 波次分拣开始 orderCode=WAVE20260724002
2026-07-26 10:33:52.117 [0x0000a348] INFO  WCS - 	[WaveMgr] 状态转换 1 -> 2
2026-07-26 10:33:52.877 [0x0000a348] INFO  WCS - 	[WaveMgr] 波次完成 orderCode=WAVE20260724002 sorted=1000 exception=0 total=1000
2026-07-26 10:33:52.878 [0x0000a348] INFO  WCS - 	[WaveMgr] 状态转换 2 -> 3
2026-07-26 10:33:57.384 [0x0000cf34] INFO  WCS - 	[Parse] orderCode=WAVE_E2E_001 items=30 SKU=30 qty=30 elapsed=0ms
2026-07-26 10:33:57.384 [0x0000a348] INFO  WCS - 	[WaveMgr] 覆盖旧波次 old=WAVE20260724002 status=3
2026-07-26 10:33:57.392 [0x0000a348] INFO  WCS - 	[WaveMgr] 波次已清理
2026-07-26 10:33:57.393 [0x0000a348] INFO  WCS - 	[WaveMgr] 状态转换 3 -> 4
2026-07-26 10:33:57.393 [0x0000a348] INFO  WCS - 	[WaveMgr] 波次注册 orderCode=WAVE_E2E_001 qty=30 SKU=30
2026-07-26 10:33:57.393 [0x0000a348] INFO  WCS - 	[WaveMgr] 状态转换 4 -> 1
2026-07-26 10:33:57.393 [0x0000a348] INFO  WCS - 	[WaveMgr] 接收inco集合 size=30
2026-07-26 10:33:58.135 [0x0000a348] INFO  WCS - 	[WaveMgr] 波次分拣开始 orderCode=WAVE_E2E_001
2026-07-26 10:33:58.135 [0x0000a348] INFO  WCS - 	[WaveMgr] 状态转换 1 -> 2
2026-07-26 10:33:58.671 [0x0000cf34] INFO  WCS - 	[Parse] orderCode=WAVE_CONC_000 items=50 SKU=50 qty=50 elapsed=0ms
2026-07-26 10:33:58.671 [0x0000a348] INFO  WCS - 	[WaveMgr] 覆盖旧波次 old=WAVE_E2E_001 status=2
2026-07-26 10:33:58.671 [0x0000a348] INFO  WCS - 	[WaveMgr] 波次已清理
2026-07-26 10:33:58.671 [0x0000a348] WARN  WCS - <241>	<WaveManager::setState>,[WaveMgr] 状态转换拒绝 2 -> 4
2026-07-26 10:33:58.671 [0x0000a348] INFO  WCS - 	[WaveMgr] 波次注册 orderCode=WAVE_CONC_000 qty=50 SKU=50
2026-07-26 10:33:58.671 [0x0000a348] WARN  WCS - <241>	<WaveManager::setState>,[WaveMgr] 状态转换拒绝 2 -> 1
2026-07-26 10:33:58.671 [0x0000a348] INFO  WCS - 	[WaveMgr] 接收inco集合 size=50
2026-07-26 10:33:58.671 [0x0000cf34] INFO  WCS - 	[Parse] orderCode=WAVE_CONC_002 items=50 SKU=50 qty=50 elapsed=0ms
2026-07-26 10:33:58.671 [0x0000a348] INFO  WCS - 	[WaveMgr] 覆盖旧波次 old=WAVE_CONC_000 status=2
2026-07-26 10:33:58.671 [0x0000a348] INFO  WCS - 	[WaveMgr] 波次已清理
2026-07-26 10:33:58.671 [0x0000a348] WARN  WCS - <241>	<WaveManager::setState>,[WaveMgr] 状态转换拒绝 2 -> 4
2026-07-26 10:33:58.671 [0x0000a348] INFO  WCS - 	[WaveMgr] 波次注册 orderCode=WAVE_CONC_002 qty=50 SKU=50
2026-07-26 10:33:58.671 [0x0000cf34] INFO  WCS - 	[Parse] orderCode=WAVE_CONC_001 items=50 SKU=50 qty=50 elapsed=0ms
2026-07-26 10:33:58.671 [0x0000a348] WARN  WCS - <241>	<WaveManager::setState>,[WaveMgr] 状态转换拒绝 2 -> 1
2026-07-26 10:33:58.672 [0x0000a348] INFO  WCS - 	[WaveMgr] 接收inco集合 size=50
2026-07-26 10:33:58.672 [0x0000a348] INFO  WCS - 	[WaveMgr] 覆盖旧波次 old=WAVE_CONC_002 status=2
2026-07-26 10:33:58.672 [0x0000a348] INFO  WCS - 	[WaveMgr] 波次已清理
2026-07-26 10:33:58.672 [0x0000a348] WARN  WCS - <241>	<WaveManager::setState>,[WaveMgr] 状态转换拒绝 2 -> 4
2026-07-26 10:33:58.672 [0x0000a348] INFO  WCS - 	[WaveMgr] 波次注册 orderCode=WAVE_CONC_001 qty=50 SKU=50
2026-07-26 10:33:58.672 [0x0000a348] WARN  WCS - <241>	<WaveManager::setState>,[WaveMgr] 状态转换拒绝 2 -> 1
2026-07-26 10:33:58.672 [0x0000a348] INFO  WCS - 	[WaveMgr] 接收inco集合 size=50
2026-07-26 10:33:58.673 [0x0000cf34] INFO  WCS - 	[Parse] orderCode=WAVE_CONC_004 items=50 SKU=50 qty=50 elapsed=0ms
2026-07-26 10:33:58.673 [0x0000a348] INFO  WCS - 	[WaveMgr] 覆盖旧波次 old=WAVE_CONC_001 status=2
2026-07-26 10:33:58.673 [0x0000a348] INFO  WCS - 	[WaveMgr] 波次已清理
2026-07-26 10:33:58.673 [0x0000a348] WARN  WCS - <241>	<WaveManager::setState>,[WaveMgr] 状态转换拒绝 2 -> 4
2026-07-26 10:33:58.673 [0x0000cf34] INFO  WCS - 	[Parse] orderCode=WAVE_CONC_003 items=50 SKU=50 qty=50 elapsed=0ms
2026-07-26 10:33:58.673 [0x0000a348] INFO  WCS - 	[WaveMgr] 波次注册 orderCode=WAVE_CONC_004 qty=50 SKU=50
2026-07-26 10:33:58.673 [0x0000a348] WARN  WCS - <241>	<WaveManager::setState>,[WaveMgr] 状态转换拒绝 2 -> 1
2026-07-26 10:33:58.673 [0x0000a348] INFO  WCS - 	[WaveMgr] 接收inco集合 size=50
2026-07-26 10:33:58.673 [0x0000a348] INFO  WCS - 	[WaveMgr] 覆盖旧波次 old=WAVE_CONC_004 status=2
2026-07-26 10:33:58.673 [0x0000a348] INFO  WCS - 	[WaveMgr] 波次已清理
2026-07-26 10:33:58.673 [0x0000a348] WARN  WCS - <241>	<WaveManager::setState>,[WaveMgr] 状态转换拒绝 2 -> 4
2026-07-26 10:33:58.673 [0x0000a348] INFO  WCS - 	[WaveMgr] 波次注册 orderCode=WAVE_CONC_003 qty=50 SKU=50
2026-07-26 10:33:58.673 [0x0000a348] WARN  WCS - <241>	<WaveManager::setState>,[WaveMgr] 状态转换拒绝 2 -> 1
2026-07-26 10:33:58.673 [0x0000a348] INFO  WCS - 	[WaveMgr] 接收inco集合 size=50
2026-07-26 10:33:58.676 [0x0000cf34] INFO  WCS - 	[Parse] orderCode=WAVE_STRESS_0000 items=10 SKU=10 qty=10 elapsed=0ms
2026-07-26 10:33:58.676 [0x0000a348] INFO  WCS - 	[WaveMgr] 覆盖旧波次 old=WAVE_CONC_003 status=2
2026-07-26 10:33:58.676 [0x0000a348] INFO  WCS - 	[WaveMgr] 波次已清理
2026-07-26 10:33:58.676 [0x0000a348] WARN  WCS - <241>	<WaveManager::setState>,[WaveMgr] 状态转换拒绝 2 -> 4
2026-07-26 10:33:58.676 [0x0000a348] INFO  WCS - 	[WaveMgr] 波次注册 orderCode=WAVE_STRESS_0000 qty=10 SKU=10
2026-07-26 10:33:58.676 [0x0000a348] WARN  WCS - <241>	<WaveManager::setState>,[WaveMgr] 状态转换拒绝 2 -> 1
2026-07-26 10:33:58.677 [0x0000a348] INFO  WCS - 	[WaveMgr] 接收inco集合 size=10
2026-07-26 10:33:58.679 [0x0000cf34] INFO  WCS - 	[Parse] orderCode=WAVE_STRESS_0001 items=10 SKU=10 qty=10 elapsed=0ms
2026-07-26 10:33:58.679 [0x0000a348] INFO  WCS - 	[WaveMgr] 覆盖旧波次 old=WAVE_STRESS_0000 status=2
2026-07-26 10:33:58.679 [0x0000a348] INFO  WCS - 	[WaveMgr] 波次已清理
2026-07-26 10:33:58.679 [0x0000a348] WARN  WCS - <241>	<WaveManager::setState>,[WaveMgr] 状态转换拒绝 2 -> 4
2026-07-26 10:33:58.679 [0x0000a348] INFO  WCS - 	[WaveMgr] 波次注册 orderCode=WAVE_STRESS_0001 qty=10 SKU=10
2026-07-26 10:33:58.679 [0x0000a348] WARN  WCS - <241>	<WaveManager::setState>,[WaveMgr] 状态转换拒绝 2 -> 1
2026-07-26 10:33:58.680 [0x0000a348] INFO  WCS - 	[WaveMgr] 接收inco集合 size=10
2026-07-26 10:33:58.693 [0x0000cf34] INFO  WCS - 	[Parse] orderCode=WAVE_STRESS_0002 items=10 SKU=10 qty=10 elapsed=0ms
2026-07-26 10:33:58.693 [0x0000a348] INFO  WCS - 	[WaveMgr] 覆盖旧波次 old=WAVE_STRESS_0001 status=2
2026-07-26 10:33:58.693 [0x0000a348] INFO  WCS - 	[WaveMgr] 波次已清理
2026-07-26 10:33:58.693 [0x0000a348] WARN  WCS - <241>	<WaveManager::setState>,[WaveMgr] 状态转换拒绝 2 -> 4
2026-07-26 10:33:58.693 [0x0000a348] INFO  WCS - 	[WaveMgr] 波次注册 orderCode=WAVE_STRESS_0002 qty=10 SKU=10
2026-07-26 10:33:58.693 [0x0000a348] WARN  WCS - <241>	<WaveManager::setState>,[WaveMgr] 状态转换拒绝 2 -> 1
2026-07-26 10:33:58.693 [0x0000a348] INFO  WCS - 	[WaveMgr] 接收inco集合 size=10
2026-07-26 10:33:58.707 [0x0000cf34] INFO  WCS - 	[Parse] orderCode=WAVE_STRESS_0003 items=10 SKU=10 qty=10 elapsed=0ms
2026-07-26 10:33:58.708 [0x0000a348] INFO  WCS - 	[WaveMgr] 覆盖旧波次 old=WAVE_STRESS_0002 status=2
2026-07-26 10:33:58.708 [0x0000a348] INFO  WCS - 	[WaveMgr] 波次已清理
2026-07-26 10:33:58.708 [0x0000a348] WARN  WCS - <241>	<WaveManager::setState>,[WaveMgr] 状态转换拒绝 2 -> 4
2026-07-26 10:33:58.708 [0x0000a348] INFO  WCS - 	[WaveMgr] 波次注册 orderCode=WAVE_STRESS_0003 qty=10 SKU=10
2026-07-26 10:33:58.708 [0x0000a348] WARN  WCS - <241>	<WaveManager::setState>,[WaveMgr] 状态转换拒绝 2 -> 1
2026-07-26 10:33:58.708 [0x0000a348] INFO  WCS - 	[WaveMgr] 接收inco集合 size=10
2026-07-26 10:33:58.724 [0x0000cf34] INFO  WCS - 	[Parse] orderCode=WAVE_STRESS_0004 items=10 SKU=10 qty=10 elapsed=0ms
2026-07-26 10:33:58.738 [0x0000cf34] INFO  WCS - 	[Parse] orderCode=WAVE_STRESS_0005 items=10 SKU=10 qty=10 elapsed=0ms
2026-07-26 10:33:58.744 [0x0000a348] INFO  WCS - 	[WaveMgr] 覆盖旧波次 old=WAVE_STRESS_0003 status=2
2026-07-26 10:33:58.744 [0x0000a348] INFO  WCS - 	[WaveMgr] 波次已清理
2026-07-26 10:33:58.744 [0x0000a348] WARN  WCS - <241>	<WaveManager::setState>,[WaveMgr] 状态转换拒绝 2 -> 4
2026-07-26 10:33:58.744 [0x0000a348] INFO  WCS - 	[WaveMgr] 波次注册 orderCode=WAVE_STRESS_0004 qty=10 SKU=10
2026-07-26 10:33:58.744 [0x0000a348] WARN  WCS - <241>	<WaveManager::setState>,[WaveMgr] 状态转换拒绝 2 -> 1
2026-07-26 10:33:58.744 [0x0000a348] INFO  WCS - 	[WaveMgr] 接收inco集合 size=10
2026-07-26 10:33:58.745 [0x0000a348] INFO  WCS - 	[WaveMgr] 覆盖旧波次 old=WAVE_STRESS_0004 status=2
2026-07-26 10:33:58.745 [0x0000a348] INFO  WCS - 	[WaveMgr] 波次已清理
2026-07-26 10:33:58.745 [0x0000a348] WARN  WCS - <241>	<WaveManager::setState>,[WaveMgr] 状态转换拒绝 2 -> 4
2026-07-26 10:33:58.745 [0x0000a348] INFO  WCS - 	[WaveMgr] 波次注册 orderCode=WAVE_STRESS_0005 qty=10 SKU=10
2026-07-26 10:33:58.745 [0x0000a348] WARN  WCS - <241>	<WaveManager::setState>,[WaveMgr] 状态转换拒绝 2 -> 1
2026-07-26 10:33:58.745 [0x0000a348] INFO  WCS - 	[WaveMgr] 接收inco集合 size=10
2026-07-26 10:33:58.754 [0x0000cf34] INFO  WCS - 	[Parse] orderCode=WAVE_STRESS_0006 items=10 SKU=10 qty=10 elapsed=0ms
2026-07-26 10:33:58.754 [0x0000a348] INFO  WCS - 	[WaveMgr] 覆盖旧波次 old=WAVE_STRESS_0005 status=2
2026-07-26 10:33:58.754 [0x0000a348] INFO  WCS - 	[WaveMgr] 波次已清理
2026-07-26 10:33:58.754 [0x0000a348] WARN  WCS - <241>	<WaveManager::setState>,[WaveMgr] 状态转换拒绝 2 -> 4
2026-07-26 10:33:58.754 [0x0000a348] INFO  WCS - 	[WaveMgr] 波次注册 orderCode=WAVE_STRESS_0006 qty=10 SKU=10
2026-07-26 10:33:58.754 [0x0000a348] WARN  WCS - <241>	<WaveManager::setState>,[WaveMgr] 状态转换拒绝 2 -> 1
2026-07-26 10:33:58.754 [0x0000a348] INFO  WCS - 	[WaveMgr] 接收inco集合 size=10
2026-07-26 10:33:58.756 [0x0000cf34] INFO  WCS - 	[Parse] orderCode=WAVE_STRESS_0007 items=10 SKU=10 qty=10 elapsed=0ms
2026-07-26 10:33:58.756 [0x0000a348] INFO  WCS - 	[WaveMgr] 覆盖旧波次 old=WAVE_STRESS_0006 status=2
2026-07-26 10:33:58.756 [0x0000a348] INFO  WCS - 	[WaveMgr] 波次已清理
2026-07-26 10:33:58.756 [0x0000a348] WARN  WCS - <241>	<WaveManager::setState>,[WaveMgr] 状态转换拒绝 2 -> 4
2026-07-26 10:33:58.756 [0x0000a348] INFO  WCS - 	[WaveMgr] 波次注册 orderCode=WAVE_STRESS_0007 qty=10 SKU=10
2026-07-26 10:33:58.756 [0x0000a348] WARN  WCS - <241>	<WaveManager::setState>,[WaveMgr] 状态转换拒绝 2 -> 1
2026-07-26 10:33:58.756 [0x0000a348] INFO  WCS - 	[WaveMgr] 接收inco集合 size=10
2026-07-26 10:33:58.758 [0x0000cf34] INFO  WCS - 	[Parse] orderCode=WAVE_STRESS_0008 items=10 SKU=10 qty=10 elapsed=0ms
2026-07-26 10:33:58.759 [0x0000a348] INFO  WCS - 	[WaveMgr] 覆盖旧波次 old=WAVE_STRESS_0007 status=2
2026-07-26 10:33:58.759 [0x0000a348] INFO  WCS - 	[WaveMgr] 波次已清理
2026-07-26 10:33:58.759 [0x0000a348] WARN  WCS - <241>	<WaveManager::setState>,[WaveMgr] 状态转换拒绝 2 -> 4
2026-07-26 10:33:58.759 [0x0000a348] INFO  WCS - 	[WaveMgr] 波次注册 orderCode=WAVE_STRESS_0008 qty=10 SKU=10
2026-07-26 10:33:58.759 [0x0000a348] WARN  WCS - <241>	<WaveManager::setState>,[WaveMgr] 状态转换拒绝 2 -> 1
2026-07-26 10:33:58.759 [0x0000a348] INFO  WCS - 	[WaveMgr] 接收inco集合 size=10
2026-07-26 10:33:58.786 [0x0000cf34] INFO  WCS - 	[Parse] orderCode=WAVE_STRESS_0009 items=10 SKU=10 qty=10 elapsed=0ms
2026-07-26 10:33:58.786 [0x0000a348] INFO  WCS - 	[WaveMgr] 覆盖旧波次 old=WAVE_STRESS_0008 status=2
2026-07-26 10:33:58.786 [0x0000a348] INFO  WCS - 	[WaveMgr] 波次已清理
2026-07-26 10:33:58.786 [0x0000a348] WARN  WCS - <241>	<WaveManager::setState>,[WaveMgr] 状态转换拒绝 2 -> 4
2026-07-26 10:33:58.786 [0x0000a348] INFO  WCS - 	[WaveMgr] 波次注册 orderCode=WAVE_STRESS_0009 qty=10 SKU=10
2026-07-26 10:33:58.786 [0x0000a348] WARN  WCS - <241>	<WaveManager::setState>,[WaveMgr] 状态转换拒绝 2 -> 1
2026-07-26 10:33:58.786 [0x0000a348] INFO  WCS - 	[WaveMgr] 接收inco集合 size=10
2026-07-26 10:33:58.788 [0x0000cf34] INFO  WCS - 	[Parse] orderCode=WAVE_STRESS_0010 items=10 SKU=10 qty=10 elapsed=0ms
2026-07-26 10:33:58.788 [0x0000a348] INFO  WCS - 	[WaveMgr] 覆盖旧波次 old=WAVE_STRESS_0009 status=2
2026-07-26 10:33:58.788 [0x0000a348] INFO  WCS - 	[WaveMgr] 波次已清理
2026-07-26 10:33:58.788 [0x0000a348] WARN  WCS - <241>	<WaveManager::setState>,[WaveMgr] 状态转换拒绝 2 -> 4
2026-07-26 10:33:58.788 [0x0000a348] INFO  WCS - 	[WaveMgr] 波次注册 orderCode=WAVE_STRESS_0010 qty=10 SKU=10
2026-07-26 10:33:58.788 [0x0000a348] WARN  WCS - <241>	<WaveManager::setState>,[WaveMgr] 状态转换拒绝 2 -> 1
2026-07-26 10:33:58.788 [0x0000a348] INFO  WCS - 	[WaveMgr] 接收inco集合 size=10
2026-07-26 10:33:58.790 [0x0000cf34] INFO  WCS - 	[Parse] orderCode=WAVE_STRESS_0011 items=10 SKU=10 qty=10 elapsed=0ms
2026-07-26 10:33:58.790 [0x0000a348] INFO  WCS - 	[WaveMgr] 覆盖旧波次 old=WAVE_STRESS_0010 status=2
2026-07-26 10:33:58.790 [0x0000a348] INFO  WCS - 	[WaveMgr] 波次已清理
2026-07-26 10:33:58.790 [0x0000a348] WARN  WCS - <241>	<WaveManager::setState>,[WaveMgr] 状态转换拒绝 2 -> 4
2026-07-26 10:33:58.790 [0x0000a348] INFO  WCS - 	[WaveMgr] 波次注册 orderCode=WAVE_STRESS_0011 qty=10 SKU=10
2026-07-26 10:33:58.790 [0x0000a348] WARN  WCS - <241>	<WaveManager::setState>,[WaveMgr] 状态转换拒绝 2 -> 1
2026-07-26 10:33:58.790 [0x0000a348] INFO  WCS - 	[WaveMgr] 接收inco集合 size=10
2026-07-26 10:33:58.792 [0x0000cf34] INFO  WCS - 	[Parse] orderCode=WAVE_STRESS_0012 items=10 SKU=10 qty=10 elapsed=0ms
2026-07-26 10:33:58.792 [0x0000a348] INFO  WCS - 	[WaveMgr] 覆盖旧波次 old=WAVE_STRESS_0011 status=2
2026-07-26 10:33:58.792 [0x0000a348] INFO  WCS - 	[WaveMgr] 波次已清理
2026-07-26 10:33:58.792 [0x0000a348] WARN  WCS - <241>	<WaveManager::setState>,[WaveMgr] 状态转换拒绝 2 -> 4
2026-07-26 10:33:58.792 [0x0000a348] INFO  WCS - 	[WaveMgr] 波次注册 orderCode=WAVE_STRESS_0012 qty=10 SKU=10
2026-07-26 10:33:58.792 [0x0000a348] WARN  WCS - <241>	<WaveManager::setState>,[WaveMgr] 状态转换拒绝 2 -> 1
2026-07-26 10:33:58.792 [0x0000a348] INFO  WCS - 	[WaveMgr] 接收inco集合 size=10
2026-07-26 10:33:58.794 [0x0000cf34] INFO  WCS - 	[Parse] orderCode=WAVE_STRESS_0013 items=10 SKU=10 qty=10 elapsed=0ms
2026-07-26 10:33:58.794 [0x0000a348] INFO  WCS - 	[WaveMgr] 覆盖旧波次 old=WAVE_STRESS_0012 status=2
2026-07-26 10:33:58.795 [0x0000a348] INFO  WCS - 	[WaveMgr] 波次已清理
2026-07-26 10:33:58.795 [0x0000a348] WARN  WCS - <241>	<WaveManager::setState>,[WaveMgr] 状态转换拒绝 2 -> 4
2026-07-26 10:33:58.795 [0x0000a348] INFO  WCS - 	[WaveMgr] 波次注册 orderCode=WAVE_STRESS_0013 qty=10 SKU=10
2026-07-26 10:33:58.795 [0x0000a348] WARN  WCS - <241>	<WaveManager::setState>,[WaveMgr] 状态转换拒绝 2 -> 1
2026-07-26 10:33:58.795 [0x0000a348] INFO  WCS - 	[WaveMgr] 接收inco集合 size=10
2026-07-26 10:33:58.797 [0x0000cf34] INFO  WCS - 	[Parse] orderCode=WAVE_STRESS_0014 items=10 SKU=10 qty=10 elapsed=0ms
2026-07-26 10:33:58.797 [0x0000a348] INFO  WCS - 	[WaveMgr] 覆盖旧波次 old=WAVE_STRESS_0013 status=2
2026-07-26 10:33:58.797 [0x0000a348] INFO  WCS - 	[WaveMgr] 波次已清理
2026-07-26 10:33:58.797 [0x0000a348] WARN  WCS - <241>	<WaveManager::setState>,[WaveMgr] 状态转换拒绝 2 -> 4
2026-07-26 10:33:58.797 [0x0000a348] INFO  WCS - 	[WaveMgr] 波次注册 orderCode=WAVE_STRESS_0014 qty=10 SKU=10
2026-07-26 10:33:58.797 [0x0000a348] WARN  WCS - <241>	<WaveManager::setState>,[WaveMgr] 状态转换拒绝 2 -> 1
2026-07-26 10:33:58.797 [0x0000a348] INFO  WCS - 	[WaveMgr] 接收inco集合 size=10
2026-07-26 10:33:58.815 [0x0000cf34] INFO  WCS - 	[Parse] orderCode=WAVE_STRESS_0015 items=10 SKU=10 qty=10 elapsed=0ms
2026-07-26 10:33:58.815 [0x0000a348] INFO  WCS - 	[WaveMgr] 覆盖旧波次 old=WAVE_STRESS_0014 status=2
2026-07-26 10:33:58.815 [0x0000a348] INFO  WCS - 	[WaveMgr] 波次已清理
2026-07-26 10:33:58.815 [0x0000a348] WARN  WCS - <241>	<WaveManager::setState>,[WaveMgr] 状态转换拒绝 2 -> 4
2026-07-26 10:33:58.815 [0x0000a348] INFO  WCS - 	[WaveMgr] 波次注册 orderCode=WAVE_STRESS_0015 qty=10 SKU=10
2026-07-26 10:33:58.815 [0x0000a348] WARN  WCS - <241>	<WaveManager::setState>,[WaveMgr] 状态转换拒绝 2 -> 1
2026-07-26 10:33:58.815 [0x0000a348] INFO  WCS - 	[WaveMgr] 接收inco集合 size=10
2026-07-26 10:33:58.818 [0x0000cf34] INFO  WCS - 	[Parse] orderCode=WAVE_STRESS_0016 items=10 SKU=10 qty=10 elapsed=0ms
2026-07-26 10:33:58.818 [0x0000a348] INFO  WCS - 	[WaveMgr] 覆盖旧波次 old=WAVE_STRESS_0015 status=2
2026-07-26 10:33:58.818 [0x0000a348] INFO  WCS - 	[WaveMgr] 波次已清理
2026-07-26 10:33:58.818 [0x0000a348] WARN  WCS - <241>	<WaveManager::setState>,[WaveMgr] 状态转换拒绝 2 -> 4
2026-07-26 10:33:58.818 [0x0000a348] INFO  WCS - 	[WaveMgr] 波次注册 orderCode=WAVE_STRESS_0016 qty=10 SKU=10
2026-07-26 10:33:58.818 [0x0000a348] WARN  WCS - <241>	<WaveManager::setState>,[WaveMgr] 状态转换拒绝 2 -> 1
2026-07-26 10:33:58.818 [0x0000a348] INFO  WCS - 	[WaveMgr] 接收inco集合 size=10
2026-07-26 10:33:58.820 [0x0000cf34] INFO  WCS - 	[Parse] orderCode=WAVE_STRESS_0017 items=10 SKU=10 qty=10 elapsed=0ms
2026-07-26 10:33:58.820 [0x0000a348] INFO  WCS - 	[WaveMgr] 覆盖旧波次 old=WAVE_STRESS_0016 status=2
2026-07-26 10:33:58.820 [0x0000a348] INFO  WCS - 	[WaveMgr] 波次已清理
2026-07-26 10:33:58.820 [0x0000a348] WARN  WCS - <241>	<WaveManager::setState>,[WaveMgr] 状态转换拒绝 2 -> 4
2026-07-26 10:33:58.820 [0x0000a348] INFO  WCS - 	[WaveMgr] 波次注册 orderCode=WAVE_STRESS_0017 qty=10 SKU=10
2026-07-26 10:33:58.820 [0x0000a348] WARN  WCS - <241>	<WaveManager::setState>,[WaveMgr] 状态转换拒绝 2 -> 1
2026-07-26 10:33:58.820 [0x0000a348] INFO  WCS - 	[WaveMgr] 接收inco集合 size=10
2026-07-26 10:33:58.831 [0x0000cf34] INFO  WCS - 	[Parse] orderCode=WAVE_STRESS_0018 items=10 SKU=10 qty=10 elapsed=0ms
2026-07-26 10:33:58.835 [0x0000cf34] INFO  WCS - 	[Parse] orderCode=WAVE_STRESS_0019 items=10 SKU=10 qty=10 elapsed=0ms
2026-07-26 10:33:58.837 [0x0000cf34] INFO  WCS - 	[Parse] orderCode=WAVE_STRESS_0020 items=10 SKU=10 qty=10 elapsed=0ms
2026-07-26 10:33:58.852 [0x0000a348] INFO  WCS - 	[WaveMgr] 覆盖旧波次 old=WAVE_STRESS_0017 status=2
2026-07-26 10:33:58.853 [0x0000a348] INFO  WCS - 	[WaveMgr] 波次已清理
2026-07-26 10:33:58.853 [0x0000a348] WARN  WCS - <241>	<WaveManager::setState>,[WaveMgr] 状态转换拒绝 2 -> 4
2026-07-26 10:33:58.853 [0x0000a348] INFO  WCS - 	[WaveMgr] 波次注册 orderCode=WAVE_STRESS_0018 qty=10 SKU=10
2026-07-26 10:33:58.853 [0x0000a348] WARN  WCS - <241>	<WaveManager::setState>,[WaveMgr] 状态转换拒绝 2 -> 1
2026-07-26 10:33:58.853 [0x0000a348] INFO  WCS - 	[WaveMgr] 接收inco集合 size=10
2026-07-26 10:33:58.853 [0x0000a348] INFO  WCS - 	[WaveMgr] 覆盖旧波次 old=WAVE_STRESS_0018 status=2
2026-07-26 10:33:58.853 [0x0000a348] INFO  WCS - 	[WaveMgr] 波次已清理
2026-07-26 10:33:58.853 [0x0000a348] WARN  WCS - <241>	<WaveManager::setState>,[WaveMgr] 状态转换拒绝 2 -> 4
2026-07-26 10:33:58.853 [0x0000a348] INFO  WCS - 	[WaveMgr] 波次注册 orderCode=WAVE_STRESS_0019 qty=10 SKU=10
2026-07-26 10:33:58.853 [0x0000a348] WARN  WCS - <241>	<WaveManager::setState>,[WaveMgr] 状态转换拒绝 2 -> 1
2026-07-26 10:33:58.853 [0x0000a348] INFO  WCS - 	[WaveMgr] 接收inco集合 size=10
2026-07-26 10:33:58.853 [0x0000a348] INFO  WCS - 	[WaveMgr] 覆盖旧波次 old=WAVE_STRESS_0019 status=2
2026-07-26 10:33:58.853 [0x0000a348] INFO  WCS - 	[WaveMgr] 波次已清理
2026-07-26 10:33:58.853 [0x0000a348] WARN  WCS - <241>	<WaveManager::setState>,[WaveMgr] 状态转换拒绝 2 -> 4
2026-07-26 10:33:58.853 [0x0000a348] INFO  WCS - 	[WaveMgr] 波次注册 orderCode=WAVE_STRESS_0020 qty=10 SKU=10
2026-07-26 10:33:58.853 [0x0000a348] WARN  WCS - <241>	<WaveManager::setState>,[WaveMgr] 状态转换拒绝 2 -> 1
2026-07-26 10:33:58.853 [0x0000a348] INFO  WCS - 	[WaveMgr] 接收inco集合 size=10
2026-07-26 10:33:58.863 [0x0000cf34] INFO  WCS - 	[Parse] orderCode=WAVE_STRESS_0021 items=10 SKU=10 qty=10 elapsed=0ms
2026-07-26 10:33:58.863 [0x0000a348] INFO  WCS - 	[WaveMgr] 覆盖旧波次 old=WAVE_STRESS_0020 status=2
2026-07-26 10:33:58.865 [0x0000a348] INFO  WCS - 	[WaveMgr] 波次已清理
2026-07-26 10:33:58.865 [0x0000a348] WARN  WCS - <241>	<WaveManager::setState>,[WaveMgr] 状态转换拒绝 2 -> 4
2026-07-26 10:33:58.865 [0x0000a348] INFO  WCS - 	[WaveMgr] 波次注册 orderCode=WAVE_STRESS_0021 qty=10 SKU=10
2026-07-26 10:33:58.865 [0x0000a348] WARN  WCS - <241>	<WaveManager::setState>,[WaveMgr] 状态转换拒绝 2 -> 1
2026-07-26 10:33:58.865 [0x0000a348] INFO  WCS - 	[WaveMgr] 接收inco集合 size=10
2026-07-26 10:33:58.866 [0x0000cf34] INFO  WCS - 	[Parse] orderCode=WAVE_STRESS_0022 items=10 SKU=10 qty=10 elapsed=0ms
2026-07-26 10:33:58.866 [0x0000a348] INFO  WCS - 	[WaveMgr] 覆盖旧波次 old=WAVE_STRESS_0021 status=2
2026-07-26 10:33:58.866 [0x0000a348] INFO  WCS - 	[WaveMgr] 波次已清理
2026-07-26 10:33:58.866 [0x0000a348] WARN  WCS - <241>	<WaveManager::setState>,[WaveMgr] 状态转换拒绝 2 -> 4
2026-07-26 10:33:58.866 [0x0000a348] INFO  WCS - 	[WaveMgr] 波次注册 orderCode=WAVE_STRESS_0022 qty=10 SKU=10
2026-07-26 10:33:58.866 [0x0000a348] WARN  WCS - <241>	<WaveManager::setState>,[WaveMgr] 状态转换拒绝 2 -> 1
2026-07-26 10:33:58.866 [0x0000a348] INFO  WCS - 	[WaveMgr] 接收inco集合 size=10
2026-07-26 10:33:58.868 [0x0000cf34] INFO  WCS - 	[Parse] orderCode=WAVE_STRESS_0023 items=10 SKU=10 qty=10 elapsed=0ms
2026-07-26 10:33:58.868 [0x0000a348] INFO  WCS - 	[WaveMgr] 覆盖旧波次 old=WAVE_STRESS_0022 status=2
2026-07-26 10:33:58.868 [0x0000a348] INFO  WCS - 	[WaveMgr] 波次已清理
2026-07-26 10:33:58.868 [0x0000a348] WARN  WCS - <241>	<WaveManager::setState>,[WaveMgr] 状态转换拒绝 2 -> 4
2026-07-26 10:33:58.868 [0x0000a348] INFO  WCS - 	[WaveMgr] 波次注册 orderCode=WAVE_STRESS_0023 qty=10 SKU=10
2026-07-26 10:33:58.868 [0x0000a348] WARN  WCS - <241>	<WaveManager::setState>,[WaveMgr] 状态转换拒绝 2 -> 1
2026-07-26 10:33:58.868 [0x0000a348] INFO  WCS - 	[WaveMgr] 接收inco集合 size=10
2026-07-26 10:33:58.870 [0x0000cf34] INFO  WCS - 	[Parse] orderCode=WAVE_STRESS_0024 items=10 SKU=10 qty=10 elapsed=0ms
2026-07-26 10:33:58.870 [0x0000a348] INFO  WCS - 	[WaveMgr] 覆盖旧波次 old=WAVE_STRESS_0023 status=2
2026-07-26 10:33:58.870 [0x0000a348] INFO  WCS - 	[WaveMgr] 波次已清理
2026-07-26 10:33:58.870 [0x0000a348] WARN  WCS - <241>	<WaveManager::setState>,[WaveMgr] 状态转换拒绝 2 -> 4
2026-07-26 10:33:58.870 [0x0000a348] INFO  WCS - 	[WaveMgr] 波次注册 orderCode=WAVE_STRESS_0024 qty=10 SKU=10
2026-07-26 10:33:58.870 [0x0000a348] WARN  WCS - <241>	<WaveManager::setState>,[WaveMgr] 状态转换拒绝 2 -> 1
2026-07-26 10:33:58.870 [0x0000a348] INFO  WCS - 	[WaveMgr] 接收inco集合 size=10
2026-07-26 10:33:58.871 [0x0000cf34] INFO  WCS - 	[Parse] orderCode=WAVE_STRESS_0025 items=10 SKU=10 qty=10 elapsed=0ms
2026-07-26 10:33:58.871 [0x0000a348] INFO  WCS - 	[WaveMgr] 覆盖旧波次 old=WAVE_STRESS_0024 status=2
2026-07-26 10:33:58.871 [0x0000a348] INFO  WCS - 	[WaveMgr] 波次已清理
2026-07-26 10:33:58.872 [0x0000a348] WARN  WCS - <241>	<WaveManager::setState>,[WaveMgr] 状态转换拒绝 2 -> 4
2026-07-26 10:33:58.872 [0x0000a348] INFO  WCS - 	[WaveMgr] 波次注册 orderCode=WAVE_STRESS_0025 qty=10 SKU=10
2026-07-26 10:33:58.872 [0x0000a348] WARN  WCS - <241>	<WaveManager::setState>,[WaveMgr] 状态转换拒绝 2 -> 1
2026-07-26 10:33:58.872 [0x0000a348] INFO  WCS - 	[WaveMgr] 接收inco集合 size=10
2026-07-26 10:33:58.895 [0x0000cf34] INFO  WCS - 	[Parse] orderCode=WAVE_STRESS_0026 items=10 SKU=10 qty=10 elapsed=0ms
2026-07-26 10:33:58.896 [0x0000a348] INFO  WCS - 	[WaveMgr] 覆盖旧波次 old=WAVE_STRESS_0025 status=2
2026-07-26 10:33:58.897 [0x0000a348] INFO  WCS - 	[WaveMgr] 波次已清理
2026-07-26 10:33:58.897 [0x0000a348] WARN  WCS - <241>	<WaveManager::setState>,[WaveMgr] 状态转换拒绝 2 -> 4
2026-07-26 10:33:58.897 [0x0000a348] INFO  WCS - 	[WaveMgr] 波次注册 orderCode=WAVE_STRESS_0026 qty=10 SKU=10
2026-07-26 10:33:58.897 [0x0000a348] WARN  WCS - <241>	<WaveManager::setState>,[WaveMgr] 状态转换拒绝 2 -> 1
2026-07-26 10:33:58.897 [0x0000a348] INFO  WCS - 	[WaveMgr] 接收inco集合 size=10
2026-07-26 10:33:58.897 [0x0000cf34] INFO  WCS - 	[Parse] orderCode=WAVE_STRESS_0027 items=10 SKU=10 qty=10 elapsed=0ms
2026-07-26 10:33:58.899 [0x0000a348] INFO  WCS - 	[WaveMgr] 覆盖旧波次 old=WAVE_STRESS_0026 status=2
2026-07-26 10:33:58.899 [0x0000a348] INFO  WCS - 	[WaveMgr] 波次已清理
2026-07-26 10:33:58.899 [0x0000a348] WARN  WCS - <241>	<WaveManager::setState>,[WaveMgr] 状态转换拒绝 2 -> 4
2026-07-26 10:33:58.899 [0x0000a348] INFO  WCS - 	[WaveMgr] 波次注册 orderCode=WAVE_STRESS_0027 qty=10 SKU=10
2026-07-26 10:33:58.899 [0x0000a348] WARN  WCS - <241>	<WaveManager::setState>,[WaveMgr] 状态转换拒绝 2 -> 1
2026-07-26 10:33:58.899 [0x0000a348] INFO  WCS - 	[WaveMgr] 接收inco集合 size=10
2026-07-26 10:33:58.910 [0x0000cf34] INFO  WCS - 	[Parse] orderCode=WAVE_STRESS_0028 items=10 SKU=10 qty=10 elapsed=0ms
2026-07-26 10:33:58.910 [0x0000a348] INFO  WCS - 	[WaveMgr] 覆盖旧波次 old=WAVE_STRESS_0027 status=2
2026-07-26 10:33:58.910 [0x0000a348] INFO  WCS - 	[WaveMgr] 波次已清理
2026-07-26 10:33:58.910 [0x0000a348] WARN  WCS - <241>	<WaveManager::setState>,[WaveMgr] 状态转换拒绝 2 -> 4
2026-07-26 10:33:58.910 [0x0000a348] INFO  WCS - 	[WaveMgr] 波次注册 orderCode=WAVE_STRESS_0028 qty=10 SKU=10
2026-07-26 10:33:58.910 [0x0000a348] WARN  WCS - <241>	<WaveManager::setState>,[WaveMgr] 状态转换拒绝 2 -> 1
2026-07-26 10:33:58.910 [0x0000a348] INFO  WCS - 	[WaveMgr] 接收inco集合 size=10
2026-07-26 10:33:58.913 [0x0000cf34] INFO  WCS - 	[Parse] orderCode=WAVE_STRESS_0029 items=10 SKU=10 qty=10 elapsed=0ms
2026-07-26 10:33:58.913 [0x0000a348] INFO  WCS - 	[WaveMgr] 覆盖旧波次 old=WAVE_STRESS_0028 status=2
2026-07-26 10:33:58.913 [0x0000a348] INFO  WCS - 	[WaveMgr] 波次已清理
2026-07-26 10:33:58.913 [0x0000a348] WARN  WCS - <241>	<WaveManager::setState>,[WaveMgr] 状态转换拒绝 2 -> 4
2026-07-26 10:33:58.913 [0x0000a348] INFO  WCS - 	[WaveMgr] 波次注册 orderCode=WAVE_STRESS_0029 qty=10 SKU=10
2026-07-26 10:33:58.913 [0x0000a348] WARN  WCS - <241>	<WaveManager::setState>,[WaveMgr] 状态转换拒绝 2 -> 1
2026-07-26 10:33:58.913 [0x0000a348] INFO  WCS - 	[WaveMgr] 接收inco集合 size=10
2026-07-26 10:33:58.915 [0x0000cf34] INFO  WCS - 	[Parse] orderCode=WAVE_STRESS_0030 items=10 SKU=10 qty=10 elapsed=0ms
2026-07-26 10:33:58.915 [0x0000a348] INFO  WCS - 	[WaveMgr] 覆盖旧波次 old=WAVE_STRESS_0029 status=2
2026-07-26 10:33:58.915 [0x0000a348] INFO  WCS - 	[WaveMgr] 波次已清理
2026-07-26 10:33:58.915 [0x0000a348] WARN  WCS - <241>	<WaveManager::setState>,[WaveMgr] 状态转换拒绝 2 -> 4
2026-07-26 10:33:58.915 [0x0000a348] INFO  WCS - 	[WaveMgr] 波次注册 orderCode=WAVE_STRESS_0030 qty=10 SKU=10
2026-07-26 10:33:58.915 [0x0000a348] WARN  WCS - <241>	<WaveManager::setState>,[WaveMgr] 状态转换拒绝 2 -> 1
2026-07-26 10:33:58.915 [0x0000a348] INFO  WCS - 	[WaveMgr] 接收inco集合 size=10
2026-07-26 10:33:58.918 [0x0000cf34] INFO  WCS - 	[Parse] orderCode=WAVE_STRESS_0031 items=10 SKU=10 qty=10 elapsed=0ms
2026-07-26 10:33:58.918 [0x0000a348] INFO  WCS - 	[WaveMgr] 覆盖旧波次 old=WAVE_STRESS_0030 status=2
2026-07-26 10:33:58.918 [0x0000a348] INFO  WCS - 	[WaveMgr] 波次已清理
2026-07-26 10:33:58.919 [0x0000a348] WARN  WCS - <241>	<WaveManager::setState>,[WaveMgr] 状态转换拒绝 2 -> 4
2026-07-26 10:33:58.919 [0x0000a348] INFO  WCS - 	[WaveMgr] 波次注册 orderCode=WAVE_STRESS_0031 qty=10 SKU=10
2026-07-26 10:33:58.919 [0x0000a348] WARN  WCS - <241>	<WaveManager::setState>,[WaveMgr] 状态转换拒绝 2 -> 1
2026-07-26 10:33:58.919 [0x0000a348] INFO  WCS - 	[WaveMgr] 接收inco集合 size=10
2026-07-26 10:33:58.920 [0x0000cf34] INFO  WCS - 	[Parse] orderCode=WAVE_STRESS_0032 items=10 SKU=10 qty=10 elapsed=0ms
2026-07-26 10:33:58.920 [0x0000a348] INFO  WCS - 	[WaveMgr] 覆盖旧波次 old=WAVE_STRESS_0031 status=2
2026-07-26 10:33:58.920 [0x0000a348] INFO  WCS - 	[WaveMgr] 波次已清理
2026-07-26 10:33:58.920 [0x0000a348] WARN  WCS - <241>	<WaveManager::setState>,[WaveMgr] 状态转换拒绝 2 -> 4
2026-07-26 10:33:58.920 [0x0000a348] INFO  WCS - 	[WaveMgr] 波次注册 orderCode=WAVE_STRESS_0032 qty=10 SKU=10
2026-07-26 10:33:58.920 [0x0000a348] WARN  WCS - <241>	<WaveManager::setState>,[WaveMgr] 状态转换拒绝 2 -> 1
2026-07-26 10:33:58.920 [0x0000a348] INFO  WCS - 	[WaveMgr] 接收inco集合 size=10
2026-07-26 10:33:58.942 [0x0000cf34] INFO  WCS - 	[Parse] orderCode=WAVE_STRESS_0033 items=10 SKU=10 qty=10 elapsed=0ms
2026-07-26 10:33:58.946 [0x0000cf34] INFO  WCS - 	[Parse] orderCode=WAVE_STRESS_0034 items=10 SKU=10 qty=10 elapsed=0ms
2026-07-26 10:33:58.950 [0x0000cf34] INFO  WCS - 	[Parse] orderCode=WAVE_STRESS_0035 items=10 SKU=10 qty=10 elapsed=0ms
2026-07-26 10:33:58.952 [0x0000cf34] INFO  WCS - 	[Parse] orderCode=WAVE_STRESS_0036 items=10 SKU=10 qty=10 elapsed=0ms
2026-07-26 10:33:58.953 [0x0000cf34] INFO  WCS - 	[Parse] orderCode=WAVE_STRESS_0037 items=10 SKU=10 qty=10 elapsed=0ms
2026-07-26 10:33:58.955 [0x0000cf34] INFO  WCS - 	[Parse] orderCode=WAVE_STRESS_0038 items=10 SKU=10 qty=10 elapsed=0ms
2026-07-26 10:33:58.956 [0x0000cf34] INFO  WCS - 	[Parse] orderCode=WAVE_STRESS_0039 items=10 SKU=10 qty=10 elapsed=0ms
2026-07-26 10:33:58.969 [0x0000a348] INFO  WCS - 	[WaveMgr] 覆盖旧波次 old=WAVE_STRESS_0032 status=2
2026-07-26 10:33:58.969 [0x0000a348] INFO  WCS - 	[WaveMgr] 波次已清理
2026-07-26 10:33:58.969 [0x0000a348] WARN  WCS - <241>	<WaveManager::setState>,[WaveMgr] 状态转换拒绝 2 -> 4
2026-07-26 10:33:58.969 [0x0000a348] INFO  WCS - 	[WaveMgr] 波次注册 orderCode=WAVE_STRESS_0033 qty=10 SKU=10
2026-07-26 10:33:58.969 [0x0000a348] WARN  WCS - <241>	<WaveManager::setState>,[WaveMgr] 状态转换拒绝 2 -> 1
2026-07-26 10:33:58.969 [0x0000a348] INFO  WCS - 	[WaveMgr] 接收inco集合 size=10
2026-07-26 10:33:58.969 [0x0000a348] INFO  WCS - 	[WaveMgr] 覆盖旧波次 old=WAVE_STRESS_0033 status=2
2026-07-26 10:33:58.969 [0x0000a348] INFO  WCS - 	[WaveMgr] 波次已清理
2026-07-26 10:33:58.969 [0x0000a348] WARN  WCS - <241>	<WaveManager::setState>,[WaveMgr] 状态转换拒绝 2 -> 4
2026-07-26 10:33:58.969 [0x0000a348] INFO  WCS - 	[WaveMgr] 波次注册 orderCode=WAVE_STRESS_0034 qty=10 SKU=10
2026-07-26 10:33:58.969 [0x0000a348] WARN  WCS - <241>	<WaveManager::setState>,[WaveMgr] 状态转换拒绝 2 -> 1
2026-07-26 10:33:58.969 [0x0000a348] INFO  WCS - 	[WaveMgr] 接收inco集合 size=10
2026-07-26 10:33:58.970 [0x0000a348] INFO  WCS - 	[WaveMgr] 覆盖旧波次 old=WAVE_STRESS_0034 status=2
2026-07-26 10:33:58.970 [0x0000a348] INFO  WCS - 	[WaveMgr] 波次已清理
2026-07-26 10:33:58.970 [0x0000a348] WARN  WCS - <241>	<WaveManager::setState>,[WaveMgr] 状态转换拒绝 2 -> 4
2026-07-26 10:33:58.970 [0x0000a348] INFO  WCS - 	[WaveMgr] 波次注册 orderCode=WAVE_STRESS_0035 qty=10 SKU=10
2026-07-26 10:33:58.970 [0x0000a348] WARN  WCS - <241>	<WaveManager::setState>,[WaveMgr] 状态转换拒绝 2 -> 1
2026-07-26 10:33:58.970 [0x0000a348] INFO  WCS - 	[WaveMgr] 接收inco集合 size=10
2026-07-26 10:33:58.970 [0x0000a348] INFO  WCS - 	[WaveMgr] 覆盖旧波次 old=WAVE_STRESS_0035 status=2
2026-07-26 10:33:58.970 [0x0000a348] INFO  WCS - 	[WaveMgr] 波次已清理
2026-07-26 10:33:58.970 [0x0000a348] WARN  WCS - <241>	<WaveManager::setState>,[WaveMgr] 状态转换拒绝 2 -> 4
2026-07-26 10:33:58.970 [0x0000a348] INFO  WCS - 	[WaveMgr] 波次注册 orderCode=WAVE_STRESS_0036 qty=10 SKU=10
2026-07-26 10:33:58.970 [0x0000a348] WARN  WCS - <241>	<WaveManager::setState>,[WaveMgr] 状态转换拒绝 2 -> 1
2026-07-26 10:33:58.970 [0x0000a348] INFO  WCS - 	[WaveMgr] 接收inco集合 size=10
2026-07-26 10:33:58.970 [0x0000a348] INFO  WCS - 	[WaveMgr] 覆盖旧波次 old=WAVE_STRESS_0036 status=2
2026-07-26 10:33:58.970 [0x0000a348] INFO  WCS - 	[WaveMgr] 波次已清理
2026-07-26 10:33:58.970 [0x0000a348] WARN  WCS - <241>	<WaveManager::setState>,[WaveMgr] 状态转换拒绝 2 -> 4
2026-07-26 10:33:58.970 [0x0000a348] INFO  WCS - 	[WaveMgr] 波次注册 orderCode=WAVE_STRESS_0037 qty=10 SKU=10
2026-07-26 10:33:58.970 [0x0000a348] WARN  WCS - <241>	<WaveManager::setState>,[WaveMgr] 状态转换拒绝 2 -> 1
2026-07-26 10:33:58.970 [0x0000a348] INFO  WCS - 	[WaveMgr] 接收inco集合 size=10
2026-07-26 10:33:58.970 [0x0000a348] INFO  WCS - 	[WaveMgr] 覆盖旧波次 old=WAVE_STRESS_0037 status=2
2026-07-26 10:33:58.970 [0x0000a348] INFO  WCS - 	[WaveMgr] 波次已清理
2026-07-26 10:33:58.970 [0x0000a348] WARN  WCS - <241>	<WaveManager::setState>,[WaveMgr] 状态转换拒绝 2 -> 4
2026-07-26 10:33:58.970 [0x0000a348] INFO  WCS - 	[WaveMgr] 波次注册 orderCode=WAVE_STRESS_0038 qty=10 SKU=10
2026-07-26 10:33:58.970 [0x0000a348] WARN  WCS - <241>	<WaveManager::setState>,[WaveMgr] 状态转换拒绝 2 -> 1
2026-07-26 10:33:58.970 [0x0000a348] INFO  WCS - 	[WaveMgr] 接收inco集合 size=10
2026-07-26 10:33:58.970 [0x0000a348] INFO  WCS - 	[WaveMgr] 覆盖旧波次 old=WAVE_STRESS_0038 status=2
2026-07-26 10:33:58.970 [0x0000a348] INFO  WCS - 	[WaveMgr] 波次已清理
2026-07-26 10:33:58.970 [0x0000a348] WARN  WCS - <241>	<WaveManager::setState>,[WaveMgr] 状态转换拒绝 2 -> 4
2026-07-26 10:33:58.970 [0x0000a348] INFO  WCS - 	[WaveMgr] 波次注册 orderCode=WAVE_STRESS_0039 qty=10 SKU=10
2026-07-26 10:33:58.970 [0x0000a348] WARN  WCS - <241>	<WaveManager::setState>,[WaveMgr] 状态转换拒绝 2 -> 1
2026-07-26 10:33:58.970 [0x0000a348] INFO  WCS - 	[WaveMgr] 接收inco集合 size=10
2026-07-26 10:33:58.971 [0x0000cf34] INFO  WCS - 	[Parse] orderCode=WAVE_STRESS_0040 items=10 SKU=10 qty=10 elapsed=0ms
2026-07-26 10:33:58.974 [0x0000a348] INFO  WCS - 	[WaveMgr] 覆盖旧波次 old=WAVE_STRESS_0039 status=2
2026-07-26 10:33:58.974 [0x0000a348] INFO  WCS - 	[WaveMgr] 波次已清理
2026-07-26 10:33:58.974 [0x0000a348] WARN  WCS - <241>	<WaveManager::setState>,[WaveMgr] 状态转换拒绝 2 -> 4
2026-07-26 10:33:58.974 [0x0000a348] INFO  WCS - 	[WaveMgr] 波次注册 orderCode=WAVE_STRESS_0040 qty=10 SKU=10
2026-07-26 10:33:58.974 [0x0000a348] WARN  WCS - <241>	<WaveManager::setState>,[WaveMgr] 状态转换拒绝 2 -> 1
2026-07-26 10:33:58.974 [0x0000a348] INFO  WCS - 	[WaveMgr] 接收inco集合 size=10
2026-07-26 10:33:58.975 [0x0000cf34] INFO  WCS - 	[Parse] orderCode=WAVE_STRESS_0041 items=10 SKU=10 qty=10 elapsed=0ms
2026-07-26 10:33:58.975 [0x0000a348] INFO  WCS - 	[WaveMgr] 覆盖旧波次 old=WAVE_STRESS_0040 status=2
2026-07-26 10:33:58.975 [0x0000a348] INFO  WCS - 	[WaveMgr] 波次已清理
2026-07-26 10:33:58.975 [0x0000a348] WARN  WCS - <241>	<WaveManager::setState>,[WaveMgr] 状态转换拒绝 2 -> 4
2026-07-26 10:33:58.975 [0x0000a348] INFO  WCS - 	[WaveMgr] 波次注册 orderCode=WAVE_STRESS_0041 qty=10 SKU=10
2026-07-26 10:33:58.975 [0x0000a348] WARN  WCS - <241>	<WaveManager::setState>,[WaveMgr] 状态转换拒绝 2 -> 1
2026-07-26 10:33:58.975 [0x0000a348] INFO  WCS - 	[WaveMgr] 接收inco集合 size=10
2026-07-26 10:33:58.987 [0x0000cf34] INFO  WCS - 	[Parse] orderCode=WAVE_STRESS_0042 items=10 SKU=10 qty=10 elapsed=0ms
2026-07-26 10:33:58.988 [0x0000a348] INFO  WCS - 	[WaveMgr] 覆盖旧波次 old=WAVE_STRESS_0041 status=2
2026-07-26 10:33:58.988 [0x0000a348] INFO  WCS - 	[WaveMgr] 波次已清理
2026-07-26 10:33:58.988 [0x0000a348] WARN  WCS - <241>	<WaveManager::setState>,[WaveMgr] 状态转换拒绝 2 -> 4
2026-07-26 10:33:58.988 [0x0000a348] INFO  WCS - 	[WaveMgr] 波次注册 orderCode=WAVE_STRESS_0042 qty=10 SKU=10
2026-07-26 10:33:58.988 [0x0000a348] WARN  WCS - <241>	<WaveManager::setState>,[WaveMgr] 状态转换拒绝 2 -> 1
2026-07-26 10:33:58.988 [0x0000a348] INFO  WCS - 	[WaveMgr] 接收inco集合 size=10
2026-07-26 10:33:59.004 [0x0000cf34] INFO  WCS - 	[Parse] orderCode=WAVE_STRESS_0043 items=10 SKU=10 qty=10 elapsed=0ms
2026-07-26 10:33:59.004 [0x0000a348] INFO  WCS - 	[WaveMgr] 覆盖旧波次 old=WAVE_STRESS_0042 status=2
2026-07-26 10:33:59.004 [0x0000a348] INFO  WCS - 	[WaveMgr] 波次已清理
2026-07-26 10:33:59.004 [0x0000a348] WARN  WCS - <241>	<WaveManager::setState>,[WaveMgr] 状态转换拒绝 2 -> 4
2026-07-26 10:33:59.004 [0x0000a348] INFO  WCS - 	[WaveMgr] 波次注册 orderCode=WAVE_STRESS_0043 qty=10 SKU=10
2026-07-26 10:33:59.004 [0x0000a348] WARN  WCS - <241>	<WaveManager::setState>,[WaveMgr] 状态转换拒绝 2 -> 1
2026-07-26 10:33:59.004 [0x0000a348] INFO  WCS - 	[WaveMgr] 接收inco集合 size=10
2026-07-26 10:33:59.019 [0x0000cf34] INFO  WCS - 	[Parse] orderCode=WAVE_STRESS_0044 items=10 SKU=10 qty=10 elapsed=0ms
2026-07-26 10:33:59.020 [0x0000a348] INFO  WCS - 	[WaveMgr] 覆盖旧波次 old=WAVE_STRESS_0043 status=2
2026-07-26 10:33:59.020 [0x0000a348] INFO  WCS - 	[WaveMgr] 波次已清理
2026-07-26 10:33:59.020 [0x0000a348] WARN  WCS - <241>	<WaveManager::setState>,[WaveMgr] 状态转换拒绝 2 -> 4
2026-07-26 10:33:59.020 [0x0000a348] INFO  WCS - 	[WaveMgr] 波次注册 orderCode=WAVE_STRESS_0044 qty=10 SKU=10
2026-07-26 10:33:59.020 [0x0000a348] WARN  WCS - <241>	<WaveManager::setState>,[WaveMgr] 状态转换拒绝 2 -> 1
2026-07-26 10:33:59.020 [0x0000a348] INFO  WCS - 	[WaveMgr] 接收inco集合 size=10
2026-07-26 10:33:59.022 [0x0000cf34] INFO  WCS - 	[Parse] orderCode=WAVE_STRESS_0045 items=10 SKU=10 qty=10 elapsed=0ms
2026-07-26 10:33:59.022 [0x0000a348] INFO  WCS - 	[WaveMgr] 覆盖旧波次 old=WAVE_STRESS_0044 status=2
2026-07-26 10:33:59.023 [0x0000a348] INFO  WCS - 	[WaveMgr] 波次已清理
2026-07-26 10:33:59.023 [0x0000a348] WARN  WCS - <241>	<WaveManager::setState>,[WaveMgr] 状态转换拒绝 2 -> 4
2026-07-26 10:33:59.023 [0x0000a348] INFO  WCS - 	[WaveMgr] 波次注册 orderCode=WAVE_STRESS_0045 qty=10 SKU=10
2026-07-26 10:33:59.023 [0x0000a348] WARN  WCS - <241>	<WaveManager::setState>,[WaveMgr] 状态转换拒绝 2 -> 1
2026-07-26 10:33:59.023 [0x0000a348] INFO  WCS - 	[WaveMgr] 接收inco集合 size=10
2026-07-26 10:33:59.026 [0x0000cf34] INFO  WCS - 	[Parse] orderCode=WAVE_STRESS_0046 items=10 SKU=10 qty=10 elapsed=0ms
2026-07-26 10:33:59.026 [0x0000a348] INFO  WCS - 	[WaveMgr] 覆盖旧波次 old=WAVE_STRESS_0045 status=2
2026-07-26 10:33:59.026 [0x0000a348] INFO  WCS - 	[WaveMgr] 波次已清理
2026-07-26 10:33:59.026 [0x0000a348] WARN  WCS - <241>	<WaveManager::setState>,[WaveMgr] 状态转换拒绝 2 -> 4
2026-07-26 10:33:59.026 [0x0000a348] INFO  WCS - 	[WaveMgr] 波次注册 orderCode=WAVE_STRESS_0046 qty=10 SKU=10
2026-07-26 10:33:59.026 [0x0000a348] WARN  WCS - <241>	<WaveManager::setState>,[WaveMgr] 状态转换拒绝 2 -> 1
2026-07-26 10:33:59.026 [0x0000a348] INFO  WCS - 	[WaveMgr] 接收inco集合 size=10
2026-07-26 10:33:59.028 [0x0000cf34] INFO  WCS - 	[Parse] orderCode=WAVE_STRESS_0047 items=10 SKU=10 qty=10 elapsed=0ms
2026-07-26 10:33:59.028 [0x0000a348] INFO  WCS - 	[WaveMgr] 覆盖旧波次 old=WAVE_STRESS_0046 status=2
2026-07-26 10:33:59.028 [0x0000a348] INFO  WCS - 	[WaveMgr] 波次已清理
2026-07-26 10:33:59.028 [0x0000a348] WARN  WCS - <241>	<WaveManager::setState>,[WaveMgr] 状态转换拒绝 2 -> 4
2026-07-26 10:33:59.028 [0x0000a348] INFO  WCS - 	[WaveMgr] 波次注册 orderCode=WAVE_STRESS_0047 qty=10 SKU=10
2026-07-26 10:33:59.028 [0x0000a348] WARN  WCS - <241>	<WaveManager::setState>,[WaveMgr] 状态转换拒绝 2 -> 1
2026-07-26 10:33:59.028 [0x0000a348] INFO  WCS - 	[WaveMgr] 接收inco集合 size=10
2026-07-26 10:33:59.031 [0x0000cf34] INFO  WCS - 	[Parse] orderCode=WAVE_STRESS_0048 items=10 SKU=10 qty=10 elapsed=0ms
2026-07-26 10:33:59.031 [0x0000a348] INFO  WCS - 	[WaveMgr] 覆盖旧波次 old=WAVE_STRESS_0047 status=2
2026-07-26 10:33:59.031 [0x0000a348] INFO  WCS - 	[WaveMgr] 波次已清理
2026-07-26 10:33:59.031 [0x0000a348] WARN  WCS - <241>	<WaveManager::setState>,[WaveMgr] 状态转换拒绝 2 -> 4
2026-07-26 10:33:59.031 [0x0000a348] INFO  WCS - 	[WaveMgr] 波次注册 orderCode=WAVE_STRESS_0048 qty=10 SKU=10
2026-07-26 10:33:59.031 [0x0000a348] WARN  WCS - <241>	<WaveManager::setState>,[WaveMgr] 状态转换拒绝 2 -> 1
2026-07-26 10:33:59.031 [0x0000a348] INFO  WCS - 	[WaveMgr] 接收inco集合 size=10
2026-07-26 10:33:59.032 [0x0000cf34] INFO  WCS - 	[Parse] orderCode=WAVE_STRESS_0049 items=10 SKU=10 qty=10 elapsed=0ms
2026-07-26 10:33:59.032 [0x0000a348] INFO  WCS - 	[WaveMgr] 覆盖旧波次 old=WAVE_STRESS_0048 status=2
2026-07-26 10:33:59.032 [0x0000a348] INFO  WCS - 	[WaveMgr] 波次已清理
2026-07-26 10:33:59.032 [0x0000a348] WARN  WCS - <241>	<WaveManager::setState>,[WaveMgr] 状态转换拒绝 2 -> 4
2026-07-26 10:33:59.032 [0x0000a348] INFO  WCS - 	[WaveMgr] 波次注册 orderCode=WAVE_STRESS_0049 qty=10 SKU=10
2026-07-26 10:33:59.032 [0x0000a348] WARN  WCS - <241>	<WaveManager::setState>,[WaveMgr] 状态转换拒绝 2 -> 1
2026-07-26 10:33:59.032 [0x0000a348] INFO  WCS - 	[WaveMgr] 接收inco集合 size=10
2026-07-26 10:33:59.035 [0x0000cf34] INFO  WCS - 	[Parse] orderCode=WAVE_STRESS_0050 items=10 SKU=10 qty=10 elapsed=0ms
2026-07-26 10:33:59.035 [0x0000a348] INFO  WCS - 	[WaveMgr] 覆盖旧波次 old=WAVE_STRESS_0049 status=2
2026-07-26 10:33:59.035 [0x0000a348] INFO  WCS - 	[WaveMgr] 波次已清理
2026-07-26 10:33:59.035 [0x0000a348] WARN  WCS - <241>	<WaveManager::setState>,[WaveMgr] 状态转换拒绝 2 -> 4
2026-07-26 10:33:59.035 [0x0000a348] INFO  WCS - 	[WaveMgr] 波次注册 orderCode=WAVE_STRESS_0050 qty=10 SKU=10
2026-07-26 10:33:59.035 [0x0000a348] WARN  WCS - <241>	<WaveManager::setState>,[WaveMgr] 状态转换拒绝 2 -> 1
2026-07-26 10:33:59.035 [0x0000a348] INFO  WCS - 	[WaveMgr] 接收inco集合 size=10
2026-07-26 10:33:59.036 [0x0000cf34] INFO  WCS - 	[Parse] orderCode=WAVE_STRESS_0051 items=10 SKU=10 qty=10 elapsed=0ms
2026-07-26 10:33:59.037 [0x0000a348] INFO  WCS - 	[WaveMgr] 覆盖旧波次 old=WAVE_STRESS_0050 status=2
2026-07-26 10:33:59.037 [0x0000a348] INFO  WCS - 	[WaveMgr] 波次已清理
2026-07-26 10:33:59.037 [0x0000a348] WARN  WCS - <241>	<WaveManager::setState>,[WaveMgr] 状态转换拒绝 2 -> 4
2026-07-26 10:33:59.037 [0x0000a348] INFO  WCS - 	[WaveMgr] 波次注册 orderCode=WAVE_STRESS_0051 qty=10 SKU=10
2026-07-26 10:33:59.037 [0x0000a348] WARN  WCS - <241>	<WaveManager::setState>,[WaveMgr] 状态转换拒绝 2 -> 1
2026-07-26 10:33:59.037 [0x0000a348] INFO  WCS - 	[WaveMgr] 接收inco集合 size=10
2026-07-26 10:33:59.039 [0x0000cf34] INFO  WCS - 	[Parse] orderCode=WAVE_STRESS_0052 items=10 SKU=10 qty=10 elapsed=0ms
2026-07-26 10:33:59.040 [0x0000a348] INFO  WCS - 	[WaveMgr] 覆盖旧波次 old=WAVE_STRESS_0051 status=2
2026-07-26 10:33:59.040 [0x0000a348] INFO  WCS - 	[WaveMgr] 波次已清理
2026-07-26 10:33:59.040 [0x0000a348] WARN  WCS - <241>	<WaveManager::setState>,[WaveMgr] 状态转换拒绝 2 -> 4
2026-07-26 10:33:59.040 [0x0000a348] INFO  WCS - 	[WaveMgr] 波次注册 orderCode=WAVE_STRESS_0052 qty=10 SKU=10
2026-07-26 10:33:59.040 [0x0000a348] WARN  WCS - <241>	<WaveManager::setState>,[WaveMgr] 状态转换拒绝 2 -> 1
2026-07-26 10:33:59.040 [0x0000a348] INFO  WCS - 	[WaveMgr] 接收inco集合 size=10
2026-07-26 10:33:59.043 [0x0000cf34] INFO  WCS - 	[Parse] orderCode=WAVE_STRESS_0053 items=10 SKU=10 qty=10 elapsed=0ms
2026-07-26 10:33:59.046 [0x0000cf34] INFO  WCS - 	[Parse] orderCode=WAVE_STRESS_0054 items=10 SKU=10 qty=10 elapsed=0ms
2026-07-26 10:33:59.048 [0x0000cf34] INFO  WCS - 	[Parse] orderCode=WAVE_STRESS_0055 items=10 SKU=10 qty=10 elapsed=0ms
2026-07-26 10:33:59.051 [0x0000cf34] INFO  WCS - 	[Parse] orderCode=WAVE_STRESS_0056 items=10 SKU=10 qty=10 elapsed=0ms
2026-07-26 10:33:59.065 [0x0000cf34] INFO  WCS - 	[Parse] orderCode=WAVE_STRESS_0057 items=10 SKU=10 qty=10 elapsed=0ms
2026-07-26 10:33:59.071 [0x0000a348] INFO  WCS - 	[WaveMgr] 覆盖旧波次 old=WAVE_STRESS_0052 status=2
2026-07-26 10:33:59.071 [0x0000a348] INFO  WCS - 	[WaveMgr] 波次已清理
2026-07-26 10:33:59.071 [0x0000a348] WARN  WCS - <241>	<WaveManager::setState>,[WaveMgr] 状态转换拒绝 2 -> 4
2026-07-26 10:33:59.071 [0x0000a348] INFO  WCS - 	[WaveMgr] 波次注册 orderCode=WAVE_STRESS_0053 qty=10 SKU=10
2026-07-26 10:33:59.071 [0x0000a348] WARN  WCS - <241>	<WaveManager::setState>,[WaveMgr] 状态转换拒绝 2 -> 1
2026-07-26 10:33:59.071 [0x0000a348] INFO  WCS - 	[WaveMgr] 接收inco集合 size=10
2026-07-26 10:33:59.071 [0x0000a348] INFO  WCS - 	[WaveMgr] 覆盖旧波次 old=WAVE_STRESS_0053 status=2
2026-07-26 10:33:59.071 [0x0000a348] INFO  WCS - 	[WaveMgr] 波次已清理
2026-07-26 10:33:59.071 [0x0000a348] WARN  WCS - <241>	<WaveManager::setState>,[WaveMgr] 状态转换拒绝 2 -> 4
2026-07-26 10:33:59.071 [0x0000a348] INFO  WCS - 	[WaveMgr] 波次注册 orderCode=WAVE_STRESS_0054 qty=10 SKU=10
2026-07-26 10:33:59.071 [0x0000a348] WARN  WCS - <241>	<WaveManager::setState>,[WaveMgr] 状态转换拒绝 2 -> 1
2026-07-26 10:33:59.071 [0x0000a348] INFO  WCS - 	[WaveMgr] 接收inco集合 size=10
2026-07-26 10:33:59.071 [0x0000a348] INFO  WCS - 	[WaveMgr] 覆盖旧波次 old=WAVE_STRESS_0054 status=2
2026-07-26 10:33:59.071 [0x0000a348] INFO  WCS - 	[WaveMgr] 波次已清理
2026-07-26 10:33:59.071 [0x0000a348] WARN  WCS - <241>	<WaveManager::setState>,[WaveMgr] 状态转换拒绝 2 -> 4
2026-07-26 10:33:59.071 [0x0000a348] INFO  WCS - 	[WaveMgr] 波次注册 orderCode=WAVE_STRESS_0055 qty=10 SKU=10
2026-07-26 10:33:59.071 [0x0000a348] WARN  WCS - <241>	<WaveManager::setState>,[WaveMgr] 状态转换拒绝 2 -> 1
2026-07-26 10:33:59.071 [0x0000a348] INFO  WCS - 	[WaveMgr] 接收inco集合 size=10
2026-07-26 10:33:59.071 [0x0000a348] INFO  WCS - 	[WaveMgr] 覆盖旧波次 old=WAVE_STRESS_0055 status=2
2026-07-26 10:33:59.071 [0x0000a348] INFO  WCS - 	[WaveMgr] 波次已清理
2026-07-26 10:33:59.071 [0x0000a348] WARN  WCS - <241>	<WaveManager::setState>,[WaveMgr] 状态转换拒绝 2 -> 4
2026-07-26 10:33:59.071 [0x0000a348] INFO  WCS - 	[WaveMgr] 波次注册 orderCode=WAVE_STRESS_0056 qty=10 SKU=10
2026-07-26 10:33:59.071 [0x0000a348] WARN  WCS - <241>	<WaveManager::setState>,[WaveMgr] 状态转换拒绝 2 -> 1
2026-07-26 10:33:59.071 [0x0000a348] INFO  WCS - 	[WaveMgr] 接收inco集合 size=10
2026-07-26 10:33:59.072 [0x0000a348] INFO  WCS - 	[WaveMgr] 覆盖旧波次 old=WAVE_STRESS_0056 status=2
2026-07-26 10:33:59.072 [0x0000a348] INFO  WCS - 	[WaveMgr] 波次已清理
2026-07-26 10:33:59.072 [0x0000a348] WARN  WCS - <241>	<WaveManager::setState>,[WaveMgr] 状态转换拒绝 2 -> 4
2026-07-26 10:33:59.073 [0x0000a348] INFO  WCS - 	[WaveMgr] 波次注册 orderCode=WAVE_STRESS_0057 qty=10 SKU=10
2026-07-26 10:33:59.073 [0x0000a348] WARN  WCS - <241>	<WaveManager::setState>,[WaveMgr] 状态转换拒绝 2 -> 1
2026-07-26 10:33:59.073 [0x0000a348] INFO  WCS - 	[WaveMgr] 接收inco集合 size=10
2026-07-26 10:33:59.080 [0x0000cf34] INFO  WCS - 	[Parse] orderCode=WAVE_STRESS_0058 items=10 SKU=10 qty=10 elapsed=0ms
2026-07-26 10:33:59.080 [0x0000a348] INFO  WCS - 	[WaveMgr] 覆盖旧波次 old=WAVE_STRESS_0057 status=2
2026-07-26 10:33:59.080 [0x0000a348] INFO  WCS - 	[WaveMgr] 波次已清理
2026-07-26 10:33:59.080 [0x0000a348] WARN  WCS - <241>	<WaveManager::setState>,[WaveMgr] 状态转换拒绝 2 -> 4
2026-07-26 10:33:59.080 [0x0000a348] INFO  WCS - 	[WaveMgr] 波次注册 orderCode=WAVE_STRESS_0058 qty=10 SKU=10
2026-07-26 10:33:59.080 [0x0000a348] WARN  WCS - <241>	<WaveManager::setState>,[WaveMgr] 状态转换拒绝 2 -> 1
2026-07-26 10:33:59.080 [0x0000a348] INFO  WCS - 	[WaveMgr] 接收inco集合 size=10
2026-07-26 10:33:59.096 [0x0000cf34] INFO  WCS - 	[Parse] orderCode=WAVE_STRESS_0059 items=10 SKU=10 qty=10 elapsed=0ms
2026-07-26 10:33:59.096 [0x0000a348] INFO  WCS - 	[WaveMgr] 覆盖旧波次 old=WAVE_STRESS_0058 status=2
2026-07-26 10:33:59.096 [0x0000a348] INFO  WCS - 	[WaveMgr] 波次已清理
2026-07-26 10:33:59.096 [0x0000a348] WARN  WCS - <241>	<WaveManager::setState>,[WaveMgr] 状态转换拒绝 2 -> 4
2026-07-26 10:33:59.096 [0x0000a348] INFO  WCS - 	[WaveMgr] 波次注册 orderCode=WAVE_STRESS_0059 qty=10 SKU=10
2026-07-26 10:33:59.096 [0x0000a348] WARN  WCS - <241>	<WaveManager::setState>,[WaveMgr] 状态转换拒绝 2 -> 1
2026-07-26 10:33:59.097 [0x0000a348] INFO  WCS - 	[WaveMgr] 接收inco集合 size=10
2026-07-26 10:33:59.098 [0x0000cf34] INFO  WCS - 	[Parse] orderCode=WAVE_STRESS_0060 items=10 SKU=10 qty=10 elapsed=0ms
2026-07-26 10:33:59.098 [0x0000a348] INFO  WCS - 	[WaveMgr] 覆盖旧波次 old=WAVE_STRESS_0059 status=2
2026-07-26 10:33:59.098 [0x0000a348] INFO  WCS - 	[WaveMgr] 波次已清理
2026-07-26 10:33:59.098 [0x0000a348] WARN  WCS - <241>	<WaveManager::setState>,[WaveMgr] 状态转换拒绝 2 -> 4
2026-07-26 10:33:59.098 [0x0000a348] INFO  WCS - 	[WaveMgr] 波次注册 orderCode=WAVE_STRESS_0060 qty=10 SKU=10
2026-07-26 10:33:59.098 [0x0000a348] WARN  WCS - <241>	<WaveManager::setState>,[WaveMgr] 状态转换拒绝 2 -> 1
2026-07-26 10:33:59.098 [0x0000a348] INFO  WCS - 	[WaveMgr] 接收inco集合 size=10
2026-07-26 10:33:59.100 [0x0000cf34] INFO  WCS - 	[Parse] orderCode=WAVE_STRESS_0061 items=10 SKU=10 qty=10 elapsed=0ms
2026-07-26 10:33:59.100 [0x0000a348] INFO  WCS - 	[WaveMgr] 覆盖旧波次 old=WAVE_STRESS_0060 status=2
2026-07-26 10:33:59.100 [0x0000a348] INFO  WCS - 	[WaveMgr] 波次已清理
2026-07-26 10:33:59.100 [0x0000a348] WARN  WCS - <241>	<WaveManager::setState>,[WaveMgr] 状态转换拒绝 2 -> 4
2026-07-26 10:33:59.100 [0x0000a348] INFO  WCS - 	[WaveMgr] 波次注册 orderCode=WAVE_STRESS_0061 qty=10 SKU=10
2026-07-26 10:33:59.100 [0x0000a348] WARN  WCS - <241>	<WaveManager::setState>,[WaveMgr] 状态转换拒绝 2 -> 1
2026-07-26 10:33:59.100 [0x0000a348] INFO  WCS - 	[WaveMgr] 接收inco集合 size=10
2026-07-26 10:33:59.127 [0x0000cf34] INFO  WCS - 	[Parse] orderCode=WAVE_STRESS_0062 items=10 SKU=10 qty=10 elapsed=0ms
2026-07-26 10:33:59.127 [0x0000a348] INFO  WCS - 	[WaveMgr] 覆盖旧波次 old=WAVE_STRESS_0061 status=2
2026-07-26 10:33:59.127 [0x0000a348] INFO  WCS - 	[WaveMgr] 波次已清理
2026-07-26 10:33:59.127 [0x0000a348] WARN  WCS - <241>	<WaveManager::setState>,[WaveMgr] 状态转换拒绝 2 -> 4
2026-07-26 10:33:59.127 [0x0000a348] INFO  WCS - 	[WaveMgr] 波次注册 orderCode=WAVE_STRESS_0062 qty=10 SKU=10
2026-07-26 10:33:59.127 [0x0000a348] WARN  WCS - <241>	<WaveManager::setState>,[WaveMgr] 状态转换拒绝 2 -> 1
2026-07-26 10:33:59.127 [0x0000a348] INFO  WCS - 	[WaveMgr] 接收inco集合 size=10
2026-07-26 10:33:59.131 [0x0000cf34] INFO  WCS - 	[Parse] orderCode=WAVE_STRESS_0063 items=10 SKU=10 qty=10 elapsed=0ms
2026-07-26 10:33:59.131 [0x0000a348] INFO  WCS - 	[WaveMgr] 覆盖旧波次 old=WAVE_STRESS_0062 status=2
2026-07-26 10:33:59.131 [0x0000a348] INFO  WCS - 	[WaveMgr] 波次已清理
2026-07-26 10:33:59.131 [0x0000a348] WARN  WCS - <241>	<WaveManager::setState>,[WaveMgr] 状态转换拒绝 2 -> 4
2026-07-26 10:33:59.131 [0x0000a348] INFO  WCS - 	[WaveMgr] 波次注册 orderCode=WAVE_STRESS_0063 qty=10 SKU=10
2026-07-26 10:33:59.131 [0x0000a348] WARN  WCS - <241>	<WaveManager::setState>,[WaveMgr] 状态转换拒绝 2 -> 1
2026-07-26 10:33:59.131 [0x0000a348] INFO  WCS - 	[WaveMgr] 接收inco集合 size=10
2026-07-26 10:33:59.133 [0x0000cf34] INFO  WCS - 	[Parse] orderCode=WAVE_STRESS_0064 items=10 SKU=10 qty=10 elapsed=0ms
2026-07-26 10:33:59.133 [0x0000a348] INFO  WCS - 	[WaveMgr] 覆盖旧波次 old=WAVE_STRESS_0063 status=2
2026-07-26 10:33:59.133 [0x0000a348] INFO  WCS - 	[WaveMgr] 波次已清理
2026-07-26 10:33:59.133 [0x0000a348] WARN  WCS - <241>	<WaveManager::setState>,[WaveMgr] 状态转换拒绝 2 -> 4
2026-07-26 10:33:59.133 [0x0000a348] INFO  WCS - 	[WaveMgr] 波次注册 orderCode=WAVE_STRESS_0064 qty=10 SKU=10
2026-07-26 10:33:59.133 [0x0000a348] WARN  WCS - <241>	<WaveManager::setState>,[WaveMgr] 状态转换拒绝 2 -> 1
2026-07-26 10:33:59.133 [0x0000a348] INFO  WCS - 	[WaveMgr] 接收inco集合 size=10
2026-07-26 10:33:59.135 [0x0000cf34] INFO  WCS - 	[Parse] orderCode=WAVE_STRESS_0065 items=10 SKU=10 qty=10 elapsed=0ms
2026-07-26 10:33:59.135 [0x0000a348] INFO  WCS - 	[WaveMgr] 覆盖旧波次 old=WAVE_STRESS_0064 status=2
2026-07-26 10:33:59.135 [0x0000a348] INFO  WCS - 	[WaveMgr] 波次已清理
2026-07-26 10:33:59.135 [0x0000a348] WARN  WCS - <241>	<WaveManager::setState>,[WaveMgr] 状态转换拒绝 2 -> 4
2026-07-26 10:33:59.135 [0x0000a348] INFO  WCS - 	[WaveMgr] 波次注册 orderCode=WAVE_STRESS_0065 qty=10 SKU=10
2026-07-26 10:33:59.135 [0x0000a348] WARN  WCS - <241>	<WaveManager::setState>,[WaveMgr] 状态转换拒绝 2 -> 1
2026-07-26 10:33:59.135 [0x0000a348] INFO  WCS - 	[WaveMgr] 接收inco集合 size=10
2026-07-26 10:33:59.137 [0x0000cf34] INFO  WCS - 	[Parse] orderCode=WAVE_STRESS_0066 items=10 SKU=10 qty=10 elapsed=0ms
2026-07-26 10:33:59.138 [0x0000a348] INFO  WCS - 	[WaveMgr] 覆盖旧波次 old=WAVE_STRESS_0065 status=2
2026-07-26 10:33:59.138 [0x0000a348] INFO  WCS - 	[WaveMgr] 波次已清理
2026-07-26 10:33:59.138 [0x0000a348] WARN  WCS - <241>	<WaveManager::setState>,[WaveMgr] 状态转换拒绝 2 -> 4
2026-07-26 10:33:59.138 [0x0000a348] INFO  WCS - 	[WaveMgr] 波次注册 orderCode=WAVE_STRESS_0066 qty=10 SKU=10
2026-07-26 10:33:59.138 [0x0000a348] WARN  WCS - <241>	<WaveManager::setState>,[WaveMgr] 状态转换拒绝 2 -> 1
2026-07-26 10:33:59.138 [0x0000a348] INFO  WCS - 	[WaveMgr] 接收inco集合 size=10
2026-07-26 10:33:59.139 [0x0000cf34] INFO  WCS - 	[Parse] orderCode=WAVE_STRESS_0067 items=10 SKU=10 qty=10 elapsed=0ms
2026-07-26 10:33:59.139 [0x0000a348] INFO  WCS - 	[WaveMgr] 覆盖旧波次 old=WAVE_STRESS_0066 status=2
2026-07-26 10:33:59.139 [0x0000a348] INFO  WCS - 	[WaveMgr] 波次已清理
2026-07-26 10:33:59.139 [0x0000a348] WARN  WCS - <241>	<WaveManager::setState>,[WaveMgr] 状态转换拒绝 2 -> 4
2026-07-26 10:33:59.139 [0x0000a348] INFO  WCS - 	[WaveMgr] 波次注册 orderCode=WAVE_STRESS_0067 qty=10 SKU=10
2026-07-26 10:33:59.139 [0x0000a348] WARN  WCS - <241>	<WaveManager::setState>,[WaveMgr] 状态转换拒绝 2 -> 1
2026-07-26 10:33:59.139 [0x0000a348] INFO  WCS - 	[WaveMgr] 接收inco集合 size=10
2026-07-26 10:33:59.158 [0x0000cf34] INFO  WCS - 	[Parse] orderCode=WAVE_STRESS_0068 items=10 SKU=10 qty=10 elapsed=0ms
2026-07-26 10:33:59.174 [0x0000cf34] INFO  WCS - 	[Parse] orderCode=WAVE_STRESS_0069 items=10 SKU=10 qty=10 elapsed=0ms
2026-07-26 10:33:59.176 [0x0000cf34] INFO  WCS - 	[Parse] orderCode=WAVE_STRESS_0070 items=10 SKU=10 qty=10 elapsed=0ms
2026-07-26 10:33:59.179 [0x0000cf34] INFO  WCS - 	[Parse] orderCode=WAVE_STRESS_0071 items=10 SKU=10 qty=10 elapsed=0ms
2026-07-26 10:33:59.180 [0x0000cf34] INFO  WCS - 	[Parse] orderCode=WAVE_STRESS_0072 items=10 SKU=10 qty=10 elapsed=0ms
2026-07-26 10:33:59.182 [0x0000a348] INFO  WCS - 	[WaveMgr] 覆盖旧波次 old=WAVE_STRESS_0067 status=2
2026-07-26 10:33:59.182 [0x0000a348] INFO  WCS - 	[WaveMgr] 波次已清理
2026-07-26 10:33:59.182 [0x0000a348] WARN  WCS - <241>	<WaveManager::setState>,[WaveMgr] 状态转换拒绝 2 -> 4
2026-07-26 10:33:59.182 [0x0000a348] INFO  WCS - 	[WaveMgr] 波次注册 orderCode=WAVE_STRESS_0068 qty=10 SKU=10
2026-07-26 10:33:59.182 [0x0000a348] WARN  WCS - <241>	<WaveManager::setState>,[WaveMgr] 状态转换拒绝 2 -> 1
2026-07-26 10:33:59.182 [0x0000a348] INFO  WCS - 	[WaveMgr] 接收inco集合 size=10
2026-07-26 10:33:59.183 [0x0000cf34] INFO  WCS - 	[Parse] orderCode=WAVE_STRESS_0073 items=10 SKU=10 qty=10 elapsed=0ms
2026-07-26 10:33:59.184 [0x0000a348] INFO  WCS - 	[WaveMgr] 覆盖旧波次 old=WAVE_STRESS_0068 status=2
2026-07-26 10:33:59.184 [0x0000a348] INFO  WCS - 	[WaveMgr] 波次已清理
2026-07-26 10:33:59.184 [0x0000a348] WARN  WCS - <241>	<WaveManager::setState>,[WaveMgr] 状态转换拒绝 2 -> 4
2026-07-26 10:33:59.184 [0x0000a348] INFO  WCS - 	[WaveMgr] 波次注册 orderCode=WAVE_STRESS_0069 qty=10 SKU=10
2026-07-26 10:33:59.184 [0x0000a348] WARN  WCS - <241>	<WaveManager::setState>,[WaveMgr] 状态转换拒绝 2 -> 1
2026-07-26 10:33:59.184 [0x0000a348] INFO  WCS - 	[WaveMgr] 接收inco集合 size=10
2026-07-26 10:33:59.185 [0x0000a348] INFO  WCS - 	[WaveMgr] 覆盖旧波次 old=WAVE_STRESS_0069 status=2
2026-07-26 10:33:59.185 [0x0000a348] INFO  WCS - 	[WaveMgr] 波次已清理
2026-07-26 10:33:59.185 [0x0000a348] WARN  WCS - <241>	<WaveManager::setState>,[WaveMgr] 状态转换拒绝 2 -> 4
2026-07-26 10:33:59.185 [0x0000a348] INFO  WCS - 	[WaveMgr] 波次注册 orderCode=WAVE_STRESS_0070 qty=10 SKU=10
2026-07-26 10:33:59.185 [0x0000a348] WARN  WCS - <241>	<WaveManager::setState>,[WaveMgr] 状态转换拒绝 2 -> 1
2026-07-26 10:33:59.185 [0x0000a348] INFO  WCS - 	[WaveMgr] 接收inco集合 size=10
2026-07-26 10:33:59.185 [0x0000a348] INFO  WCS - 	[WaveMgr] 覆盖旧波次 old=WAVE_STRESS_0070 status=2
2026-07-26 10:33:59.185 [0x0000a348] INFO  WCS - 	[WaveMgr] 波次已清理
2026-07-26 10:33:59.185 [0x0000a348] WARN  WCS - <241>	<WaveManager::setState>,[WaveMgr] 状态转换拒绝 2 -> 4
2026-07-26 10:33:59.185 [0x0000a348] INFO  WCS - 	[WaveMgr] 波次注册 orderCode=WAVE_STRESS_0071 qty=10 SKU=10
2026-07-26 10:33:59.185 [0x0000a348] WARN  WCS - <241>	<WaveManager::setState>,[WaveMgr] 状态转换拒绝 2 -> 1
2026-07-26 10:33:59.185 [0x0000a348] INFO  WCS - 	[WaveMgr] 接收inco集合 size=10
2026-07-26 10:33:59.185 [0x0000a348] INFO  WCS - 	[WaveMgr] 覆盖旧波次 old=WAVE_STRESS_0071 status=2
2026-07-26 10:33:59.185 [0x0000a348] INFO  WCS - 	[WaveMgr] 波次已清理
2026-07-26 10:33:59.185 [0x0000a348] WARN  WCS - <241>	<WaveManager::setState>,[WaveMgr] 状态转换拒绝 2 -> 4
2026-07-26 10:33:59.186 [0x0000a348] INFO  WCS - 	[WaveMgr] 波次注册 orderCode=WAVE_STRESS_0072 qty=10 SKU=10
2026-07-26 10:33:59.186 [0x0000a348] WARN  WCS - <241>	<WaveManager::setState>,[WaveMgr] 状态转换拒绝 2 -> 1
2026-07-26 10:33:59.186 [0x0000a348] INFO  WCS - 	[WaveMgr] 接收inco集合 size=10
2026-07-26 10:33:59.186 [0x0000cf34] INFO  WCS - 	[Parse] orderCode=WAVE_STRESS_0074 items=10 SKU=10 qty=10 elapsed=0ms
2026-07-26 10:33:59.186 [0x0000a348] INFO  WCS - 	[WaveMgr] 覆盖旧波次 old=WAVE_STRESS_0072 status=2
2026-07-26 10:33:59.186 [0x0000a348] INFO  WCS - 	[WaveMgr] 波次已清理
2026-07-26 10:33:59.186 [0x0000a348] WARN  WCS - <241>	<WaveManager::setState>,[WaveMgr] 状态转换拒绝 2 -> 4
2026-07-26 10:33:59.186 [0x0000a348] INFO  WCS - 	[WaveMgr] 波次注册 orderCode=WAVE_STRESS_0073 qty=10 SKU=10
2026-07-26 10:33:59.186 [0x0000a348] WARN  WCS - <241>	<WaveManager::setState>,[WaveMgr] 状态转换拒绝 2 -> 1
2026-07-26 10:33:59.186 [0x0000a348] INFO  WCS - 	[WaveMgr] 接收inco集合 size=10
2026-07-26 10:33:59.186 [0x0000a348] INFO  WCS - 	[WaveMgr] 覆盖旧波次 old=WAVE_STRESS_0073 status=2
2026-07-26 10:33:59.186 [0x0000a348] INFO  WCS - 	[WaveMgr] 波次已清理
2026-07-26 10:33:59.186 [0x0000a348] WARN  WCS - <241>	<WaveManager::setState>,[WaveMgr] 状态转换拒绝 2 -> 4
2026-07-26 10:33:59.186 [0x0000a348] INFO  WCS - 	[WaveMgr] 波次注册 orderCode=WAVE_STRESS_0074 qty=10 SKU=10
2026-07-26 10:33:59.186 [0x0000a348] WARN  WCS - <241>	<WaveManager::setState>,[WaveMgr] 状态转换拒绝 2 -> 1
2026-07-26 10:33:59.187 [0x0000a348] INFO  WCS - 	[WaveMgr] 接收inco集合 size=10
2026-07-26 10:33:59.204 [0x0000cf34] INFO  WCS - 	[Parse] orderCode=WAVE_STRESS_0075 items=10 SKU=10 qty=10 elapsed=0ms
2026-07-26 10:33:59.204 [0x0000a348] INFO  WCS - 	[WaveMgr] 覆盖旧波次 old=WAVE_STRESS_0074 status=2
2026-07-26 10:33:59.204 [0x0000a348] INFO  WCS - 	[WaveMgr] 波次已清理
2026-07-26 10:33:59.205 [0x0000a348] WARN  WCS - <241>	<WaveManager::setState>,[WaveMgr] 状态转换拒绝 2 -> 4
2026-07-26 10:33:59.205 [0x0000a348] INFO  WCS - 	[WaveMgr] 波次注册 orderCode=WAVE_STRESS_0075 qty=10 SKU=10
2026-07-26 10:33:59.205 [0x0000a348] WARN  WCS - <241>	<WaveManager::setState>,[WaveMgr] 状态转换拒绝 2 -> 1
2026-07-26 10:33:59.205 [0x0000a348] INFO  WCS - 	[WaveMgr] 接收inco集合 size=10
2026-07-26 10:33:59.220 [0x0000cf34] INFO  WCS - 	[Parse] orderCode=WAVE_STRESS_0076 items=10 SKU=10 qty=10 elapsed=0ms
2026-07-26 10:33:59.220 [0x0000a348] INFO  WCS - 	[WaveMgr] 覆盖旧波次 old=WAVE_STRESS_0075 status=2
2026-07-26 10:33:59.220 [0x0000a348] INFO  WCS - 	[WaveMgr] 波次已清理
2026-07-26 10:33:59.220 [0x0000a348] WARN  WCS - <241>	<WaveManager::setState>,[WaveMgr] 状态转换拒绝 2 -> 4
2026-07-26 10:33:59.220 [0x0000a348] INFO  WCS - 	[WaveMgr] 波次注册 orderCode=WAVE_STRESS_0076 qty=10 SKU=10
2026-07-26 10:33:59.220 [0x0000a348] WARN  WCS - <241>	<WaveManager::setState>,[WaveMgr] 状态转换拒绝 2 -> 1
2026-07-26 10:33:59.220 [0x0000a348] INFO  WCS - 	[WaveMgr] 接收inco集合 size=10
2026-07-26 10:33:59.222 [0x0000cf34] INFO  WCS - 	[Parse] orderCode=WAVE_STRESS_0077 items=10 SKU=10 qty=10 elapsed=0ms
2026-07-26 10:33:59.222 [0x0000a348] INFO  WCS - 	[WaveMgr] 覆盖旧波次 old=WAVE_STRESS_0076 status=2
2026-07-26 10:33:59.222 [0x0000a348] INFO  WCS - 	[WaveMgr] 波次已清理
2026-07-26 10:33:59.222 [0x0000a348] WARN  WCS - <241>	<WaveManager::setState>,[WaveMgr] 状态转换拒绝 2 -> 4
2026-07-26 10:33:59.222 [0x0000a348] INFO  WCS - 	[WaveMgr] 波次注册 orderCode=WAVE_STRESS_0077 qty=10 SKU=10
2026-07-26 10:33:59.222 [0x0000a348] WARN  WCS - <241>	<WaveManager::setState>,[WaveMgr] 状态转换拒绝 2 -> 1
2026-07-26 10:33:59.222 [0x0000a348] INFO  WCS - 	[WaveMgr] 接收inco集合 size=10
2026-07-26 10:33:59.236 [0x0000cf34] INFO  WCS - 	[Parse] orderCode=WAVE_STRESS_0078 items=10 SKU=10 qty=10 elapsed=0ms
2026-07-26 10:33:59.236 [0x0000a348] INFO  WCS - 	[WaveMgr] 覆盖旧波次 old=WAVE_STRESS_0077 status=2
2026-07-26 10:33:59.236 [0x0000a348] INFO  WCS - 	[WaveMgr] 波次已清理
2026-07-26 10:33:59.236 [0x0000a348] WARN  WCS - <241>	<WaveManager::setState>,[WaveMgr] 状态转换拒绝 2 -> 4
2026-07-26 10:33:59.236 [0x0000a348] INFO  WCS - 	[WaveMgr] 波次注册 orderCode=WAVE_STRESS_0078 qty=10 SKU=10
2026-07-26 10:33:59.236 [0x0000a348] WARN  WCS - <241>	<WaveManager::setState>,[WaveMgr] 状态转换拒绝 2 -> 1
2026-07-26 10:33:59.236 [0x0000a348] INFO  WCS - 	[WaveMgr] 接收inco集合 size=10
2026-07-26 10:33:59.251 [0x0000cf34] INFO  WCS - 	[Parse] orderCode=WAVE_STRESS_0079 items=10 SKU=10 qty=10 elapsed=0ms
2026-07-26 10:33:59.251 [0x0000a348] INFO  WCS - 	[WaveMgr] 覆盖旧波次 old=WAVE_STRESS_0078 status=2
2026-07-26 10:33:59.251 [0x0000a348] INFO  WCS - 	[WaveMgr] 波次已清理
2026-07-26 10:33:59.251 [0x0000a348] WARN  WCS - <241>	<WaveManager::setState>,[WaveMgr] 状态转换拒绝 2 -> 4
2026-07-26 10:33:59.251 [0x0000a348] INFO  WCS - 	[WaveMgr] 波次注册 orderCode=WAVE_STRESS_0079 qty=10 SKU=10
2026-07-26 10:33:59.251 [0x0000a348] WARN  WCS - <241>	<WaveManager::setState>,[WaveMgr] 状态转换拒绝 2 -> 1
2026-07-26 10:33:59.251 [0x0000a348] INFO  WCS - 	[WaveMgr] 接收inco集合 size=10
2026-07-26 10:33:59.254 [0x0000cf34] INFO  WCS - 	[Parse] orderCode=WAVE_STRESS_0080 items=10 SKU=10 qty=10 elapsed=0ms
2026-07-26 10:33:59.254 [0x0000a348] INFO  WCS - 	[WaveMgr] 覆盖旧波次 old=WAVE_STRESS_0079 status=2
2026-07-26 10:33:59.254 [0x0000a348] INFO  WCS - 	[WaveMgr] 波次已清理
2026-07-26 10:33:59.254 [0x0000a348] WARN  WCS - <241>	<WaveManager::setState>,[WaveMgr] 状态转换拒绝 2 -> 4
2026-07-26 10:33:59.254 [0x0000a348] INFO  WCS - 	[WaveMgr] 波次注册 orderCode=WAVE_STRESS_0080 qty=10 SKU=10
2026-07-26 10:33:59.254 [0x0000a348] WARN  WCS - <241>	<WaveManager::setState>,[WaveMgr] 状态转换拒绝 2 -> 1
2026-07-26 10:33:59.254 [0x0000a348] INFO  WCS - 	[WaveMgr] 接收inco集合 size=10
2026-07-26 10:33:59.257 [0x0000cf34] INFO  WCS - 	[Parse] orderCode=WAVE_STRESS_0081 items=10 SKU=10 qty=10 elapsed=0ms
2026-07-26 10:33:59.257 [0x0000a348] INFO  WCS - 	[WaveMgr] 覆盖旧波次 old=WAVE_STRESS_0080 status=2
2026-07-26 10:33:59.257 [0x0000a348] INFO  WCS - 	[WaveMgr] 波次已清理
2026-07-26 10:33:59.257 [0x0000a348] WARN  WCS - <241>	<WaveManager::setState>,[WaveMgr] 状态转换拒绝 2 -> 4
2026-07-26 10:33:59.257 [0x0000a348] INFO  WCS - 	[WaveMgr] 波次注册 orderCode=WAVE_STRESS_0081 qty=10 SKU=10
2026-07-26 10:33:59.257 [0x0000a348] WARN  WCS - <241>	<WaveManager::setState>,[WaveMgr] 状态转换拒绝 2 -> 1
2026-07-26 10:33:59.257 [0x0000a348] INFO  WCS - 	[WaveMgr] 接收inco集合 size=10
2026-07-26 10:33:59.258 [0x0000cf34] INFO  WCS - 	[Parse] orderCode=WAVE_STRESS_0082 items=10 SKU=10 qty=10 elapsed=0ms
2026-07-26 10:33:59.258 [0x0000a348] INFO  WCS - 	[WaveMgr] 覆盖旧波次 old=WAVE_STRESS_0081 status=2
2026-07-26 10:33:59.258 [0x0000a348] INFO  WCS - 	[WaveMgr] 波次已清理
2026-07-26 10:33:59.258 [0x0000a348] WARN  WCS - <241>	<WaveManager::setState>,[WaveMgr] 状态转换拒绝 2 -> 4
2026-07-26 10:33:59.258 [0x0000a348] INFO  WCS - 	[WaveMgr] 波次注册 orderCode=WAVE_STRESS_0082 qty=10 SKU=10
2026-07-26 10:33:59.260 [0x0000a348] WARN  WCS - <241>	<WaveManager::setState>,[WaveMgr] 状态转换拒绝 2 -> 1
2026-07-26 10:33:59.260 [0x0000a348] INFO  WCS - 	[WaveMgr] 接收inco集合 size=10
2026-07-26 10:33:59.261 [0x0000cf34] INFO  WCS - 	[Parse] orderCode=WAVE_STRESS_0083 items=10 SKU=10 qty=10 elapsed=0ms
2026-07-26 10:33:59.261 [0x0000a348] INFO  WCS - 	[WaveMgr] 覆盖旧波次 old=WAVE_STRESS_0082 status=2
2026-07-26 10:33:59.261 [0x0000a348] INFO  WCS - 	[WaveMgr] 波次已清理
2026-07-26 10:33:59.261 [0x0000a348] WARN  WCS - <241>	<WaveManager::setState>,[WaveMgr] 状态转换拒绝 2 -> 4
2026-07-26 10:33:59.261 [0x0000a348] INFO  WCS - 	[WaveMgr] 波次注册 orderCode=WAVE_STRESS_0083 qty=10 SKU=10
2026-07-26 10:33:59.261 [0x0000a348] WARN  WCS - <241>	<WaveManager::setState>,[WaveMgr] 状态转换拒绝 2 -> 1
2026-07-26 10:33:59.261 [0x0000a348] INFO  WCS - 	[WaveMgr] 接收inco集合 size=10
2026-07-26 10:33:59.265 [0x0000cf34] INFO  WCS - 	[Parse] orderCode=WAVE_STRESS_0084 items=10 SKU=10 qty=10 elapsed=0ms
2026-07-26 10:33:59.268 [0x0000cf34] INFO  WCS - 	[Parse] orderCode=WAVE_STRESS_0085 items=10 SKU=10 qty=10 elapsed=0ms
2026-07-26 10:33:59.271 [0x0000cf34] INFO  WCS - 	[Parse] orderCode=WAVE_STRESS_0086 items=10 SKU=10 qty=10 elapsed=0ms
2026-07-26 10:33:59.291 [0x0000a348] INFO  WCS - 	[WaveMgr] 覆盖旧波次 old=WAVE_STRESS_0083 status=2
2026-07-26 10:33:59.291 [0x0000a348] INFO  WCS - 	[WaveMgr] 波次已清理
2026-07-26 10:33:59.291 [0x0000a348] WARN  WCS - <241>	<WaveManager::setState>,[WaveMgr] 状态转换拒绝 2 -> 4
2026-07-26 10:33:59.291 [0x0000a348] INFO  WCS - 	[WaveMgr] 波次注册 orderCode=WAVE_STRESS_0084 qty=10 SKU=10
2026-07-26 10:33:59.291 [0x0000a348] WARN  WCS - <241>	<WaveManager::setState>,[WaveMgr] 状态转换拒绝 2 -> 1
2026-07-26 10:33:59.291 [0x0000a348] INFO  WCS - 	[WaveMgr] 接收inco集合 size=10
2026-07-26 10:33:59.292 [0x0000a348] INFO  WCS - 	[WaveMgr] 覆盖旧波次 old=WAVE_STRESS_0084 status=2
2026-07-26 10:33:59.292 [0x0000a348] INFO  WCS - 	[WaveMgr] 波次已清理
2026-07-26 10:33:59.292 [0x0000a348] WARN  WCS - <241>	<WaveManager::setState>,[WaveMgr] 状态转换拒绝 2 -> 4
2026-07-26 10:33:59.292 [0x0000a348] INFO  WCS - 	[WaveMgr] 波次注册 orderCode=WAVE_STRESS_0085 qty=10 SKU=10
2026-07-26 10:33:59.292 [0x0000a348] WARN  WCS - <241>	<WaveManager::setState>,[WaveMgr] 状态转换拒绝 2 -> 1
2026-07-26 10:33:59.292 [0x0000a348] INFO  WCS - 	[WaveMgr] 接收inco集合 size=10
2026-07-26 10:33:59.292 [0x0000a348] INFO  WCS - 	[WaveMgr] 覆盖旧波次 old=WAVE_STRESS_0085 status=2
2026-07-26 10:33:59.292 [0x0000a348] INFO  WCS - 	[WaveMgr] 波次已清理
2026-07-26 10:33:59.292 [0x0000a348] WARN  WCS - <241>	<WaveManager::setState>,[WaveMgr] 状态转换拒绝 2 -> 4
2026-07-26 10:33:59.292 [0x0000a348] INFO  WCS - 	[WaveMgr] 波次注册 orderCode=WAVE_STRESS_0086 qty=10 SKU=10
2026-07-26 10:33:59.292 [0x0000a348] WARN  WCS - <241>	<WaveManager::setState>,[WaveMgr] 状态转换拒绝 2 -> 1
2026-07-26 10:33:59.292 [0x0000a348] INFO  WCS - 	[WaveMgr] 接收inco集合 size=10
2026-07-26 10:33:59.297 [0x0000cf34] INFO  WCS - 	[Parse] orderCode=WAVE_STRESS_0087 items=10 SKU=10 qty=10 elapsed=0ms
2026-07-26 10:33:59.297 [0x0000a348] INFO  WCS - 	[WaveMgr] 覆盖旧波次 old=WAVE_STRESS_0086 status=2
2026-07-26 10:33:59.297 [0x0000a348] INFO  WCS - 	[WaveMgr] 波次已清理
2026-07-26 10:33:59.297 [0x0000a348] WARN  WCS - <241>	<WaveManager::setState>,[WaveMgr] 状态转换拒绝 2 -> 4
2026-07-26 10:33:59.298 [0x0000a348] INFO  WCS - 	[WaveMgr] 波次注册 orderCode=WAVE_STRESS_0087 qty=10 SKU=10
2026-07-26 10:33:59.298 [0x0000a348] WARN  WCS - <241>	<WaveManager::setState>,[WaveMgr] 状态转换拒绝 2 -> 1
2026-07-26 10:33:59.298 [0x0000a348] INFO  WCS - 	[WaveMgr] 接收inco集合 size=10
2026-07-26 10:33:59.300 [0x0000cf34] INFO  WCS - 	[Parse] orderCode=WAVE_STRESS_0088 items=10 SKU=10 qty=10 elapsed=0ms
2026-07-26 10:33:59.300 [0x0000a348] INFO  WCS - 	[WaveMgr] 覆盖旧波次 old=WAVE_STRESS_0087 status=2
2026-07-26 10:33:59.300 [0x0000a348] INFO  WCS - 	[WaveMgr] 波次已清理
2026-07-26 10:33:59.300 [0x0000a348] WARN  WCS - <241>	<WaveManager::setState>,[WaveMgr] 状态转换拒绝 2 -> 4
2026-07-26 10:33:59.300 [0x0000a348] INFO  WCS - 	[WaveMgr] 波次注册 orderCode=WAVE_STRESS_0088 qty=10 SKU=10
2026-07-26 10:33:59.300 [0x0000a348] WARN  WCS - <241>	<WaveManager::setState>,[WaveMgr] 状态转换拒绝 2 -> 1
2026-07-26 10:33:59.300 [0x0000a348] INFO  WCS - 	[WaveMgr] 接收inco集合 size=10
2026-07-26 10:33:59.302 [0x0000cf34] INFO  WCS - 	[Parse] orderCode=WAVE_STRESS_0089 items=10 SKU=10 qty=10 elapsed=0ms
2026-07-26 10:33:59.302 [0x0000a348] INFO  WCS - 	[WaveMgr] 覆盖旧波次 old=WAVE_STRESS_0088 status=2
2026-07-26 10:33:59.303 [0x0000a348] INFO  WCS - 	[WaveMgr] 波次已清理
2026-07-26 10:33:59.303 [0x0000a348] WARN  WCS - <241>	<WaveManager::setState>,[WaveMgr] 状态转换拒绝 2 -> 4
2026-07-26 10:33:59.303 [0x0000a348] INFO  WCS - 	[WaveMgr] 波次注册 orderCode=WAVE_STRESS_0089 qty=10 SKU=10
2026-07-26 10:33:59.303 [0x0000a348] WARN  WCS - <241>	<WaveManager::setState>,[WaveMgr] 状态转换拒绝 2 -> 1
2026-07-26 10:33:59.303 [0x0000a348] INFO  WCS - 	[WaveMgr] 接收inco集合 size=10
2026-07-26 10:33:59.305 [0x0000cf34] INFO  WCS - 	[Parse] orderCode=WAVE_STRESS_0090 items=10 SKU=10 qty=10 elapsed=0ms
2026-07-26 10:33:59.305 [0x0000a348] INFO  WCS - 	[WaveMgr] 覆盖旧波次 old=WAVE_STRESS_0089 status=2
2026-07-26 10:33:59.305 [0x0000a348] INFO  WCS - 	[WaveMgr] 波次已清理
2026-07-26 10:33:59.305 [0x0000a348] WARN  WCS - <241>	<WaveManager::setState>,[WaveMgr] 状态转换拒绝 2 -> 4
2026-07-26 10:33:59.305 [0x0000a348] INFO  WCS - 	[WaveMgr] 波次注册 orderCode=WAVE_STRESS_0090 qty=10 SKU=10
2026-07-26 10:33:59.305 [0x0000a348] WARN  WCS - <241>	<WaveManager::setState>,[WaveMgr] 状态转换拒绝 2 -> 1
2026-07-26 10:33:59.305 [0x0000a348] INFO  WCS - 	[WaveMgr] 接收inco集合 size=10
2026-07-26 10:33:59.307 [0x0000cf34] INFO  WCS - 	[Parse] orderCode=WAVE_STRESS_0091 items=10 SKU=10 qty=10 elapsed=0ms
2026-07-26 10:33:59.307 [0x0000a348] INFO  WCS - 	[WaveMgr] 覆盖旧波次 old=WAVE_STRESS_0090 status=2
2026-07-26 10:33:59.307 [0x0000a348] INFO  WCS - 	[WaveMgr] 波次已清理
2026-07-26 10:33:59.307 [0x0000a348] WARN  WCS - <241>	<WaveManager::setState>,[WaveMgr] 状态转换拒绝 2 -> 4
2026-07-26 10:33:59.307 [0x0000a348] INFO  WCS - 	[WaveMgr] 波次注册 orderCode=WAVE_STRESS_0091 qty=10 SKU=10
2026-07-26 10:33:59.307 [0x0000a348] WARN  WCS - <241>	<WaveManager::setState>,[WaveMgr] 状态转换拒绝 2 -> 1
2026-07-26 10:33:59.307 [0x0000a348] INFO  WCS - 	[WaveMgr] 接收inco集合 size=10
2026-07-26 10:33:59.327 [0x0000cf34] INFO  WCS - 	[Parse] orderCode=WAVE_STRESS_0092 items=10 SKU=10 qty=10 elapsed=0ms
2026-07-26 10:33:59.327 [0x0000a348] INFO  WCS - 	[WaveMgr] 覆盖旧波次 old=WAVE_STRESS_0091 status=2
2026-07-26 10:33:59.327 [0x0000a348] INFO  WCS - 	[WaveMgr] 波次已清理
2026-07-26 10:33:59.327 [0x0000a348] WARN  WCS - <241>	<WaveManager::setState>,[WaveMgr] 状态转换拒绝 2 -> 4
2026-07-26 10:33:59.327 [0x0000a348] INFO  WCS - 	[WaveMgr] 波次注册 orderCode=WAVE_STRESS_0092 qty=10 SKU=10
2026-07-26 10:33:59.327 [0x0000a348] WARN  WCS - <241>	<WaveManager::setState>,[WaveMgr] 状态转换拒绝 2 -> 1
2026-07-26 10:33:59.327 [0x0000a348] INFO  WCS - 	[WaveMgr] 接收inco集合 size=10
2026-07-26 10:33:59.342 [0x0000cf34] INFO  WCS - 	[Parse] orderCode=WAVE_STRESS_0093 items=10 SKU=10 qty=10 elapsed=0ms
2026-07-26 10:33:59.342 [0x0000a348] INFO  WCS - 	[WaveMgr] 覆盖旧波次 old=WAVE_STRESS_0092 status=2
2026-07-26 10:33:59.342 [0x0000a348] INFO  WCS - 	[WaveMgr] 波次已清理
2026-07-26 10:33:59.342 [0x0000a348] WARN  WCS - <241>	<WaveManager::setState>,[WaveMgr] 状态转换拒绝 2 -> 4
2026-07-26 10:33:59.342 [0x0000a348] INFO  WCS - 	[WaveMgr] 波次注册 orderCode=WAVE_STRESS_0093 qty=10 SKU=10
2026-07-26 10:33:59.342 [0x0000a348] WARN  WCS - <241>	<WaveManager::setState>,[WaveMgr] 状态转换拒绝 2 -> 1
2026-07-26 10:33:59.343 [0x0000a348] INFO  WCS - 	[WaveMgr] 接收inco集合 size=10
2026-07-26 10:33:59.345 [0x0000cf34] INFO  WCS - 	[Parse] orderCode=WAVE_STRESS_0094 items=10 SKU=10 qty=10 elapsed=0ms
2026-07-26 10:33:59.345 [0x0000a348] INFO  WCS - 	[WaveMgr] 覆盖旧波次 old=WAVE_STRESS_0093 status=2
2026-07-26 10:33:59.345 [0x0000a348] INFO  WCS - 	[WaveMgr] 波次已清理
2026-07-26 10:33:59.345 [0x0000a348] WARN  WCS - <241>	<WaveManager::setState>,[WaveMgr] 状态转换拒绝 2 -> 4
2026-07-26 10:33:59.345 [0x0000a348] INFO  WCS - 	[WaveMgr] 波次注册 orderCode=WAVE_STRESS_0094 qty=10 SKU=10
2026-07-26 10:33:59.345 [0x0000a348] WARN  WCS - <241>	<WaveManager::setState>,[WaveMgr] 状态转换拒绝 2 -> 1
2026-07-26 10:33:59.345 [0x0000a348] INFO  WCS - 	[WaveMgr] 接收inco集合 size=10
2026-07-26 10:33:59.348 [0x0000cf34] INFO  WCS - 	[Parse] orderCode=WAVE_STRESS_0095 items=10 SKU=10 qty=10 elapsed=0ms
2026-07-26 10:33:59.348 [0x0000a348] INFO  WCS - 	[WaveMgr] 覆盖旧波次 old=WAVE_STRESS_0094 status=2
2026-07-26 10:33:59.348 [0x0000a348] INFO  WCS - 	[WaveMgr] 波次已清理
2026-07-26 10:33:59.348 [0x0000a348] WARN  WCS - <241>	<WaveManager::setState>,[WaveMgr] 状态转换拒绝 2 -> 4
2026-07-26 10:33:59.348 [0x0000a348] INFO  WCS - 	[WaveMgr] 波次注册 orderCode=WAVE_STRESS_0095 qty=10 SKU=10
2026-07-26 10:33:59.348 [0x0000a348] WARN  WCS - <241>	<WaveManager::setState>,[WaveMgr] 状态转换拒绝 2 -> 1
2026-07-26 10:33:59.348 [0x0000a348] INFO  WCS - 	[WaveMgr] 接收inco集合 size=10
2026-07-26 10:33:59.350 [0x0000cf34] INFO  WCS - 	[Parse] orderCode=WAVE_STRESS_0096 items=10 SKU=10 qty=10 elapsed=0ms
2026-07-26 10:33:59.350 [0x0000a348] INFO  WCS - 	[WaveMgr] 覆盖旧波次 old=WAVE_STRESS_0095 status=2
2026-07-26 10:33:59.350 [0x0000a348] INFO  WCS - 	[WaveMgr] 波次已清理
2026-07-26 10:33:59.350 [0x0000a348] WARN  WCS - <241>	<WaveManager::setState>,[WaveMgr] 状态转换拒绝 2 -> 4
2026-07-26 10:33:59.350 [0x0000a348] INFO  WCS - 	[WaveMgr] 波次注册 orderCode=WAVE_STRESS_0096 qty=10 SKU=10
2026-07-26 10:33:59.350 [0x0000a348] WARN  WCS - <241>	<WaveManager::setState>,[WaveMgr] 状态转换拒绝 2 -> 1
2026-07-26 10:33:59.350 [0x0000a348] INFO  WCS - 	[WaveMgr] 接收inco集合 size=10
2026-07-26 10:33:59.352 [0x0000cf34] INFO  WCS - 	[Parse] orderCode=WAVE_STRESS_0097 items=10 SKU=10 qty=10 elapsed=0ms
2026-07-26 10:33:59.352 [0x0000a348] INFO  WCS - 	[WaveMgr] 覆盖旧波次 old=WAVE_STRESS_0096 status=2
2026-07-26 10:33:59.352 [0x0000a348] INFO  WCS - 	[WaveMgr] 波次已清理
2026-07-26 10:33:59.352 [0x0000a348] WARN  WCS - <241>	<WaveManager::setState>,[WaveMgr] 状态转换拒绝 2 -> 4
2026-07-26 10:33:59.352 [0x0000a348] INFO  WCS - 	[WaveMgr] 波次注册 orderCode=WAVE_STRESS_0097 qty=10 SKU=10
2026-07-26 10:33:59.352 [0x0000a348] WARN  WCS - <241>	<WaveManager::setState>,[WaveMgr] 状态转换拒绝 2 -> 1
2026-07-26 10:33:59.352 [0x0000a348] INFO  WCS - 	[WaveMgr] 接收inco集合 size=10
2026-07-26 10:33:59.373 [0x0000cf34] INFO  WCS - 	[Parse] orderCode=WAVE_STRESS_0098 items=10 SKU=10 qty=10 elapsed=0ms
2026-07-26 10:33:59.387 [0x0000cf34] INFO  WCS - 	[Parse] orderCode=WAVE_STRESS_0099 items=10 SKU=10 qty=10 elapsed=0ms
2026-07-26 10:33:59.400 [0x0000a348] INFO  WCS - 	[WaveMgr] 覆盖旧波次 old=WAVE_STRESS_0097 status=2
2026-07-26 10:33:59.400 [0x0000a348] INFO  WCS - 	[WaveMgr] 波次已清理
2026-07-26 10:33:59.400 [0x0000a348] WARN  WCS - <241>	<WaveManager::setState>,[WaveMgr] 状态转换拒绝 2 -> 4
2026-07-26 10:33:59.400 [0x0000a348] INFO  WCS - 	[WaveMgr] 波次注册 orderCode=WAVE_STRESS_0098 qty=10 SKU=10
2026-07-26 10:33:59.400 [0x0000a348] WARN  WCS - <241>	<WaveManager::setState>,[WaveMgr] 状态转换拒绝 2 -> 1
2026-07-26 10:33:59.400 [0x0000a348] INFO  WCS - 	[WaveMgr] 接收inco集合 size=10
2026-07-26 10:33:59.401 [0x0000a348] INFO  WCS - 	[WaveMgr] 覆盖旧波次 old=WAVE_STRESS_0098 status=2
2026-07-26 10:33:59.401 [0x0000a348] INFO  WCS - 	[WaveMgr] 波次已清理
2026-07-26 10:33:59.401 [0x0000a348] WARN  WCS - <241>	<WaveManager::setState>,[WaveMgr] 状态转换拒绝 2 -> 4
2026-07-26 10:33:59.401 [0x0000a348] INFO  WCS - 	[WaveMgr] 波次注册 orderCode=WAVE_STRESS_0099 qty=10 SKU=10
2026-07-26 10:33:59.401 [0x0000a348] WARN  WCS - <241>	<WaveManager::setState>,[WaveMgr] 状态转换拒绝 2 -> 1
2026-07-26 10:33:59.401 [0x0000a348] INFO  WCS - 	[WaveMgr] 接收inco集合 size=10
2026-07-26 10:33:59.401 [0x0000a348] INFO  WCS - 	[WaveMgr] 波次分拣开始 orderCode=WAVE_STRESS_0099
2026-07-26 10:33:59.401 [0x0000a348] WARN  WCS - <241>	<WaveManager::setState>,[WaveMgr] 状态转换拒绝 2 -> 2
2026-07-26 10:34:00.510 [0x0000a348] INFO  WCS - 	[WaveMgr] 波次完成 orderCode=WAVE_STRESS_0099 sorted=10 exception=0 total=10
2026-07-26 10:34:00.510 [0x0000a348] INFO  WCS - 	[WaveMgr] 状态转换 2 -> 3
2026-07-26 10:36:40.959 [0x0000a348] WARN  WCS - <241>	<WaveManager::setState>,[WaveMgr] 状态转换拒绝 3 -> 3
2026-07-26 10:43:26.861 [0x0000a348] WARN  WCS - <241>	<WaveManager::setState>,[WaveMgr] 状态转换拒绝 3 -> 3
