sku,grid,grid_type,plan_qty,landed_qty,in_plan,boxes,volu,sku_planned_grids
105025008210300,029,分类,2,1,Y,H-T0285,H-ZD,029
105025008600400,023,分类,1,1,Y,H-T0294,H-ZD,023
105025008808500,029,分类,1,1,Y,H-T0285,H-ZD,029
105025015413800,037,分类,2,2,Y,H-T0149,H-ZD,037
105025015601800,036,分类,6,1,Y,H-T0146,H-ZD,036
105025015800300,031,分类,9,7,Y,"H-T0156,H-T0283",H-ZD,031
105025020401100,025,分类,1,1,Y,H-T0484,H-ZD,025
105025023600400,036,分类,2,0,Y,,H-ZD,036
105101011110801,051,分类,1,0,Y,,H-ZD,051
105101011110802,030,分类,2,2,Y,H-T0289,H-ZD,030
105101011110803,051,分类,1,0,Y,,H-ZD,051
105101011110804,021,分类,4,4,Y,H-T0263,H-ZD,021
105101011110806,030,分类,1,1,Y,H-T0289,H-ZD,030
105101011601801,023,分类,1,1,Y,H-T0294,H-ZD,023
105101011601802,034,发货,1,1,Y,H-T0244,H-ZD,034
105101011601804,021,分类,5,5,Y,H-T0263,H-ZD,021
105101011804301,023,分类,1,1,Y,H-T0294,H-ZD,023
105101011804304,028,分类,1,1,Y,H-T0237,H-ZD,028
105101011804305,021,分类,1,0,Y,,H-ZD,021
105101023411302,051,分类,1,0,Y,,H-ZD,051
105101076305701,022,分类,1,1,Y,H-T0234,H-ZD,022
105101076305702,037,分类,1,0,Y,,H-ZD,037
105101076305703,021,分类,4,4,Y,H-T0263,H-ZD,021
105101076601801,023,分类,1,1,Y,H-T0294,H-ZD,023
105101076601803,023,分类,3,2,Y,H-T0294,H-ZD,023
105101076601805,027,分类,1,1,Y,H-T0231,H-ZD,027
105101076601806,027,分类,1,1,Y,H-T0231,H-ZD,027
105101076804303,022,分类,1,1,Y,H-T0234,H-ZD,022
105101076804304,029,分类,1,1,Y,H-T0285,H-ZD,029
105112021210805,035,分类,1,1,Y,H-T0064,H-ZD,035
105112021601802,022,分类,6,0,Y,,H-ZD,022
105112021601803,066,异常,1,0,Y,,H-ZD,066
105112021601804,066,异常,1,0,Y,,H-ZD,066
105151011110402,024,分类,1,1,Y,H-T0228,H-ZD,024
105151011804501,039,分类,1,0,Y,,H-ZD,039
105212020110401,023,分类,7,0,Y,,H-ZD,023
105212020110402,023,分类,10,10,Y,H-T0294,H-ZD,023
105212020110403,036,分类,3,0,Y,,H-ZD,036
105212020110405,027,分类,1,0,Y,,H-ZD,027
105212020410101,027,分类,7,0,Y,,H-ZD,027
105212020410102,030,分类,7,7,Y,H-T0289,H-ZD,030
105212020410103,021,分类,2,0,Y,,H-ZD,021
105212020411501,021,分类,7,7,Y,H-T0263,H-ZD,021
105212020411502,037,分类,2,0,Y,,H-ZD,037
105212020411503,024,分类,1,1,Y,H-T0228,H-ZD,024
105212020502201,039,分类,4,0,Y,,H-ZD,039
105212020502202,022,分类,4,1,Y,H-T0088,H-ZD,022
105212020502203,038,分类,2,2,Y,H-T0149,H-ZD,038
105212020601801,024,分类,5,5,Y,H-T0228,H-ZD,024
105212020601802,021,分类,8,8,Y,H-T0263,H-ZD,021
105212020703301,021,分类,4,0,Y,,H-ZD,021
105212020703302,027,分类,6,0,Y,,H-ZD,027
105212020703303,038,分类,5,5,Y,H-T0149,H-ZD,038
105301051102902,053,分类,1,1,Y,H-T0269,H-ZD,053
105301051102903,053,分类,2,2,Y,H-T0269,H-ZD,053
105301051102904,053,分类,2,0,Y,,H-ZD,053
105301051102905,053,分类,2,2,Y,H-T0269,H-ZD,053
105301051601803,052,分类,2,2,Y,H-T0261,H-ZD,052
105301051601804,052,分类,1,1,Y,H-T0071,H-ZD,052
105301051601805,052,分类,2,2,Y,H-T0071,H-ZD,052
105301051809501,038,分类,1,1,Y,H-T0149,H-ZD,038
105301051809503,053,分类,1,0,Y,,H-ZD,053
105301051809504,021,分类,1,1,Y,H-T0263,H-ZD,021
105301052505002,040,分类,1,0,Y,,H-ZD,040
105301052505006,021,分类,1,1,Y,H-T0263,H-ZD,021
105301052802504,054,分类,1,0,Y,,H-ZD,054
105301052802506,034,发货,1,1,Y,H-T0244,H-ZD,034
105301056111802,054,分类,1,0,Y,,H-ZD,054
105301056502006,017,分类,179,3,Y,H-T0253,H-ZD,017
105301056504807,023,分类,1,0,Y,,H-ZD,023
105301056601805,054,分类,1,1,Y,H-T0268,H-ZD,054
105301059310103,055,分类,1,1,Y,H-T0265,H-ZD,055
105301060205801,037,分类,1,0,Y,,H-ZD,037
105301060205802,039,分类,1,0,Y,,H-ZD,039
105301060205804,056,分类,1,1,Y,H-T0270,H-ZD,056
105301060205805,037,分类,2,2,Y,H-T0081,H-ZD,037
105301060310102,028,分类,1,1,Y,H-T0237,H-ZD,028
105301060601802,056,分类,1,0,Y,,H-ZD,056
105301060601803,021,分类,1,1,Y,H-T0300,H-ZD,021
105301068216201,020,分类,2,2,Y,H-T0479,H-ZD,020
105301068216202,023,分类,1,0,Y,,H-ZD,023
105301068216203,023,分类,1,0,Y,,H-ZD,023
105301068216205,030,分类,1,1,Y,H-T0289,H-ZD,030
105301068312501,020,分类,2,2,Y,H-T0479,H-ZD,020
105301068312502,022,分类,1,1,Y,H-T0234,H-ZD,022
105301068312503,029,分类,1,1,Y,H-T0285,H-ZD,029
105301068312505,029,分类,1,1,Y,H-T0285,H-ZD,029
105301068505101,020,分类,2,2,Y,H-T0229,H-ZD,020
105301068505102,023,分类,1,0,Y,,H-ZD,023
105301068505103,021,分类,2,2,Y,H-T0263,H-ZD,021
105301068809301,022,分类,1,1,Y,H-T0234,H-ZD,022
105301068809302,023,分类,1,0,Y,,H-ZD,023
105301082413705,051,分类,1,1,Y,H-T0300,H-ZD,051
105301083110501,052,分类,1,1,Y,H-T0261,H-ZD,052
105301083110504,025,分类,2,2,Y,H-T0484,H-ZD,025
105301083211503,052,分类,1,1,Y,H-T0261,H-ZD,052
105301083211504,052,分类,3,3,Y,H-T0261,H-ZD,052
105301083212801,040,分类,3,3,Y,"H-T0142,H-T0494",H-ZD,040
105301083212802,034,发货,1,1,Y,H-T0019,H-ZD,"034,040"
105301083212802,040,分类,9,9,Y,"H-T0142,H-T0274,H-T0494",H-ZD,"034,040"
105301083212803,040,分类,6,6,Y,"H-T0142,H-T0494",H-ZD,040
105301083212804,040,分类,4,4,Y,"H-T0142,H-T0494",H-ZD,040
105301083212805,040,分类,1,1,Y,H-T0142,H-ZD,040
105301083212806,040,分类,5,5,Y,"H-T0068,H-T0274,H-T0494",H-ZD,040
105301083301401,039,分类,1,1,Y,H-T0148,H-ZD,039
105301083301404,039,分类,1,1,Y,H-T0148,H-ZD,039
105301083317101,052,分类,2,2,Y,H-T0261,H-ZD,052
105301083317102,052,分类,1,1,Y,H-T0261,H-ZD,052
105301083317103,052,分类,3,3,Y,H-T0261,H-ZD,052
105301083317104,052,分类,1,1,Y,H-T0261,H-ZD,052
105301083317106,052,分类,1,1,Y,H-T0261,H-ZD,052
105301083504803,040,分类,1,1,Y,H-T0142,H-ZD,040
105301083504806,040,分类,1,1,Y,H-T0142,H-ZD,040
105301083601801,021,分类,1,1,Y,H-T0300,H-ZD,021
105301083601803,021,分类,1,1,Y,H-T0300,H-ZD,021
105301083601805,021,分类,1,1,Y,H-T0300,H-ZD,021
105301083706901,020,分类,5,5,Y,H-T0229,H-ZD,020
105301083706905,020,分类,1,1,Y,H-T0156,H-ZD,020
105301083706906,020,分类,1,1,Y,H-T0258,H-ZD,020
105301083809502,035,分类,1,1,Y,H-T0032,H-ZD,035
105301083809504,035,分类,1,1,Y,H-T0032,H-ZD,035
105301118110501,025,分类,1,1,Y,H-T0095,H-ZD,025
105301118110502,025,分类,2,2,Y,H-T0095,H-ZD,025
105301118110503,034,发货,1,1,Y,H-T0147,H-ZD,034
105301118110504,025,分类,2,2,Y,"H-T0095,H-T0484",H-ZD,025
105301118110506,025,分类,1,1,Y,H-T0484,H-ZD,025
105301119310401,024,分类,5,0,Y,,H-ZD,024
105301119310405,024,分类,4,0,Y,,H-ZD,024
105301119310406,024,分类,5,2,Y,H-T0497,H-ZD,024
105301119506601,038,分类,1,0,Y,,H-ZD,038
105301119506602,038,分类,12,12,Y,H-T0149,H-ZD,038
105301119506603,038,分类,10,0,Y,,H-ZD,038
105301119506604,038,分类,2,0,Y,,H-ZD,038
105301119506605,038,分类,1,1,Y,H-T0493,H-ZD,038
105301119506606,038,分类,1,0,Y,,H-ZD,038
105301119709401,020,分类,3,3,Y,H-T0229,H-ZD,020
105301119709402,021,分类,7,7,Y,H-T0263,H-ZD,021
105301119709404,021,分类,10,0,Y,,H-ZD,021
105301119709405,021,分类,6,0,Y,,H-ZD,021
105301119709406,021,分类,9,9,Y,H-T0263,H-ZD,021
105308019301401,028,分类,1,1,Y,H-T0237,H-ZD,028
105308019301402,037,分类,2,0,Y,,H-ZD,037
105308019301403,027,分类,7,0,Y,,H-ZD,027
105308019301404,029,分类,3,0,Y,,H-ZD,029
105308019301405,031,分类,2,2,Y,H-T0283,H-ZD,031
105308019301406,029,分类,4,1,Y,H-T0285,H-ZD,029
105308019601801,028,分类,1,1,Y,H-T0237,H-ZD,028
105308019601804,027,分类,5,5,Y,H-T0284,H-ZD,027
105308019707301,021,分类,2,2,Y,H-T0263,H-ZD,021
105308019707302,024,分类,6,6,Y,H-T0228,H-ZD,024
105308019707304,037,分类,2,0,Y,,H-ZD,037
105308019707305,029,分类,3,0,Y,,H-ZD,029
105308019718703,039,分类,1,1,Y,H-T0069,H-ZD,039
105315080800903,031,分类,3,3,Y,H-T0156,H-ZD,031
105315080800905,040,分类,5,5,Y,H-T0068,H-ZD,040
105315080800907,038,分类,1,1,Y,H-T0149,H-ZD,038
105316019810102,021,分类,1,1,Y,H-T0263,H-ZD,021
105316019810104,034,发货,1,1,Y,H-T0074,H-ZD,034
105316020601803,055,分类,1,1,Y,H-T0265,H-ZD,055
105316027210801,023,分类,2,2,Y,H-T0294,H-ZD,023
105316027601801,023,分类,2,2,Y,H-T0294,H-ZD,023
105316027809501,023,分类,3,3,Y,H-T0294,H-ZD,023
105316027809503,020,分类,7,7,Y,H-T0479,H-ZD,020
105316028304401,024,分类,1,0,Y,,H-ZD,024
105316028304404,037,分类,1,0,Y,,H-ZD,037
105316028304504,037,分类,1,0,Y,,H-ZD,037
105316028601804,037,分类,1,1,Y,H-T0081,H-ZD,037
105331004601803,066,异常,1,0,Y,,H-ZD,066
105401069210804,058,分类,1,0,Y,,H-ZD,058
105401069600403,058,分类,1,0,Y,,H-ZD,058
105401084213002,028,分类,1,1,Y,H-T0237,H-ZD,028
105401084213003,059,分类,1,0,Y,,H-ZD,059
105401084213006,029,分类,1,1,Y,H-T0285,H-ZD,029
105401084411602,023,分类,1,1,Y,H-T0294,H-ZD,023
105401084411603,023,分类,2,1,Y,H-T0294,H-ZD,023
105401084411604,059,分类,1,0,Y,,H-ZD,059
105401084601803,022,分类,2,2,Y,H-T0234,H-ZD,022
105401084606502,020,分类,3,0,Y,,H-ZD,020
105401084606503,021,分类,2,2,Y,H-T0226,H-ZD,021
105401084607602,023,分类,1,1,Y,H-T0294,H-ZD,023
105401084607603,059,分类,1,1,Y,H-T0277,H-ZD,059
105408020213204,060,分类,3,3,Y,H-T0261,H-ZD,060
105408020505002,060,分类,2,2,Y,H-T0261,H-ZD,060
105408020505003,060,分类,1,1,Y,H-T0276,H-ZD,060
105408020505005,060,分类,1,1,Y,H-T0261,H-ZD,060
105408020601801,060,分类,1,1,Y,H-T0261,H-ZD,060
105408020601802,020,分类,2,2,Y,H-T0479,H-ZD,020
105408020601806,040,分类,1,1,Y,H-T0068,H-ZD,040
105408020704101,060,分类,3,0,Y,,H-ZD,060
105408020704102,037,分类,1,1,Y,H-T0149,H-ZD,037
105408020704105,040,分类,2,2,Y,H-T0068,H-ZD,040
105408032111803,060,分类,2,0,Y,,H-ZD,060
105408032111804,060,分类,1,1,Y,H-T0276,H-ZD,060
105408032211502,060,分类,3,0,Y,,H-ZD,060
105408032211503,060,分类,1,1,Y,H-T0261,H-ZD,060
105408032211504,060,分类,1,1,Y,H-T0276,H-ZD,060
105408032301402,060,分类,4,3,Y,H-T0261,H-ZD,060
105408032301403,060,分类,1,0,Y,,H-ZD,060
105408032301404,060,分类,2,2,Y,H-T0261,H-ZD,060
105408032504802,061,分类,1,1,Y,H-T0494,H-ZD,061
105408032504803,061,分类,1,1,Y,H-T0494,H-ZD,061
105408032504804,061,分类,1,1,Y,H-T0282,H-ZD,061
105408032600402,060,分类,2,2,Y,H-T0261,H-ZD,060
105408032600403,060,分类,2,2,Y,"H-T0261,H-T0276",H-ZD,060
105408032600404,039,分类,3,3,Y,H-T0146,H-ZD,039
105408032600405,039,分类,2,2,Y,H-T0069,H-ZD,039
105408032802202,037,分类,7,1,Y,H-T0081,H-ZD,037
105432001601800,037,分类,1,1,Y,H-T0081,H-ZD,037
105434006211400,020,分类,4,4,Y,H-T0258,H-ZD,020
105434006304300,021,分类,5,0,Y,,H-ZD,021
105434006500600,027,分类,1,1,Y,H-T0284,H-ZD,027
105434006603600,022,分类,1,1,Y,H-T0234,H-ZD,022
106101096113202,036,分类,1,1,Y,H-T0146,H-ZD,036
106101096113205,034,发货,2,2,Y,"H-T0147,H-T0264",H-ZD,034
106101096113206,028,分类,2,2,Y,H-T0292,H-ZD,028
106101096113207,034,发货,1,1,Y,H-T0244,H-ZD,034
106101096809501,034,发货,2,1,Y,H-T0147,H-ZD,034
106101096809502,034,发货,1,1,Y,H-T0147,H-ZD,"034,040"
106101096809502,040,分类,1,1,Y,H-T0494,H-ZD,"034,040"
106101096809504,021,分类,5,5,Y,H-T0300,H-ZD,021
106101097208004,026,分类,1,1,Y,H-T0287,H-ZD,026
106101097208006,054,分类,1,1,Y,H-T0268,H-ZD,054
106101097305701,061,分类,1,1,Y,H-T0494,H-ZD,061
106101097305702,061,分类,3,3,Y,H-T0494,H-ZD,061
106101097305703,061,分类,3,0,Y,,H-ZD,061
106101097305704,061,分类,4,0,Y,,H-ZD,061
106101097305705,061,分类,1,1,Y,H-T0494,H-ZD,061
106101097312701,029,分类,2,2,Y,H-T0285,H-ZD,029
106101097312702,028,分类,3,0,Y,,H-ZD,028
106101097312703,026,分类,5,0,Y,,H-ZD,026
106101097312704,054,分类,2,2,Y,H-T0268,H-ZD,054
106101097312705,020,分类,7,7,Y,H-T0479,H-ZD,020
106101097601804,028,分类,2,2,Y,H-T0237,H-ZD,028
106101097601805,053,分类,1,1,Y,H-T0269,H-ZD,053
106101097709106,038,分类,1,1,Y,H-T0149,H-ZD,038
106101108208001,021,分类,2,2,Y,H-T0226,H-ZD,021
106101108508405,023,分类,1,1,Y,H-T0294,H-ZD,023
106101108601801,020,分类,3,3,Y,H-T0479,H-ZD,020
106101111313501,030,分类,1,1,Y,H-T0289,H-ZD,030
106101111506205,023,分类,1,0,Y,,H-ZD,023
106101114110703,029,分类,2,0,Y,,H-ZD,029
106101114110704,024,分类,1,1,Y,H-T0228,H-ZD,024
106101114305703,023,分类,2,1,Y,H-T0294,H-ZD,023
106101114601804,024,分类,2,2,Y,H-T0228,H-ZD,024
106101114804304,024,分类,1,1,Y,H-T0228,H-ZD,024
106101134113102,034,发货,3,3,Y,"H-T0007,H-T0243",H-ZD,"034,048"
106101134113102,048,分类,1,1,Y,H-T0110,H-ZD,"034,048"
106101134113103,034,发货,1,1,Y,H-T0007,H-ZD,034
106101134113104,034,发货,1,1,Y,H-T0007,H-ZD,034
106101134113105,048,分类,1,1,Y,H-T0110,H-ZD,048
106101134310104,034,发货,1,1,Y,H-T0019,H-ZD,034
106101134411503,034,发货,1,1,Y,H-T0019,H-ZD,034
106101134411504,034,发货,1,1,Y,H-T0147,H-ZD,034
106101134506104,039,分类,1,1,Y,H-T0148,H-ZD,039
106101134601801,056,分类,1,1,Y,H-T0270,H-ZD,056
106101134601806,056,分类,1,1,Y,H-T0270,H-ZD,056
106101134802403,057,分类,1,1,Y,H-T0271,H-ZD,057
106101134802406,057,分类,1,1,Y,H-T0271,H-ZD,057
106101135305701,057,分类,1,1,Y,H-T0271,H-ZD,057
106101135305702,057,分类,1,1,Y,H-T0271,H-ZD,057
106101135305706,057,分类,2,2,Y,H-T0271,H-ZD,057
106101135601801,048,分类,1,1,Y,H-T0076,H-ZD,048
106101135601803,048,分类,2,2,Y,H-T0076,H-ZD,048
106101137208206,059,分类,1,1,Y,H-T0277,H-ZD,059
106101137312702,060,分类,1,1,Y,H-T0276,H-ZD,060
106101137312704,060,分类,1,1,Y,H-T0261,H-ZD,060
106101137312706,060,分类,2,2,Y,H-T0261,H-ZD,060
106101138113106,060,分类,1,1,Y,H-T0261,H-ZD,060
106101138305702,021,分类,2,0,Y,,H-ZD,021
106101138305705,021,分类,1,1,Y,H-T0263,H-ZD,021
106101138411504,060,分类,1,1,Y,H-T0276,H-ZD,060
106101138506501,020,分类,3,0,Y,,H-ZD,020
106101138601801,020,分类,1,0,Y,,H-ZD,020
106101138601805,038,分类,1,1,Y,H-T0263,H-ZD,038
106101201216406,061,分类,1,1,Y,H-T0282,H-ZD,061
106101201316504,037,分类,1,0,Y,,H-ZD,037
106101201316505,061,分类,1,1,Y,H-T0282,H-ZD,061
106101201509201,061,分类,1,1,Y,H-T0494,H-ZD,061
106101201509202,061,分类,4,4,Y,"H-T0282,H-T0494",H-ZD,061
106101201509203,061,分类,3,3,Y,H-T0494,H-ZD,061
106101201509204,061,分类,3,2,Y,H-T0282,H-ZD,061
106101201509206,061,分类,1,1,Y,H-T0494,H-ZD,061
106106067208004,036,分类,2,2,Y,H-T0061,H-ZD,036
106106067208006,066,异常,1,0,Y,,H-ZD,066
106106067313402,036,分类,1,0,Y,,H-ZD,036
106106067414404,036,分类,6,6,Y,H-T0061,H-ZD,036
106106067506003,034,发货,1,1,Y,H-T0007,H-ZD,034
106106067506004,066,异常,1,0,Y,,H-ZD,066
106106067601803,024,分类,3,3,Y,H-T0298,H-ZD,024
106106067601805,024,分类,1,1,Y,H-T0228,H-ZD,024
106106067809504,042,分类,5,5,Y,H-T0072,H-ZD,042
106106074601803,042,分类,2,2,Y,H-T0275,H-ZD,042
106106074809503,066,异常,2,0,Y,,H-ZD,066
106106074809504,034,发货,1,1,Y,H-T0019,H-ZD,034
106106074809505,034,发货,1,1,Y,H-T0019,H-ZD,034
106112046304501,036,分类,2,2,Y,H-T0061,H-ZD,036
106112046304502,022,分类,9,9,Y,H-T0234,H-ZD,022
106112046506105,039,分类,1,1,Y,H-T0069,H-ZD,039
106112046601802,024,分类,5,5,Y,H-T0497,H-ZD,024
106112046702301,027,分类,3,3,Y,H-T0284,H-ZD,027
106112046702302,022,分类,9,0,Y,,H-ZD,022
106112046702304,042,分类,2,2,Y,H-T0072,H-ZD,042
106212034506003,027,分类,1,0,Y,,H-ZD,027
106212034506004,035,分类,1,1,Y,H-T0064,H-ZD,035
106212034506005,027,分类,3,0,Y,,H-ZD,027
106212034707302,020,分类,3,3,Y,H-T0479,H-ZD,020
106212039312801,021,分类,4,2,Y,H-T0263,H-ZD,021
106212039312802,022,分类,4,4,Y,"H-T0088,H-T0234",H-ZD,022
106212039312803,030,分类,1,1,Y,H-T0289,H-ZD,030
106212039506201,029,分类,1,1,Y,H-T0285,H-ZD,029
106215070113103,035,分类,2,2,Y,H-T0064,H-ZD,035
106215070205801,028,分类,1,1,Y,H-T0237,H-ZD,028
106215070216701,020,分类,4,4,Y,H-T0479,H-ZD,020
106215070601801,020,分类,8,0,Y,,H-ZD,020
106215070809501,039,分类,2,2,Y,H-T0146,H-ZD,039
106215090414301,020,分类,2,2,Y,H-T0479,H-ZD,020
106215090414302,022,分类,2,2,Y,H-T0234,H-ZD,022
106215090414303,020,分类,3,0,Y,,H-ZD,020
106215090414304,021,分类,5,5,Y,H-T0263,H-ZD,021
106215090414305,021,分类,1,1,Y,H-T0263,H-ZD,021
106215090506101,020,分类,5,5,Y,H-T0479,H-ZD,020
106215090506105,021,分类,2,2,Y,H-T0263,H-ZD,021
106215090506106,023,分类,1,0,Y,,H-ZD,023
106215090703201,020,分类,2,2,Y,H-T0479,H-ZD,020
106215090703202,021,分类,4,4,Y,H-T0263,H-ZD,021
106215090703203,021,分类,10,9,Y,H-T0263,H-ZD,021
106215090703204,021,分类,2,2,Y,H-T0263,H-ZD,021
106215090703205,021,分类,7,7,Y,H-T0263,H-ZD,021
106278031113102,021,分类,4,4,Y,H-T0263,H-ZD,021
106278031113104,023,分类,1,1,Y,H-T0294,H-ZD,023
106278031113105,020,分类,1,1,Y,H-T0229,H-ZD,020
106278031205802,020,分类,4,4,Y,H-T0258,H-ZD,020
106278031205804,027,分类,1,1,Y,H-T0231,H-ZD,027
106278031205805,020,分类,2,1,Y,H-T0229,H-ZD,020
106278031205806,031,分类,1,0,Y,,H-ZD,031
106278031210802,021,分类,1,0,Y,,H-ZD,021
106278031210804,021,分类,2,2,Y,H-T0226,H-ZD,021
106278031210805,027,分类,1,0,Y,,H-ZD,027
106278031216402,020,分类,1,1,Y,H-T0479,H-ZD,020
106278031216403,021,分类,5,5,Y,H-T0263,H-ZD,021
106278031216406,027,分类,2,2,Y,H-T0231,H-ZD,027
106278031312801,022,分类,1,1,Y,H-T0234,H-ZD,022
106278031312802,020,分类,6,0,Y,,H-ZD,020
106278031312803,020,分类,8,8,Y,H-T0479,H-ZD,020
106278031312804,021,分类,4,4,Y,H-T0263,H-ZD,021
106278031506003,020,分类,3,3,Y,H-T0479,H-ZD,020
106278031601801,022,分类,2,2,Y,H-T0234,H-ZD,022
106278031601802,021,分类,4,4,Y,H-T0263,H-ZD,021
106278031601804,021,分类,2,2,Y,H-T0226,H-ZD,021
106278038113101,035,分类,1,1,Y,H-T0064,H-ZD,035
106278038113104,039,分类,1,1,Y,H-T0146,H-ZD,039
106278038204903,021,分类,6,6,Y,H-T0263,H-ZD,021
106278038305103,025,分类,2,0,Y,,H-ZD,025
106278038305104,039,分类,2,2,Y,H-T0146,H-ZD,039
106278038312802,027,分类,2,0,Y,,H-ZD,027
106278038500401,020,分类,4,4,Y,H-T0258,H-ZD,020
106278038500402,021,分类,3,0,Y,,H-ZD,021
106278038506001,035,分类,2,2,Y,H-T0064,H-ZD,035
106301157213504,066,异常,1,0,Y,,H-ZD,066
106301165316501,029,分类,5,0,Y,,H-ZD,029
106301165316502,038,分类,7,0,Y,,H-ZD,038
106301165316503,035,分类,12,12,Y,H-T0064,H-ZD,035
106301165316504,036,分类,9,9,Y,H-T0061,H-ZD,036
106301165316505,036,分类,3,3,Y,H-T0061,H-ZD,036
106301165316510,036,分类,2,2,Y,H-T0061,H-ZD,036
106301165506001,035,分类,5,5,Y,H-T0049,H-ZD,035
106301165506002,029,分类,9,9,Y,H-T0285,H-ZD,029
106301165506003,066,异常,15,0,Y,,H-ZD,066
106301165506004,037,分类,14,14,Y,H-T0081,H-ZD,037
106301165506005,066,异常,4,0,Y,,H-ZD,066
106301165506010,039,分类,2,2,Y,H-T0146,H-ZD,039
106301165601802,041,分类,1,1,Y,H-T0246,H-ZD,041
106301165601803,042,分类,5,5,Y,H-T0072,H-ZD,042
106301165601804,066,异常,2,0,Y,,H-ZD,066
106301165601805,066,异常,1,0,Y,,H-ZD,066
106301165802501,024,分类,5,0,Y,,H-ZD,024
106301165802502,025,分类,10,10,Y,H-T0484,H-ZD,025
106301165802503,027,分类,15,15,Y,H-T0231,H-ZD,027
106301165802504,036,分类,9,9,Y,"H-T0061,H-T0146",H-ZD,036
106301165802510,029,分类,2,2,Y,H-T0285,H-ZD,029
106301167713301,066,异常,1,0,Y,,H-ZD,066
106301167713304,066,异常,1,0,Y,,H-ZD,066
106301167802501,021,分类,2,2,Y,H-T0263,H-ZD,021
106301167802504,027,分类,2,0,Y,,H-ZD,027
106301167802505,031,分类,4,0,Y,,H-ZD,031
106301181414403,038,分类,1,1,Y,H-T0149,H-ZD,038
106301209111904,053,分类,1,1,Y,H-T0269,H-ZD,053
106301209207101,034,发货,1,1,Y,H-T0147,H-ZD,034
106301209207103,066,异常,1,0,Y,,H-ZD,066
106301209207104,066,异常,1,0,Y,,H-ZD,066
106301209316503,021,分类,3,3,Y,H-T0300,H-ZD,021
106301209316504,036,分类,1,1,Y,H-T0146,H-ZD,036
106301209506203,034,发货,1,1,Y,H-T0007,H-ZD,034
106301209506204,066,异常,1,0,Y,,H-ZD,066
106301209601802,031,分类,2,0,Y,,H-ZD,031
106301209601803,021,分类,4,4,Y,"H-T0263,H-T0300",H-ZD,021
106301209601804,038,分类,2,2,Y,H-T0263,H-ZD,038
106301209601810,039,分类,1,1,Y,H-T0069,H-ZD,039
106301212316504,066,异常,1,0,Y,,H-ZD,066
106301212713302,042,分类,2,2,Y,H-T0072,H-ZD,042
106301212713305,066,异常,1,0,Y,,H-ZD,066
106301213221603,035,分类,1,0,Y,,H-ZD,035
106301213221604,031,分类,3,0,Y,,H-ZD,031
106301213221605,031,分类,1,1,Y,H-T0156,H-ZD,031
106301213221606,059,分类,1,1,Y,H-T0277,H-ZD,059
106302028509203,066,异常,1,0,Y,,H-ZD,066
106316067316502,037,分类,1,1,Y,H-T0081,H-ZD,037
106316067316504,037,分类,3,3,Y,H-T0081,H-ZD,037
106316067509602,054,分类,1,1,Y,H-T0268,H-ZD,054
106316067509605,039,分类,2,2,Y,H-T0146,H-ZD,039
106378042210901,036,分类,2,2,Y,H-T0061,H-ZD,036
106378042210903,029,分类,2,1,Y,H-T0285,H-ZD,029
106378042210904,041,分类,2,2,Y,H-T0246,H-ZD,041
106378042210905,036,分类,4,4,Y,H-T0061,H-ZD,036
106378042210906,035,分类,3,0,Y,,H-ZD,035
106378042601801,036,分类,3,3,Y,H-T0061,H-ZD,036
106378042601803,037,分类,2,2,Y,"H-T0081,H-T0149",H-ZD,037
106378042601804,041,分类,4,4,Y,H-T0246,H-ZD,041
106378042601805,036,分类,3,3,Y,H-T0061,H-ZD,036
106378042601806,039,分类,2,1,Y,H-T0148,H-ZD,039
106378042713301,036,分类,3,3,Y,H-T0061,H-ZD,036
106378042713302,037,分类,3,3,Y,H-T0081,H-ZD,037
106378042713305,039,分类,3,0,Y,,H-ZD,039
106378042713306,060,分类,1,1,Y,H-T0276,H-ZD,060
106408069221902,066,异常,1,0,Y,,H-ZD,066
106408101317204,066,异常,2,0,Y,,H-ZD,066
106408101419002,066,异常,1,0,Y,,H-ZD,066
106408101419006,066,异常,1,0,Y,,H-ZD,066
106408101601801,066,异常,1,0,Y,,H-ZD,066
106408101601806,066,异常,1,0,Y,,H-ZD,066
1104010520502,021,分类,3,3,Y,H-T0263,H-ZD,021
1104010520503,028,分类,2,2,Y,H-T0237,H-ZD,028
1104010520506,021,分类,1,1,Y,H-T0263,H-ZD,021
1104010520507,025,分类,1,1,Y,H-T0484,H-ZD,025
11040105208002,027,分类,1,1,Y,H-T0231,H-ZD,027
11040105208003,036,分类,1,1,Y,H-T0061,H-ZD,036
1104010524002,038,分类,1,1,Y,H-T0149,H-ZD,038
1104010524003,021,分类,2,0,Y,,H-ZD,021
11040105310102,066,异常,1,0,Y,,H-ZD,066
11040105310103,041,分类,2,1,Y,H-T0246,H-ZD,041
11040105310105,066,异常,1,0,Y,,H-ZD,066
1104010532502,039,分类,1,1,Y,H-T0146,H-ZD,039
1104010532505,066,异常,1,0,Y,,H-ZD,066
1104010532802,023,分类,2,1,Y,H-T0294,H-ZD,023
1104010532803,036,分类,1,1,Y,H-T0061,H-ZD,036
1104010532807,021,分类,1,1,Y,H-T0263,H-ZD,021
1104010544802,066,异常,1,0,Y,,H-ZD,066
1104010560403,017,分类,182,109,Y,"H-T0180,H-T0227,H-T0253",H-ZD,017
1104010570102,066,异常,1,0,Y,,H-ZD,066
1104010570103,066,异常,1,0,Y,,H-ZD,066
1104010570105,066,异常,1,0,Y,,H-ZD,066
1104010572802,066,异常,1,0,Y,,H-ZD,066
1104010572803,066,异常,1,0,Y,,H-ZD,066
11040105802502,036,分类,1,0,Y,,H-ZD,036
11040105802503,036,分类,1,0,Y,,H-ZD,036
11040105802504,051,分类,1,1,Y,H-T0273,H-ZD,051
11040105802505,036,分类,2,2,Y,H-T0061,H-ZD,036
11040105802506,061,分类,2,2,Y,"H-T0282,H-T0494",H-ZD,061
11040105803602,039,分类,1,1,Y,H-T0146,H-ZD,039
11040105803603,028,分类,2,2,Y,H-T0237,H-ZD,028
11040105803605,031,分类,1,1,Y,H-T0156,H-ZD,"031,034"
11040105803605,034,发货,1,1,Y,H-T0244,H-ZD,"031,034"
11040105803607,024,分类,1,1,Y,H-T0228,H-ZD,024
1104010741805,028,分类,1,0,Y,,H-ZD,028
1104010770103,023,分类,1,1,Y,H-T0294,H-ZD,023
1112141141802,021,分类,5,5,Y,H-T0263,H-ZD,021
1112141141803,021,分类,4,4,Y,H-T0263,H-ZD,021
1112141141804,021,分类,11,11,Y,H-T0263,H-ZD,021
1112141141805,021,分类,16,16,Y,H-T0263,H-ZD,021
1112141141806,021,分类,27,27,Y,H-T0263,H-ZD,021
1112141141807,021,分类,2,2,Y,"H-T0263,H-T0300",H-ZD,021
1112141160402,021,分类,16,16,Y,H-T0263,H-ZD,021
1112141160403,021,分类,37,37,Y,H-T0263,H-ZD,021
1112141160405,021,分类,8,8,Y,"H-T0226,H-T0300",H-ZD,"021,034"
1112141160405,034,发货,1,1,Y,H-T0074,H-ZD,"021,034"
1112141160406,021,分类,2,2,Y,H-T0226,H-ZD,"021,034"
1112141160406,034,发货,1,1,Y,H-T0074,H-ZD,"021,034"
1112141160407,021,分类,1,1,Y,H-T0263,H-ZD,021
1112141170302,021,分类,5,0,Y,,H-ZD,021
1112141170303,021,分类,5,5,Y,H-T0263,H-ZD,021
1112141170304,021,分类,27,27,Y,"H-T0226,H-T0263",H-ZD,021
1112141170305,021,分类,20,20,Y,H-T0263,H-ZD,021
1112141170306,021,分类,3,3,Y,H-T0263,H-ZD,021
1112141170802,024,分类,5,5,Y,H-T0228,H-ZD,024
1112141170803,021,分类,6,0,Y,,H-ZD,"021,034"
1112141170803,034,发货,1,0,Y,,H-ZD,"021,034"
1112141170804,022,分类,9,9,Y,H-T0234,H-ZD,022
1112141170805,021,分类,15,15,Y,H-T0263,H-ZD,021
1112141170806,027,分类,7,7,Y,"H-T0231,H-T0284",H-ZD,027
1112141170807,021,分类,5,0,Y,,H-ZD,021
1112142770303,024,分类,1,0,Y,,H-ZD,024
1113100141504,037,分类,1,1,Y,H-T0081,H-ZD,037
1113100541807,023,分类,1,0,Y,,H-ZD,023
1113100712707,023,分类,1,0,Y,,H-ZD,023
1113102120505,043,分类,1,1,Y,H-T0274,H-ZD,043
1113380360403,023,分类,1,0,Y,,H-ZD,023
1114080920502,043,分类,1,1,Y,H-T0248,H-ZD,043
1114080920504,021,分类,1,1,Y,H-T0263,H-ZD,021
1114080920506,029,分类,1,0,Y,,H-ZD,029
1114080922402,037,分类,2,2,Y,H-T0081,H-ZD,037
1114080922403,043,分类,1,0,Y,,H-ZD,043
1114080922404,037,分类,1,1,Y,H-T0070,H-ZD,037
1114080960402,043,分类,1,1,Y,H-T0248,H-ZD,043
1114080960404,043,分类,1,1,Y,H-T0248,H-ZD,043
1114080960405,043,分类,2,2,Y,H-T0274,H-ZD,043
1114080960406,043,分类,1,1,Y,H-T0274,H-ZD,043
1114080960407,027,分类,1,1,Y,H-T0231,H-ZD,027
1122120170104,022,分类,1,1,Y,H-T0234,H-ZD,022
1122121941506,028,分类,1,0,Y,,H-ZD,028
1123070160404,022,分类,1,2,Y,H-T0088,H-ZD,"022,034"
1123070160404,034,发货,1,0,Y,,H-ZD,"022,034"
1123070160405,022,分类,1,1,Y,H-T0088,H-ZD,022
1123070571602,028,分类,1,0,Y,,H-ZD,028
1123070571605,029,分类,1,0,Y,,H-ZD,029
1123100944804,027,分类,1,1,Y,H-T0231,H-ZD,027
1123144371604,023,分类,1,0,Y,,H-ZD,023
1124011520502,035,分类,1,1,Y,H-T0032,H-ZD,035
1124011520503,040,分类,1,1,Y,H-T0494,H-ZD,040
1124011520506,039,分类,5,5,Y,"H-T0069,H-T0148",H-ZD,039
1124011520507,066,异常,3,0,Y,,H-ZD,066
1124011560402,066,异常,1,0,Y,,H-ZD,066
1124011560403,041,分类,1,0,Y,,H-ZD,041
1124011560404,066,异常,1,0,Y,,H-ZD,066
1124011560406,041,分类,1,1,Y,H-T0246,H-ZD,041
1124012920504,034,发货,1,0,Y,,H-ZD,034
1124012920505,066,异常,1,0,Y,,H-ZD,066
1124012944804,066,异常,2,0,Y,,H-ZD,066
1124012960402,034,发货,1,1,Y,H-T0147,H-ZD,034
1124012960403,034,发货,2,1,Y,H-T0147,H-ZD,034
1124012960404,034,发货,1,2,Y,"H-T0007,H-T0147",H-ZD,"034,066"
1124012960404,066,异常,1,0,Y,,H-ZD,"034,066"
1124012960405,066,异常,1,0,Y,,H-ZD,066
1124012960406,034,发货,1,1,Y,H-T0147,H-ZD,034
1124012960407,034,发货,1,0,Y,,H-ZD,034
1124012968105,066,异常,1,0,Y,,H-ZD,066
1124012970104,066,异常,1,0,Y,,H-ZD,066
1124012970106,066,异常,1,0,Y,,H-ZD,066
1124012970107,066,异常,1,0,Y,,H-ZD,066
1124020360404,021,分类,1,1,Y,H-T0300,H-ZD,021
1124020370304,021,分类,1,1,Y,H-T0300,H-ZD,021
1124020370307,021,分类,10,10,Y,"H-T0226,H-T0263",H-ZD,021
1124082112802,035,分类,1,1,Y,H-T0064,H-ZD,035
1124082160405,025,分类,1,1,Y,H-T0484,H-ZD,025
1132120341802,021,分类,1,1,Y,H-T0263,H-ZD,021
1132120370805,029,分类,1,0,Y,,H-ZD,029
1132120380604,031,分类,1,0,Y,,H-ZD,031
1132120380605,035,分类,1,1,Y,H-T0064,H-ZD,035
1132120380606,029,分类,1,1,Y,H-T0285,H-ZD,029
1132120741503,028,分类,1,0,Y,,H-ZD,028
1132140170803,022,分类,1,1,Y,H-T0234,H-ZD,022
1132140570302,066,异常,1,0,Y,,H-ZD,066
1132140571903,066,异常,1,0,Y,,H-ZD,066
1132140571904,066,异常,1,0,Y,,H-ZD,066
1132150171908,021,分类,4,4,Y,H-T0263,H-ZD,021
1132150180606,022,分类,3,3,Y,H-T0088,H-ZD,022
1132150180608,021,分类,6,6,Y,H-T0263,H-ZD,021
1132510960404,020,分类,8,8,Y,H-T0229,H-ZD,020
1132510960421,020,分类,9,0,Y,,H-ZD,020
1133100314602,021,分类,2,2,Y,H-T0226,H-ZD,021
1133100314607,042,分类,1,1,Y,H-T0072,H-ZD,042
1133100341803,035,分类,1,1,Y,H-T0064,H-ZD,035
1133100341804,043,分类,4,4,Y,H-T0248,H-ZD,043
1133100341806,043,分类,1,1,Y,H-T0248,H-ZD,043
1133100360402,043,分类,1,0,Y,,H-ZD,043
1133100360403,043,分类,1,1,Y,H-T0248,H-ZD,043
1133100382504,043,分类,1,1,Y,H-T0248,H-ZD,043
1133100382505,040,分类,3,3,Y,"H-T0068,H-T0142",H-ZD,040
1133101133905,043,分类,1,1,Y,H-T0274,H-ZD,043
1133101160407,066,异常,1,0,Y,,H-ZD,066
1133101170807,030,分类,1,1,Y,H-T0289,H-ZD,030
1133102520503,066,异常,1,0,Y,,H-ZD,066
1133102533907,066,异常,1,0,Y,,H-ZD,066
1133102560405,066,异常,1,0,Y,,H-ZD,066
1133180160403,066,异常,1,0,Y,,H-ZD,066
1133180160404,066,异常,1,0,Y,,H-ZD,066
11340105110502,066,异常,1,0,Y,,H-ZD,066
11340105110704,034,发货,2,2,Y,"H-T0019,H-T0243",H-ZD,034
11340105110706,020,分类,2,2,Y,H-T0156,H-ZD,020
11340105110707,034,发货,1,1,Y,H-T0019,H-ZD,034
1134010514603,066,异常,2,0,Y,,H-ZD,066
11340105300304,028,分类,3,3,Y,H-T0292,H-ZD,028
11340105300305,028,分类,2,2,Y,"H-T0237,H-T0292",H-ZD,028
11340105305702,021,分类,5,5,Y,H-T0300,H-ZD,021
11340105305703,021,分类,2,2,Y,H-T0300,H-ZD,021
11340105305704,021,分类,2,2,Y,H-T0300,H-ZD,021
11340105305705,034,发货,2,2,Y,H-T0019,H-ZD,034
11340105305707,021,分类,1,1,Y,H-T0300,H-ZD,"021,034"
11340105305707,034,发货,1,0,Y,,H-ZD,"021,034"
11340105310403,026,分类,1,1,Y,H-T0287,H-ZD,026
11340105310404,026,分类,2,2,Y,H-T0287,H-ZD,026
11340105316502,066,异常,1,0,Y,,H-ZD,066
11340105411302,028,分类,6,6,Y,H-T0292,H-ZD,"028,034"
11340105411302,034,发货,4,4,Y,"H-T0074,H-T0243",H-ZD,"028,034"
11340105411303,028,分类,1,4,Y,H-T0292,H-ZD,"028,034"
11340105411303,034,发货,3,0,Y,,H-ZD,"028,034"
11340105411304,028,分类,1,1,Y,H-T0292,H-ZD,"028,034"
11340105411304,034,发货,2,2,Y,"H-T0007,H-T0019",H-ZD,"028,034"
11340105411305,028,分类,5,5,Y,H-T0292,H-ZD,028
11340105411306,034,发货,1,1,Y,H-T0243,H-ZD,034
11340105411604,028,分类,1,1,Y,H-T0292,H-ZD,028
11340105411605,028,分类,1,1,Y,H-T0292,H-ZD,028
11340105411606,028,分类,1,1,Y,H-T0292,H-ZD,028
1134010541802,034,发货,1,1,Y,H-T0019,H-ZD,034
1134010541804,034,发货,1,1,Y,H-T0019,H-ZD,"034,065"
1134010541804,065,分类,1,1,Y,H-T0286,H-ZD,"034,065"
1134010541805,034,发货,1,1,Y,H-T0019,H-ZD,034
1134010541806,065,分类,2,2,Y,H-T0286,H-ZD,065
1134010560403,034,发货,1,1,Y,H-T0007,H-ZD,034
1134010560404,034,发货,4,4,Y,"H-T0007,H-T0019",H-ZD,034
1134010560405,034,发货,5,5,Y,"H-T0019,H-T0243",H-ZD,034
1134010560406,019,分类,3,5,Y,"H-T0294,H-T0492",H-ZD,"019,034"
1134010560406,034,发货,2,0,Y,,H-ZD,"019,034"
11340105702805,026,分类,2,2,Y,H-T0287,H-ZD,026
11340105702807,026,分类,1,1,Y,H-T0287,H-ZD,026
1134010580302,020,分类,1,1,Y,H-T0258,H-ZD,020
1134010580305,034,发货,1,1,Y,H-T0019,H-ZD,034
1134010580307,020,分类,1,1,Y,H-T0156,H-ZD,020
1134012180302,022,分类,2,0,Y,,H-ZD,022
1134013312704,066,异常,1,0,Y,,H-ZD,066
1134013312705,066,异常,1,0,Y,,H-ZD,066
1134013312706,066,异常,1,0,Y,,H-ZD,066
1134013332802,037,分类,1,1,Y,H-T0081,H-ZD,037
1134013332804,023,分类,1,0,Y,,H-ZD,023
1134013332805,025,分类,1,1,Y,H-T0484,H-ZD,025
1134013341601,023,分类,1,1,Y,H-T0294,H-ZD,023
1134013341604,023,分类,1,1,Y,H-T0294,H-ZD,023
1134013352001,029,分类,1,1,Y,H-T0285,H-ZD,029
1134013352003,028,分类,1,0,Y,,H-ZD,028
1134013352004,035,分类,1,1,Y,H-T0064,H-ZD,035
1134013360401,041,分类,2,2,Y,H-T0246,H-ZD,041
1134013360402,066,异常,1,0,Y,,H-ZD,066
1134013360403,066,异常,1,0,Y,,H-ZD,066
1134013360404,066,异常,1,0,Y,,H-ZD,066
1134013360405,066,异常,2,0,Y,,H-ZD,066
1134013360406,066,异常,1,0,Y,,H-ZD,066
1134013372401,066,异常,1,0,Y,,H-ZD,066
1134013372402,066,异常,3,0,Y,,H-ZD,066
1134013372403,066,异常,4,0,Y,,H-ZD,066
1134013372404,066,异常,2,0,Y,,H-ZD,066
1134013372405,066,异常,2,0,Y,,H-ZD,066
1134013372406,066,异常,2,0,Y,,H-ZD,066
1134013912704,022,分类,1,1,Y,H-T0234,H-ZD,022
1134013912707,027,分类,1,1,Y,H-T0231,H-ZD,027
1134015741204,022,分类,4,4,Y,H-T0234,H-ZD,022
1134015760403,022,分类,4,3,Y,H-T0234,H-ZD,022
1134016134003,021,分类,6,6,Y,H-T0263,H-ZD,021
1134016134004,028,分类,1,0,Y,,H-ZD,028
1134016134007,036,分类,1,1,Y,H-T0061,H-ZD,036
1134016160403,023,分类,1,1,Y,H-T0294,H-ZD,023
1134016160406,028,分类,1,1,Y,H-T0237,H-ZD,028
1134016160407,029,分类,1,1,Y,H-T0285,H-ZD,029
1134016167802,021,分类,1,1,Y,H-T0263,H-ZD,021
1134016167803,022,分类,2,2,Y,H-T0234,H-ZD,022
1134016167804,021,分类,1,1,Y,H-T0226,H-ZD,021
1134016167805,021,分类,1,1,Y,H-T0263,H-ZD,"021,034"
1134016167805,034,发货,2,2,Y,H-T0244,H-ZD,"021,034"
1134016167806,021,分类,3,1,Y,H-T0263,H-ZD,021
1134016167904,024,分类,1,1,Y,H-T0228,H-ZD,024
1134016167906,021,分类,4,0,Y,,H-ZD,021
1134030360402,041,分类,1,0,Y,,H-ZD,041
1134030520504,043,分类,3,3,Y,H-T0274,H-ZD,043
1134030545702,026,分类,3,3,Y,H-T0287,H-ZD,026
1134030545705,026,分类,1,1,Y,H-T0287,H-ZD,026
1134030560402,066,异常,1,0,Y,,H-ZD,066
1134030560403,066,异常,1,0,Y,,H-ZD,066
1134030560404,066,异常,1,0,Y,,H-ZD,066
1134030560405,066,异常,1,0,Y,,H-ZD,066
11340305702802,026,分类,3,3,Y,H-T0287,H-ZD,026
11340305702804,037,分类,1,1,Y,H-T0149,H-ZD,037
11340305702805,066,异常,1,0,Y,,H-ZD,066
11340305702806,066,异常,1,0,Y,,H-ZD,066
1134080560404,066,异常,4,0,Y,,H-ZD,066
1134080571402,022,分类,1,1,Y,H-T0234,H-ZD,022
1134082133904,031,分类,1,1,Y,H-T0283,H-ZD,031
1134082160405,031,分类,1,1,Y,H-T0283,H-ZD,"031,034"
1134082160405,034,发货,1,1,Y,H-T0243,H-ZD,"031,034"
1141010149806,028,分类,1,0,Y,,H-ZD,028
1141010172406,025,分类,2,2,Y,"H-T0095,H-T0484",H-ZD,025
11410105960404,043,分类,1,1,Y,H-T0274,H-ZD,043
11410105984302,023,分类,2,0,Y,,H-ZD,023
11410105984303,043,分类,2,2,Y,H-T0274,H-ZD,043
11410201212805,043,分类,1,1,Y,H-T0274,H-ZD,043
11410201305204,021,分类,2,2,Y,H-T0263,H-ZD,021
11410201305205,021,分类,8,7,Y,H-T0263,H-ZD,021
11410201305206,030,分类,1,1,Y,H-T0289,H-ZD,030
1141020132803,021,分类,1,1,Y,H-T0263,H-ZD,021
1141020160404,066,异常,1,0,Y,,H-ZD,066
11410201704102,043,分类,1,0,Y,,H-ZD,043
11410201704103,043,分类,2,0,Y,,H-ZD,043
11410201704105,029,分类,2,2,Y,H-T0285,H-ZD,029
1141030334402,030,分类,1,1,Y,H-T0289,H-ZD,030
1141030334403,038,分类,3,3,Y,H-T0493,H-ZD,038
1141030334405,028,分类,1,1,Y,H-T0237,H-ZD,028
1141030334406,044,分类,1,0,Y,,H-ZD,044
1141030334407,022,分类,2,2,Y,H-T0234,H-ZD,022
1141030360402,025,分类,2,2,Y,H-T0484,H-ZD,025
1141030360403,044,分类,1,1,Y,H-T0073,H-ZD,044
1141030360404,037,分类,3,3,Y,H-T0149,H-ZD,037
1141030360405,041,分类,1,0,Y,,H-ZD,041
1141030360406,042,分类,1,1,Y,H-T0275,H-ZD,042
1141030372402,030,分类,3,0,Y,,H-ZD,030
1141030372403,023,分类,5,5,Y,H-T0294,H-ZD,023
1141030372404,044,分类,3,3,Y,H-T0495,H-ZD,044
1141030372405,040,分类,1,1,Y,H-T0068,H-ZD,040
1141030372406,022,分类,2,0,Y,,H-ZD,022
1141030560403,066,异常,1,0,Y,,H-ZD,066
1141030560404,066,异常,1,0,Y,,H-ZD,066
1141030572402,026,分类,1,1,Y,H-T0287,H-ZD,026
1141030572404,022,分类,2,2,Y,H-T0234,H-ZD,022
1141030572407,024,分类,1,1,Y,H-T0228,H-ZD,024
1141140124702,022,分类,2,2,Y,H-T0234,H-ZD,022
1141140124703,022,分类,5,0,Y,,H-ZD,022
1141140124704,044,分类,1,0,Y,,H-ZD,044
1141140124706,024,分类,2,2,Y,H-T0497,H-ZD,024
1141140161802,022,分类,1,0,Y,,H-ZD,022
1141140161803,022,分类,3,0,Y,,H-ZD,022
1141140161804,021,分类,22,6,Y,"H-T0263,H-T0300",H-ZD,"021,034"
1141140161804,034,发货,1,0,Y,,H-ZD,"021,034"
1141140161805,021,分类,26,26,Y,"H-T0263,H-T0300",H-ZD,021
1141140161806,022,分类,7,7,Y,"H-T0088,H-T0234",H-ZD,022
1141140161807,022,分类,12,6,Y,H-T0088,H-ZD,022
1141140534404,021,分类,1,1,Y,H-T0263,H-ZD,021
1141140534405,030,分类,1,1,Y,H-T0289,H-ZD,030
1141140561802,023,分类,1,1,Y,H-T0294,H-ZD,023
1141140561804,031,分类,1,0,Y,,H-ZD,031
1141140572806,025,分类,1,1,Y,H-T0484,H-ZD,025
1141510334405,022,分类,1,1,Y,H-T0234,H-ZD,022
1141510334407,029,分类,1,1,Y,H-T0285,H-ZD,029
1141510373303,028,分类,1,0,Y,,H-ZD,028
1142120149702,035,分类,1,1,Y,H-T0064,H-ZD,035
1142120180602,030,分类,4,4,Y,H-T0289,H-ZD,030
1142120934403,021,分类,1,1,Y,H-T0226,H-ZD,021
1142120934404,021,分类,1,1,Y,H-T0263,H-ZD,021
1142120934406,021,分类,1,1,Y,H-T0226,H-ZD,021
1142120961803,035,分类,1,1,Y,H-T0064,H-ZD,035
1142120972802,030,分类,1,1,Y,H-T0289,H-ZD,030
1142120972804,025,分类,1,1,Y,H-T0484,H-ZD,025
1142121561805,024,分类,1,1,Y,H-T0228,H-ZD,024
1142141134402,023,分类,1,1,Y,H-T0294,H-ZD,023
1142141134406,029,分类,1,0,Y,,H-ZD,029
1142141172806,024,分类,1,1,Y,H-T0228,H-ZD,024
1142144361803,028,分类,1,1,Y,H-T0237,H-ZD,028
1142144370806,029,分类,1,1,Y,H-T0285,H-ZD,029
1142150334403,052,分类,1,1,Y,H-T0261,H-ZD,052
1142150334405,053,分类,2,2,Y,H-T0269,H-ZD,053
1142150349802,055,分类,1,1,Y,H-T0265,H-ZD,055
1142150349803,025,分类,1,1,Y,H-T0484,H-ZD,025
1142150349804,051,分类,5,1,Y,H-T0300,H-ZD,051
1142150361803,041,分类,1,1,Y,H-T0246,H-ZD,041
1142150761803,034,发货,1,1,Y,H-T0007,H-ZD,034
1142150761804,022,分类,3,3,Y,H-T0088,H-ZD,022
1142150761806,034,发货,1,1,Y,H-T0019,H-ZD,034
1142150773202,020,分类,35,35,Y,H-T0229,H-ZD,020
1142150949402,018,分类,73,73,Y,H-T0077,H-ZD,018
1142150949404,020,分类,1,1,Y,H-T0156,H-ZD,020
1142150961802,022,分类,38,38,Y,H-T0088,H-ZD,022
1142150961803,017,分类,76,152,Y,"H-T0227,H-T0253",H-ZD,017
1142150961804,022,分类,2,2,Y,H-T0088,H-ZD,022
1142151361807,024,分类,1,1,Y,H-T0228,H-ZD,024
1142151373207,025,分类,1,1,Y,H-T0484,H-ZD,025
1142151380906,029,分类,1,0,Y,,H-ZD,029
1142151380907,025,分类,1,1,Y,H-T0484,H-ZD,025
1142151749403,023,分类,4,4,Y,H-T0294,H-ZD,023
1142151749404,024,分类,2,2,Y,H-T0228,H-ZD,024
1142151749407,028,分类,1,1,Y,H-T0237,H-ZD,028
1142151761803,030,分类,1,1,Y,H-T0289,H-ZD,030
1142151949805,028,分类,1,1,Y,H-T0237,H-ZD,028
1142151973207,029,分类,1,1,Y,H-T0285,H-ZD,029
1142152149403,028,分类,1,0,Y,,H-ZD,028
1142152149705,028,分类,1,0,Y,,H-ZD,028
1142152180906,029,分类,1,1,Y,H-T0285,H-ZD,029
1142153130505,022,分类,1,0,Y,,H-ZD,022
1142153161802,024,分类,1,1,Y,H-T0228,H-ZD,024
1142153161806,022,分类,1,1,Y,H-T0234,H-ZD,022
1142153311304,023,分类,1,1,Y,H-T0294,H-ZD,023
1142153315105,023,分类,1,1,Y,H-T0294,H-ZD,023
1142153341206,020,分类,1,1,Y,H-T0258,H-ZD,020
1142153341208,021,分类,14,14,Y,H-T0263,H-ZD,021
1142153349402,021,分类,1,1,Y,H-T0226,H-ZD,021
1142153349403,021,分类,43,43,Y,H-T0263,H-ZD,021
1142153350904,023,分类,1,1,Y,H-T0294,H-ZD,023
1142153350905,023,分类,1,1,Y,H-T0294,H-ZD,023
1142153734404,027,分类,1,1,Y,H-T0231,H-ZD,027
1142155773402,024,分类,1,1,Y,H-T0228,H-ZD,024
11430100127602,024,分类,2,1,Y,H-T0228,H-ZD,024
11430100134006,057,分类,1,0,Y,,H-ZD,057
11430100184306,044,分类,1,0,Y,,H-ZD,044
11430101133903,044,分类,1,1,Y,H-T0264,H-ZD,044
11430101133906,044,分类,1,1,Y,H-T0495,H-ZD,044
11430101161803,044,分类,1,1,Y,H-T0264,H-ZD,044
11430101161804,044,分类,1,1,Y,H-T0264,H-ZD,044
11430101161805,044,分类,1,1,Y,H-T0264,H-ZD,044
11430101172802,037,分类,1,1,Y,H-T0149,H-ZD,037
11430101172803,044,分类,2,2,Y,H-T0264,H-ZD,044
11430101172804,044,分类,3,3,Y,H-T0073,H-ZD,044
11430101172806,044,分类,3,3,Y,H-T0264,H-ZD,044
11430101172807,044,分类,1,0,Y,,H-ZD,044
11430101334003,044,分类,2,2,Y,H-T0073,H-ZD,044
11430101361802,023,分类,5,5,Y,H-T0294,H-ZD,023
11430101361807,023,分类,1,1,Y,H-T0294,H-ZD,023
11430101372803,044,分类,1,1,Y,H-T0495,H-ZD,044
11430101372804,039,分类,3,3,Y,H-T0146,H-ZD,039
11430101372806,034,发货,1,1,Y,H-T0019,H-ZD,"034,037"
11430101372806,037,分类,3,0,Y,,H-ZD,"034,037"
11430101373202,044,分类,2,0,Y,,H-ZD,044
11430101373203,044,分类,2,2,Y,H-T0495,H-ZD,044
11430101532803,037,分类,2,2,Y,H-T0070,H-ZD,037
11430101532806,037,分类,2,2,Y,H-T0081,H-ZD,037
11430101572806,022,分类,1,1,Y,H-T0234,H-ZD,022
11430101572807,030,分类,1,1,Y,H-T0289,H-ZD,030
11430101573206,047,分类,1,1,Y,H-T0267,H-ZD,047
11430102321203,037,分类,1,0,Y,,H-ZD,037
11430102321204,039,分类,1,1,Y,H-T0146,H-ZD,039
11430102321205,035,分类,1,1,Y,H-T0064,H-ZD,035
11430102321207,039,分类,1,0,Y,,H-ZD,039
11430102361807,066,异常,1,0,Y,,H-ZD,066
11430102384303,066,异常,1,0,Y,,H-ZD,066
11430102384307,066,异常,1,0,Y,,H-ZD,066
114301029608402,041,分类,1,1,Y,H-T0246,H-ZD,041
114301029608702,021,分类,3,3,Y,H-T0263,H-ZD,021
114301029608705,021,分类,1,0,Y,,H-ZD,021
11430102967302,066,异常,1,0,Y,,H-ZD,066
11430103312702,066,异常,1,0,Y,,H-ZD,066
114301037110803,066,异常,2,0,Y,,H-ZD,066
114301037207902,066,异常,2,0,Y,,H-ZD,066
11430103732806,029,分类,1,1,Y,H-T0285,H-ZD,029
11430103774202,020,分类,2,1,Y,H-T0479,H-ZD,020
11430103774203,023,分类,1,1,Y,H-T0294,H-ZD,023
11430103931403,066,异常,1,0,Y,,H-ZD,066
11430106312702,024,分类,1,1,Y,H-T0228,H-ZD,024
11430106312703,023,分类,1,0,Y,,H-ZD,023
11430106332802,024,分类,1,1,Y,H-T0228,H-ZD,024
11430106332803,023,分类,1,0,Y,,H-ZD,023
11430106341602,024,分类,2,2,Y,H-T0228,H-ZD,024
11430106341603,023,分类,1,0,Y,,H-ZD,023
11430106360403,023,分类,1,0,Y,,H-ZD,023
114301065601803,022,分类,1,1,Y,H-T0088,H-ZD,022
114301065601804,042,分类,6,0,Y,,H-ZD,042
114301065601805,066,异常,1,0,Y,,H-ZD,066
114301065704203,037,分类,1,1,Y,H-T0081,H-ZD,037
114301071804304,034,发货,1,1,Y,H-T0074,H-ZD,034
114301079205904,066,异常,1,0,Y,,H-ZD,066
114301079205905,066,异常,1,0,Y,,H-ZD,066
114301079205906,066,异常,2,0,Y,,H-ZD,066
114301079301402,066,异常,2,0,Y,,H-ZD,066
114301079301403,066,异常,1,0,Y,,H-ZD,066
114301079301404,066,异常,2,0,Y,,H-ZD,066
114301085302801,041,分类,1,1,Y,H-T0246,H-ZD,041
114301085302803,041,分类,1,0,Y,,H-ZD,041
114301087102902,044,分类,1,1,Y,H-T0073,H-ZD,044
114301087102903,044,分类,1,1,Y,H-T0073,H-ZD,044
114301087302805,036,分类,1,1,Y,H-T0061,H-ZD,036
114301087302806,023,分类,1,0,Y,,H-ZD,023
114301087402001,044,分类,2,2,Y,H-T0073,H-ZD,044
114301087402002,044,分类,1,0,Y,,H-ZD,044
114301087402003,044,分类,1,1,Y,H-T0073,H-ZD,044
114301087402004,044,分类,1,1,Y,H-T0073,H-ZD,044
114301087402005,044,分类,1,0,Y,,H-ZD,044
11430208161802,066,异常,1,0,Y,,H-ZD,066
11430208161804,066,异常,1,0,Y,,H-ZD,066
11430208161805,034,发货,1,1,Y,H-T0019,H-ZD,"034,066"
11430208161805,066,异常,2,0,Y,,H-ZD,"034,066"
11430208172803,066,异常,1,0,Y,,H-ZD,066
11430208172804,066,异常,1,0,Y,,H-ZD,066
11430208360403,066,异常,1,0,Y,,H-ZD,066
11430208360405,066,异常,2,0,Y,,H-ZD,066
11430614134004,044,分类,1,1,Y,H-T0073,H-ZD,044
114306147200104,021,分类,1,1,Y,H-T0300,H-ZD,021
11430614731404,021,分类,1,1,Y,H-T0300,H-ZD,021
11430614731405,021,分类,1,1,Y,H-T0300,H-ZD,021
11430614761804,024,分类,2,2,Y,H-T0298,H-ZD,024
11430614928002,028,分类,1,1,Y,H-T0237,H-ZD,028
11430614928003,020,分类,4,4,Y,"H-T0156,H-T0479",H-ZD,020
11430614928005,036,分类,1,1,Y,H-T0146,H-ZD,036
11430614934002,066,异常,1,0,Y,,H-ZD,066
11430615112702,022,分类,2,0,Y,,H-ZD,022
11430615112703,038,分类,2,0,Y,,H-ZD,038
11430615112704,042,分类,1,1,Y,H-T0072,H-ZD,042
11430615112706,021,分类,2,0,Y,,H-ZD,021
11430615161802,038,分类,1,0,Y,,H-ZD,038
11430615161803,038,分类,1,1,Y,H-T0149,H-ZD,038
11430615161804,021,分类,3,3,Y,H-T0263,H-ZD,021
11430615161805,028,分类,5,0,Y,,H-ZD,028
11430615161806,027,分类,1,1,Y,H-T0284,H-ZD,027
11430615172802,022,分类,2,0,Y,,H-ZD,022
11430615172803,037,分类,1,0,Y,,H-ZD,037
11430615172805,037,分类,1,1,Y,H-T0081,H-ZD,037
11430615172807,044,分类,1,1,Y,H-T0073,H-ZD,044
11430716161804,022,分类,3,1,Y,H-T0234,H-ZD,022
11430716161805,023,分类,1,1,Y,H-T0294,H-ZD,023
11430716349703,044,分类,1,1,Y,H-T0264,H-ZD,044
11430716349704,027,分类,2,2,Y,H-T0284,H-ZD,027
11430716372804,027,分类,1,1,Y,H-T0284,H-ZD,027
11430716372807,021,分类,1,1,Y,H-T0300,H-ZD,"021,034"
11430716372807,034,发货,1,0,Y,,H-ZD,"021,034"
11430716532805,029,分类,1,0,Y,,H-ZD,029
11430716724707,022,分类,1,1,Y,H-T0088,H-ZD,022
11430716761802,022,分类,1,1,Y,H-T0088,H-ZD,022
11430716761804,022,分类,1,1,Y,H-T0088,H-ZD,022
11430716761805,022,分类,1,1,Y,H-T0088,H-ZD,022
11430716761806,022,分类,1,1,Y,H-T0088,H-ZD,022
11430716772804,022,分类,1,1,Y,H-T0088,H-ZD,022
11430716932802,044,分类,1,1,Y,H-T0073,H-ZD,044
11430716932803,044,分类,2,2,Y,H-T0073,H-ZD,044
11430716932804,044,分类,3,3,Y,H-T0073,H-ZD,044
11430716932805,044,分类,1,1,Y,H-T0073,H-ZD,044
11430716932806,044,分类,1,1,Y,H-T0264,H-ZD,044
11430716961804,066,异常,2,0,Y,,H-ZD,066
11430716961805,066,异常,3,0,Y,,H-ZD,066
11430716961806,066,异常,1,0,Y,,H-ZD,066
11430716972803,066,异常,1,0,Y,,H-ZD,066
11430716972804,066,异常,3,0,Y,,H-ZD,066
11430716972805,066,异常,2,0,Y,,H-ZD,066
11430716972806,066,异常,2,0,Y,,H-ZD,066
11430716972807,066,异常,1,0,Y,,H-ZD,066
11430717534007,044,分类,1,1,Y,H-T0073,H-ZD,044
11431018314604,023,分类,1,1,Y,H-T0294,H-ZD,023
11431018341804,023,分类,1,1,Y,H-T0294,H-ZD,023
114310191200103,044,分类,3,3,Y,"H-T0073,H-T0264",H-ZD,044
114310191200104,038,分类,5,1,Y,H-T0263,H-ZD,038
114310191200105,066,异常,2,0,Y,,H-ZD,066
114310191200107,035,分类,1,1,Y,H-T0032,H-ZD,035
11431019131402,038,分类,1,1,Y,H-T0149,H-ZD,038
11431019131403,044,分类,2,2,Y,H-T0264,H-ZD,044
11431019131405,042,分类,2,2,Y,"H-T0072,H-T0275",H-ZD,042
11431019149702,066,异常,4,0,Y,,H-ZD,066
11431019149703,066,异常,1,0,Y,,H-ZD,066
11431019149704,066,异常,2,0,Y,,H-ZD,066
11431019149705,066,异常,2,0,Y,,H-ZD,066
11431019149706,066,异常,11,0,Y,,H-ZD,066
11431019149707,066,异常,2,0,Y,,H-ZD,066
114310191612402,026,分类,2,2,Y,H-T0287,H-ZD,026
114310191612403,036,分类,1,1,Y,H-T0061,H-ZD,036
114310191612405,026,分类,1,1,Y,H-T0287,H-ZD,026
11431019161802,066,异常,1,0,Y,,H-ZD,066
11431019161804,066,异常,2,0,Y,,H-ZD,066
11431019161805,066,异常,4,0,Y,,H-ZD,066
114310201200304,044,分类,1,1,Y,H-T0073,H-ZD,044
11431020134003,021,分类,4,4,Y,H-T0263,H-ZD,021
114310201400205,042,分类,1,1,Y,H-T0275,H-ZD,042
11431020161802,037,分类,2,2,Y,H-T0081,H-ZD,037
11431020161803,039,分类,1,0,Y,,H-ZD,039
11431020314602,045,分类,1,1,Y,H-T0067,H-ZD,045
11431020314603,045,分类,1,1,Y,H-T0067,H-ZD,045
11431020314607,045,分类,1,1,Y,H-T0094,H-ZD,045
11431020334005,027,分类,4,1,Y,H-T0284,H-ZD,027
11431020341805,045,分类,2,2,Y,"H-T0094,H-T0103",H-ZD,045
11431020341807,045,分类,1,1,Y,H-T0094,H-ZD,045
11431020360403,045,分类,1,1,Y,H-T0094,H-ZD,045
11431020360404,045,分类,1,1,Y,H-T0094,H-ZD,045
11431020360405,042,分类,1,1,Y,H-T0275,H-ZD,042
11431437172803,021,分类,1,1,Y,H-T0263,H-ZD,021
11431437172804,041,分类,1,1,Y,H-T0246,H-ZD,041
11431437172805,022,分类,3,0,Y,,H-ZD,022
11431437173202,041,分类,1,1,Y,H-T0246,H-ZD,041
11431437173204,066,异常,2,0,Y,,H-ZD,066
11431437534004,066,异常,2,0,Y,,H-ZD,066
11431437572805,029,分类,3,3,Y,H-T0285,H-ZD,029
11431538134005,056,分类,1,1,Y,H-T0270,H-ZD,056
11431538527903,029,分类,3,3,Y,H-T0285,H-ZD,029
11431538527907,052,分类,1,1,Y,H-T0261,H-ZD,052
11431538574402,020,分类,8,8,Y,H-T0229,H-ZD,020
114315393704102,038,分类,1,1,Y,H-T0149,H-ZD,038
114315393704104,037,分类,1,1,Y,H-T0081,H-ZD,037
11431539535802,060,分类,1,0,Y,,H-ZD,060
11431539535805,030,分类,2,2,Y,H-T0289,H-ZD,030
11431539561804,053,分类,3,3,Y,H-T0269,H-ZD,053
11431539561805,066,异常,4,0,Y,,H-ZD,066
11431539561806,053,分类,3,3,Y,H-T0269,H-ZD,053
11431539574503,060,分类,2,2,Y,H-T0261,H-ZD,060
11431539574506,047,分类,1,1,Y,H-T0295,H-ZD,047
11431539741406,028,分类,1,1,Y,H-T0237,H-ZD,028
11431539761806,023,分类,1,1,Y,H-T0294,H-ZD,023
11431842361804,045,分类,1,0,Y,,H-ZD,045
11435109149702,024,分类,1,1,Y,H-T0497,H-ZD,024
11435109161802,040,分类,1,0,Y,,H-ZD,040
11435109184302,024,分类,1,1,Y,H-T0228,H-ZD,024
11435109184303,035,分类,1,0,Y,,H-ZD,035
11437612927702,030,分类,2,2,Y,H-T0289,H-ZD,030
11437612927704,020,分类,3,3,Y,H-T0479,H-ZD,020
11437612934002,030,分类,1,1,Y,H-T0289,H-ZD,030
11437612934003,066,异常,1,0,Y,,H-ZD,066
11437612934005,066,异常,1,0,Y,,H-ZD,066
11437612941602,030,分类,2,2,Y,H-T0289,H-ZD,030
11437612941604,045,分类,1,1,Y,H-T0067,H-ZD,045
11437612960402,045,分类,1,1,Y,H-T0067,H-ZD,045
11437612960403,027,分类,2,0,Y,,H-ZD,027
11437736561805,047,分类,1,1,Y,H-T0295,H-ZD,047
11440104114603,066,异常,1,0,Y,,H-ZD,066
114401041402204,041,分类,1,1,Y,H-T0246,H-ZD,041
114401041809104,066,异常,1,0,Y,,H-ZD,066
11440105512703,045,分类,3,3,Y,H-T0067,H-ZD,045
11440105512706,045,分类,1,1,Y,H-T0067,H-ZD,045
11440105524703,045,分类,1,1,Y,H-T0067,H-ZD,045
11440105561802,035,分类,2,2,Y,H-T0064,H-ZD,035
114401061601803,030,分类,1,1,Y,H-T0289,H-ZD,030
114401061601804,037,分类,1,1,Y,H-T0081,H-ZD,037
114401061601807,028,分类,1,1,Y,H-T0237,H-ZD,028
114401069601806,034,发货,1,1,Y,H-T0244,H-ZD,034
11440825561802,045,分类,1,1,Y,H-T0103,H-ZD,045
11440825561803,045,分类,1,1,Y,H-T0103,H-ZD,045
11440825761802,040,分类,4,2,Y,H-T0068,H-ZD,040
11440825761804,037,分类,6,4,Y,H-T0081,H-ZD,037
11440825761805,041,分类,1,1,Y,H-T0246,H-ZD,041
11440825761806,045,分类,1,1,Y,H-T0067,H-ZD,045
11440825784302,045,分类,1,1,Y,H-T0067,H-ZD,045
11440825784303,030,分类,1,1,Y,H-T0289,H-ZD,030
11440825784305,029,分类,1,1,Y,H-T0285,H-ZD,029
11440825784306,045,分类,1,1,Y,H-T0067,H-ZD,045
11440825961804,045,分类,1,1,Y,H-T0067,H-ZD,045
11440826531404,045,分类,1,0,Y,,H-ZD,045
11440827335704,045,分类,1,1,Y,H-T0067,H-ZD,045
11440827361804,037,分类,1,1,Y,H-T0081,H-ZD,037
11440827370802,045,分类,1,1,Y,H-T0067,H-ZD,045
11440827370803,045,分类,1,1,Y,H-T0067,H-ZD,045
11440827370804,045,分类,1,1,Y,H-T0067,H-ZD,045
114408277100102,020,分类,2,2,Y,H-T0479,H-ZD,020
11440827732802,020,分类,2,1,Y,H-T0479,H-ZD,020
11440827732803,039,分类,1,1,Y,H-T0069,H-ZD,039
11440827761802,020,分类,2,0,Y,,H-ZD,020
11440827761807,028,分类,1,1,Y,H-T0237,H-ZD,028
11440827911704,023,分类,1,0,Y,,H-ZD,023
11440828114602,066,异常,2,0,Y,,H-ZD,066
11440828114603,066,异常,1,0,Y,,H-ZD,066
11440828114604,066,异常,4,0,Y,,H-ZD,066
11440828114605,066,异常,4,0,Y,,H-ZD,066
11440828145702,032,分类,5,4,Y,H-T0290,H-ZD,032
11440828145706,032,分类,1,1,Y,H-T0290,H-ZD,032
11440828160402,034,发货,1,0,Y,,H-ZD,034
11440828160404,032,分类,1,1,Y,H-T0290,H-ZD,032
11440828160405,032,分类,1,1,Y,H-T0290,H-ZD,032
11440934161803,037,分类,3,3,Y,H-T0149,H-ZD,037
11440934161806,031,分类,4,4,Y,H-T0156,H-ZD,031
11440934161807,021,分类,1,1,Y,H-T0263,H-ZD,021
115101001208202,025,分类,1,1,Y,H-T0484,H-ZD,"025,034"
115101001208202,034,发货,1,1,Y,H-T0244,H-ZD,"025,034"
115101001208205,025,分类,1,1,Y,H-T0095,H-ZD,025
115101001208206,025,分类,1,1,Y,H-T0484,H-ZD,025
115101001502701,045,分类,1,1,Y,H-T0103,H-ZD,045
115101001502702,034,发货,2,1,Y,H-T0007,H-ZD,"034,045"
115101001502702,045,分类,1,1,Y,H-T0094,H-ZD,"034,045"
115101001502703,034,发货,1,1,Y,H-T0007,H-ZD,034
115101001502704,034,发货,1,1,Y,H-T0019,H-ZD,"034,045"
115101001502704,045,分类,2,2,Y,H-T0094,H-ZD,"034,045"
115101001601801,020,分类,2,2,Y,H-T0479,H-ZD,020
115101001601805,046,分类,1,1,Y,H-T0144,H-ZD,046
115101001605701,021,分类,2,0,Y,,H-ZD,021
115101001605702,021,分类,1,0,Y,,H-ZD,021
115101001605706,022,分类,1,0,Y,,H-ZD,022
115101001804301,034,发货,1,1,Y,H-T0007,H-ZD,034
115101001804302,045,分类,2,2,Y,"H-T0094,H-T0103",H-ZD,045
115101001804303,034,发货,1,1,Y,H-T0147,H-ZD,034
115101001804304,045,分类,2,2,Y,H-T0094,H-ZD,045
115101007606505,046,分类,2,2,Y,H-T0266,H-ZD,046
115101013110802,022,分类,1,1,Y,H-T0234,H-ZD,022
115101013110803,022,分类,1,1,Y,H-T0234,H-ZD,"022,034"
115101013110803,034,发货,1,1,Y,H-T0244,H-ZD,"022,034"
115101013110807,028,分类,1,1,Y,H-T0237,H-ZD,028
115101013411604,041,分类,1,1,Y,H-T0246,H-ZD,041
115101013411605,022,分类,1,1,Y,H-T0234,H-ZD,022
115101013411607,022,分类,1,1,Y,H-T0234,H-ZD,022
115101013804307,022,分类,1,1,Y,H-T0234,H-ZD,022
115101019210802,024,分类,3,3,Y,H-T0497,H-ZD,024
115101019411602,024,分类,1,1,Y,H-T0228,H-ZD,024
115101019601806,046,分类,1,1,Y,H-T0266,H-ZD,046
115102001601803,066,异常,1,0,Y,,H-ZD,066
115102001804304,066,异常,1,0,Y,,H-ZD,066
115106001304402,066,异常,3,0,Y,,H-ZD,066
115106001304403,066,异常,5,0,Y,,H-ZD,066
115106001411602,021,分类,1,0,Y,,H-ZD,021
115106001411603,021,分类,2,2,Y,H-T0300,H-ZD,021
115106001411604,041,分类,1,1,Y,H-T0246,H-ZD,041
115106001601802,066,异常,2,0,Y,,H-ZD,066
115106001601804,066,异常,1,0,Y,,H-ZD,066
115106001703302,024,分类,11,11,Y,H-T0228,H-ZD,024
115106001703304,037,分类,2,2,Y,H-T0070,H-ZD,037
115106001703307,035,分类,2,2,Y,H-T0064,H-ZD,035
115106003208202,037,分类,2,2,Y,H-T0070,H-ZD,037
115106003208203,038,分类,2,2,Y,H-T0149,H-ZD,038
115106003305702,037,分类,8,8,Y,H-T0070,H-ZD,037
115106003305703,041,分类,3,3,Y,H-T0246,H-ZD,041
115106003305705,022,分类,4,4,Y,H-T0234,H-ZD,022
115106003305706,035,分类,1,1,Y,H-T0064,H-ZD,035
115106003601802,066,异常,1,0,Y,,H-ZD,066
115106003601804,066,异常,1,0,Y,,H-ZD,066
115106003601805,066,异常,1,0,Y,,H-ZD,066
115106003703302,020,分类,7,7,Y,H-T0479,H-ZD,020
115106003703303,046,分类,1,1,Y,H-T0266,H-ZD,046
115106014402204,066,异常,1,0,Y,,H-ZD,066
115106014402206,066,异常,1,0,Y,,H-ZD,066
115106014600402,066,异常,1,0,Y,,H-ZD,066
115106014600404,066,异常,1,0,Y,,H-ZD,066
115106014600405,066,异常,2,0,Y,,H-ZD,066
115107001601802,041,分类,1,0,Y,,H-ZD,041
115107001601805,066,异常,1,0,Y,,H-ZD,066
115107003304002,026,分类,5,5,Y,H-T0287,H-ZD,026
115107003304003,030,分类,6,6,Y,H-T0289,H-ZD,030
115107003304004,026,分类,1,0,Y,,H-ZD,026
115107003304005,025,分类,5,0,Y,,H-ZD,025
115107003304006,042,分类,1,1,Y,H-T0072,H-ZD,042
115107003304007,027,分类,1,0,Y,,H-ZD,027
115107003309303,027,分类,7,0,Y,,H-ZD,027
115107003309304,021,分类,2,1,Y,H-T0263,H-ZD,021
115107003309305,041,分类,2,2,Y,H-T0246,H-ZD,041
115107003309306,066,异常,1,0,Y,,H-ZD,066
115107003601802,066,异常,2,0,Y,,H-ZD,066
115107003601804,066,异常,1,0,Y,,H-ZD,066
115107003601806,066,异常,1,0,Y,,H-ZD,066
115107016600404,034,发货,1,1,Y,H-T0007,H-ZD,034
115107016600406,022,分类,1,1,Y,H-T0088,H-ZD,022
115107016700305,062,分类,1,1,Y,H-T0280,H-ZD,062
115107016700306,062,分类,1,1,Y,H-T0280,H-ZD,062
115110021405204,038,分类,1,1,Y,H-T0263,H-ZD,038
115114001304403,023,分类,2,2,Y,H-T0294,H-ZD,023
115114001304405,025,分类,1,1,Y,H-T0484,H-ZD,025
115114001601803,046,分类,1,1,Y,H-T0144,H-ZD,046
115116007305705,021,分类,1,1,Y,H-T0263,H-ZD,021
115116007305707,046,分类,1,1,Y,H-T0266,H-ZD,046
115116007703307,025,分类,1,1,Y,H-T0484,H-ZD,025
115116021402202,026,分类,1,1,Y,H-T0287,H-ZD,026
115116021402203,030,分类,2,2,Y,H-T0289,H-ZD,030
115116021402204,022,分类,6,0,Y,,H-ZD,022
115116021402205,021,分类,4,4,Y,H-T0226,H-ZD,021
115116021402206,020,分类,2,0,Y,,H-ZD,020
115116021402207,021,分类,3,3,Y,H-T0263,H-ZD,021
115116021600404,029,分类,3,3,Y,H-T0285,H-ZD,029
115116021800602,026,分类,1,1,Y,H-T0287,H-ZD,026
115116021800603,029,分类,4,4,Y,H-T0285,H-ZD,029
115116021800604,029,分类,3,3,Y,H-T0285,H-ZD,029
115116021800605,021,分类,2,2,Y,H-T0263,H-ZD,021
115116021800606,063,分类,1,1,Y,H-T0291,H-ZD,063
115116021800607,021,分类,2,1,Y,H-T0263,H-ZD,021
115119031203144,066,异常,1,0,Y,,H-ZD,066
115119031600442,066,异常,1,0,Y,,H-ZD,066
115151005309302,030,分类,1,0,Y,,H-ZD,030
115151005601803,046,分类,1,1,Y,H-T0144,H-ZD,046
115151005706002,046,分类,1,1,Y,H-T0266,H-ZD,046
115151007703305,029,分类,1,1,Y,H-T0285,H-ZD,029
115151009304403,022,分类,2,1,Y,H-T0234,H-ZD,022
115151009304405,028,分类,2,2,Y,"H-T0237,H-T0292",H-ZD,028
115151009304407,046,分类,2,2,Y,H-T0266,H-ZD,046
115151009601802,029,分类,1,1,Y,H-T0285,H-ZD,029
115151009601803,021,分类,7,7,Y,H-T0263,H-ZD,021
115151009601805,022,分类,13,13,Y,H-T0088,H-ZD,022
115151009601806,021,分类,2,2,Y,H-T0300,H-ZD,021
115151009802502,021,分类,2,0,Y,,H-ZD,021
115151009802504,046,分类,2,2,Y,H-T0266,H-ZD,046
115151009802506,028,分类,1,1,Y,H-T0237,H-ZD,028
115151009802507,046,分类,1,1,Y,H-T0266,H-ZD,046
115212003304402,024,分类,3,3,Y,H-T0228,H-ZD,024
115212003411602,035,分类,3,0,Y,,H-ZD,035
115212003411606,021,分类,1,1,Y,H-T0263,H-ZD,021
115212003411607,021,分类,1,1,Y,H-T0263,H-ZD,021
115212003601806,066,异常,1,0,Y,,H-ZD,066
115212005601802,030,分类,1,1,Y,H-T0289,H-ZD,030
115212005703202,030,分类,1,1,Y,H-T0289,H-ZD,030
115212005703203,036,分类,1,1,Y,H-T0061,H-ZD,036
115212005802502,030,分类,1,1,Y,H-T0289,H-ZD,030
115212005802507,026,分类,1,1,Y,H-T0287,H-ZD,026
115212007411502,038,分类,2,1,Y,H-T0149,H-ZD,038
115212013304402,023,分类,1,1,Y,H-T0294,H-ZD,023
115212013304405,022,分类,2,2,Y,H-T0234,H-ZD,022
115212013601803,025,分类,1,1,Y,H-T0484,H-ZD,025
115212013601804,022,分类,4,4,Y,H-T0234,H-ZD,022
115212013703303,026,分类,1,1,Y,H-T0287,H-ZD,026
115212013703304,022,分类,2,2,Y,H-T0088,H-ZD,022
115212013703305,022,分类,2,2,Y,H-T0234,H-ZD,022
115212013703306,029,分类,1,1,Y,H-T0285,H-ZD,029
115212013703307,022,分类,4,4,Y,H-T0234,H-ZD,022
115214005601802,038,分类,1,1,Y,H-T0149,H-ZD,038
115214005601804,030,分类,1,1,Y,H-T0289,H-ZD,030
115214005703302,024,分类,4,4,Y,H-T0228,H-ZD,024
115214005703304,024,分类,1,1,Y,H-T0228,H-ZD,024
115214005703306,024,分类,1,1,Y,H-T0228,H-ZD,024
115214005703307,024,分类,1,1,Y,H-T0228,H-ZD,024
115214007210905,046,分类,1,1,Y,H-T0266,H-ZD,046
115214013703302,036,分类,1,1,Y,H-T0061,H-ZD,036
115214021304402,062,分类,1,1,Y,H-T0280,H-ZD,062
115214021304405,041,分类,1,1,Y,H-T0246,H-ZD,041
115214021304406,030,分类,2,2,Y,H-T0289,H-ZD,030
115214021601804,066,异常,1,0,Y,,H-ZD,066
115214021601805,066,异常,1,0,Y,,H-ZD,066
115214023302203,027,分类,8,2,Y,H-T0231,H-ZD,027
115214023302204,030,分类,1,0,Y,,H-ZD,030
115214023302205,027,分类,1,1,Y,H-T0231,H-ZD,027
115214023302207,037,分类,1,1,Y,H-T0081,H-ZD,037
115214023600405,066,异常,1,0,Y,,H-ZD,066
115214025600404,022,分类,1,1,Y,H-T0088,H-ZD,022
115214025600405,022,分类,2,2,Y,H-T0088,H-ZD,022
115214025600406,022,分类,1,1,Y,H-T0088,H-ZD,022
115214025700303,066,异常,1,0,Y,,H-ZD,066
115214025700307,066,异常,3,0,Y,,H-ZD,066
115215001304406,030,分类,1,1,Y,H-T0289,H-ZD,030
115215001304407,026,分类,1,1,Y,H-T0287,H-ZD,026
115215001601802,024,分类,2,2,Y,H-T0228,H-ZD,024
115215001601803,021,分类,1,0,Y,,H-ZD,021
115215001601804,029,分类,2,1,Y,H-T0285,H-ZD,029
115215001601805,028,分类,1,0,Y,,H-ZD,028
115215005305802,021,分类,3,3,Y,H-T0263,H-ZD,021
115215005305803,022,分类,1,1,Y,H-T0088,H-ZD,022
115215005305804,027,分类,3,0,Y,,H-ZD,027
115215005601802,021,分类,6,6,Y,H-T0226,H-ZD,021
115215005601805,026,分类,3,2,Y,H-T0287,H-ZD,026
115215005704102,025,分类,4,4,Y,H-T0484,H-ZD,025
115215005704103,021,分类,4,4,Y,H-T0263,H-ZD,021
115215005704105,041,分类,3,1,Y,H-T0295,H-ZD,041
115215005804302,021,分类,9,8,Y,H-T0226,H-ZD,021
115215005804304,037,分类,2,2,Y,H-T0081,H-ZD,037
115215009204905,027,分类,4,0,Y,,H-ZD,027
115215009204906,040,分类,5,5,Y,H-T0068,H-ZD,040
115215009304402,022,分类,1,1,Y,H-T0234,H-ZD,022
115215009304403,021,分类,4,4,Y,H-T0263,H-ZD,021
115215009304404,022,分类,5,4,Y,H-T0234,H-ZD,022
115215009304405,037,分类,6,6,Y,H-T0070,H-ZD,037
115215009304406,038,分类,1,0,Y,,H-ZD,038
115215009601802,027,分类,1,1,Y,H-T0231,H-ZD,027
115215009601803,035,分类,4,0,Y,,H-ZD,035
115215009601805,066,异常,1,0,Y,,H-ZD,066
115215015703303,035,分类,2,0,Y,,H-ZD,035
115215015703304,037,分类,1,1,Y,H-T0081,H-ZD,037
115215017601802,030,分类,1,1,Y,H-T0289,H-ZD,030
115215017601803,036,分类,1,1,Y,H-T0061,H-ZD,036
115215017601805,039,分类,1,0,Y,,H-ZD,039
115215017800902,021,分类,1,1,Y,H-T0263,H-ZD,021
115215019411502,037,分类,1,1,Y,H-T0081,H-ZD,037
115215019411521,024,分类,1,1,Y,H-T0228,H-ZD,024
115215019601803,066,异常,1,0,Y,,H-ZD,066
115215019601805,066,异常,1,0,Y,,H-ZD,066
115215019601806,066,异常,3,0,Y,,H-ZD,066
115215019703203,066,异常,1,0,Y,,H-ZD,066
115215019703221,024,分类,1,1,Y,H-T0228,H-ZD,024
115215021309102,037,分类,1,1,Y,H-T0081,H-ZD,037
115215021309104,029,分类,3,3,Y,H-T0285,H-ZD,029
115215021309105,025,分类,4,4,Y,H-T0484,H-ZD,025
115215021309106,021,分类,3,2,Y,H-T0263,H-ZD,021
115215021309107,027,分类,1,1,Y,H-T0231,H-ZD,027
115215021703302,021,分类,4,0,Y,,H-ZD,021
115215021703303,027,分类,2,2,Y,H-T0231,H-ZD,027
115215021703304,021,分类,3,0,Y,,H-ZD,021
115215021703305,027,分类,4,0,Y,,H-ZD,027
115215021703306,035,分类,1,1,Y,H-T0064,H-ZD,035
115215021800902,029,分类,1,1,Y,H-T0285,H-ZD,029
115215021800904,027,分类,1,1,Y,H-T0231,H-ZD,027
115215021800905,035,分类,1,0,Y,,H-ZD,035
115215023304402,029,分类,1,1,Y,H-T0285,H-ZD,029
115215025304502,031,分类,3,3,Y,H-T0156,H-ZD,031
115215025304503,026,分类,7,6,Y,H-T0287,H-ZD,026
115215025304505,024,分类,7,7,Y,H-T0228,H-ZD,024
115215025304506,021,分类,6,5,Y,H-T0263,H-ZD,021
115215025410102,022,分类,4,4,Y,H-T0234,H-ZD,022
115215025410103,021,分类,12,0,Y,,H-ZD,021
115215025410104,036,分类,4,4,Y,H-T0061,H-ZD,036
115215025410105,021,分类,1,1,Y,H-T0263,H-ZD,021
115215025410106,022,分类,11,11,Y,H-T0234,H-ZD,022
115215025410107,027,分类,7,7,Y,H-T0231,H-ZD,027
115215025601802,035,分类,1,1,Y,H-T0064,H-ZD,035
115215025601804,026,分类,22,19,Y,H-T0287,H-ZD,026
115215025703303,021,分类,1,1,Y,H-T0263,H-ZD,021
115215025703305,021,分类,5,5,Y,H-T0263,H-ZD,021
115215025703307,021,分类,8,0,Y,,H-ZD,021
115215030305702,028,分类,1,0,Y,,H-ZD,028
115215030601802,023,分类,1,0,Y,,H-ZD,023
115215030800903,027,分类,1,0,Y,,H-ZD,027
115215037410103,030,分类,1,1,Y,H-T0289,H-ZD,030
115215037601803,038,分类,1,1,Y,H-T0149,H-ZD,038
115215039411505,036,分类,3,3,Y,H-T0061,H-ZD,036
115215039703306,066,异常,1,0,Y,,H-ZD,066
115251018305703,028,分类,1,1,Y,H-T0237,H-ZD,028
115251018600406,056,分类,1,1,Y,H-T0270,H-ZD,056
115251018600407,040,分类,1,1,Y,H-T0068,H-ZD,040
115278007601802,021,分类,3,3,Y,"H-T0226,H-T0263",H-ZD,021
115278007601804,021,分类,19,19,Y,H-T0263,H-ZD,021
115278007601805,021,分类,2,0,Y,,H-ZD,021
115278007703303,021,分类,4,3,Y,H-T0263,H-ZD,021
115278007703304,029,分类,2,2,Y,H-T0285,H-ZD,029
115278007703305,021,分类,4,4,Y,H-T0263,H-ZD,021
115278007703306,022,分类,1,1,Y,H-T0234,H-ZD,022
115278007703307,021,分类,4,4,Y,H-T0263,H-ZD,021
115301035211505,029,分类,1,1,Y,H-T0285,H-ZD,029
115301037601803,029,分类,1,1,Y,H-T0285,H-ZD,029
115301037706902,023,分类,1,1,Y,H-T0294,H-ZD,023
115301037706903,022,分类,1,1,Y,H-T0234,H-ZD,022
115301039111803,023,分类,4,4,Y,H-T0294,H-ZD,023
115301039412503,036,分类,1,1,Y,H-T0061,H-ZD,036
115301039412506,052,分类,1,1,Y,H-T0071,H-ZD,052
115301039601803,045,分类,1,1,Y,H-T0067,H-ZD,045
115301054102902,022,分类,2,2,Y,H-T0234,H-ZD,022
115301054110704,030,分类,1,1,Y,H-T0289,H-ZD,030
115301054110705,034,发货,1,1,Y,H-T0243,H-ZD,034
115301054206202,048,分类,1,1,Y,H-T0076,H-ZD,048
115301054206205,048,分类,1,1,Y,H-T0076,H-ZD,048
115301054414402,051,分类,1,1,Y,H-T0273,H-ZD,051
115301054414403,051,分类,2,2,Y,H-T0273,H-ZD,051
115301054414404,061,分类,2,2,Y,H-T0282,H-ZD,061
115301054414405,034,发货,1,1,Y,H-T0019,H-ZD,"034,036"
115301054414405,036,分类,1,1,Y,H-T0146,H-ZD,"034,036"
115301054601804,034,发货,1,1,Y,H-T0147,H-ZD,034
115301054601805,034,发货,1,1,Y,H-T0007,H-ZD,034
115301054804304,018,分类,65,14,Y,"H-T0077,H-T0236",H-ZD,018
115301054804307,030,分类,1,1,Y,H-T0289,H-ZD,"030,034"
115301054804307,034,发货,1,1,Y,H-T0074,H-ZD,"030,034"
115301063706902,029,分类,1,1,Y,H-T0285,H-ZD,029
115301080104807,021,分类,1,1,Y,H-T0263,H-ZD,021
115301080303902,020,分类,4,0,Y,,H-ZD,020
115301080303905,053,分类,1,1,Y,H-T0269,H-ZD,053
115301080303906,039,分类,3,3,Y,H-T0146,H-ZD,039
115301080303907,031,分类,1,1,Y,H-T0283,H-ZD,031
115301080601806,028,分类,1,1,Y,H-T0292,H-ZD,028
115301080601807,028,分类,1,1,Y,H-T0292,H-ZD,028
115301085208002,038,分类,1,0,Y,,H-ZD,038
115301085208003,036,分类,3,3,Y,H-T0061,H-ZD,036
115301085208005,031,分类,4,4,Y,"H-T0156,H-T0283",H-ZD,031
115301085208006,022,分类,1,0,Y,,H-ZD,022
115301085405205,031,分类,3,3,Y,H-T0156,H-ZD,031
115301085600404,028,分类,2,2,Y,H-T0237,H-ZD,028
115301085600406,022,分类,2,0,Y,,H-ZD,022
115301085802503,038,分类,1,0,Y,,H-ZD,038
115301085802505,031,分类,1,1,Y,H-T0283,H-ZD,031
115301085803602,038,分类,1,0,Y,,H-ZD,038
115301085803603,036,分类,1,1,Y,H-T0061,H-ZD,036
115301085803604,051,分类,1,1,Y,H-T0273,H-ZD,051
115301085803605,031,分类,4,4,Y,H-T0156,H-ZD,031
115301085803606,022,分类,2,0,Y,,H-ZD,022
115301085804304,040,分类,1,1,Y,H-T0494,H-ZD,040
115301085804305,021,分类,1,1,Y,H-T0226,H-ZD,021
115301098601805,022,分类,3,3,Y,H-T0088,H-ZD,"022,034"
115301098601805,034,发货,1,0,Y,,H-ZD,"022,034"
115301098601806,022,分类,1,1,Y,H-T0088,H-ZD,022
115301098601807,034,发货,1,1,Y,H-T0007,H-ZD,034
115302003212803,020,分类,6,6,Y,H-T0479,H-ZD,020
115302003212804,022,分类,3,3,Y,H-T0234,H-ZD,022
115302003212805,020,分类,8,8,Y,H-T0479,H-ZD,020
115302003212806,020,分类,1,1,Y,H-T0229,H-ZD,020
115302003601803,020,分类,9,9,Y,H-T0479,H-ZD,020
115302003601804,020,分类,7,7,Y,H-T0479,H-ZD,020
115302003601805,020,分类,7,7,Y,H-T0258,H-ZD,020
115302003601806,020,分类,11,11,Y,H-T0479,H-ZD,020
115302003804303,020,分类,1,1,Y,H-T0479,H-ZD,020
115302003804304,051,分类,1,1,Y,H-T0273,H-ZD,051
115302003804306,021,分类,4,4,Y,H-T0263,H-ZD,021
115302007301404,057,分类,2,2,Y,H-T0271,H-ZD,057
115302007301405,021,分类,4,4,Y,H-T0263,H-ZD,021
115302007601804,051,分类,1,1,Y,H-T0273,H-ZD,051
115302007601805,066,异常,1,0,Y,,H-ZD,066
115302007601806,066,异常,5,0,Y,,H-ZD,066
115302007707302,056,分类,1,1,Y,H-T0270,H-ZD,056
115302007707304,037,分类,1,1,Y,H-T0149,H-ZD,037
115302007707305,042,分类,2,2,Y,H-T0275,H-ZD,042
115302009601804,028,分类,1,1,Y,H-T0237,H-ZD,028
115302009706905,027,分类,1,1,Y,H-T0231,H-ZD,027
115306011205803,038,分类,1,1,Y,H-T0149,H-ZD,038
115306013411603,038,分类,1,0,Y,,H-ZD,038
115306013411606,023,分类,1,1,Y,H-T0294,H-ZD,023
115306017402204,021,分类,1,1,Y,H-T0300,H-ZD,021
115306017402206,034,发货,1,1,Y,H-T0147,H-ZD,034
115306017600402,021,分类,1,0,Y,,H-ZD,021
115306017600403,021,分类,1,1,Y,H-T0300,H-ZD,021
115306017600405,034,发货,1,1,Y,H-T0147,H-ZD,034
115306017600407,021,分类,1,1,Y,H-T0300,H-ZD,"021,034"
115306017600407,034,发货,1,1,Y,H-T0074,H-ZD,"021,034"
115306017700103,022,分类,10,10,Y,H-T0234,H-ZD,022
115306017700104,022,分类,1,2,Y,H-T0088,H-ZD,"022,034"
115306017700104,034,发货,1,0,Y,,H-ZD,"022,034"
115306017700105,022,分类,10,1,Y,H-T0088,H-ZD,022
115306017700106,022,分类,4,4,Y,H-T0234,H-ZD,022
115306017700107,022,分类,3,3,Y,H-T0234,H-ZD,022
115306019200102,038,分类,1,1,Y,H-T0149,H-ZD,038
115306019411602,020,分类,1,1,Y,H-T0258,H-ZD,020
115306019601803,046,分类,1,1,Y,H-T0144,H-ZD,046
115306019601805,046,分类,1,1,Y,H-T0266,H-ZD,046
115307005204902,027,分类,4,0,Y,,H-ZD,027
115307005204903,038,分类,5,5,Y,H-T0149,H-ZD,038
115307005204904,026,分类,8,5,Y,H-T0287,H-ZD,026
115307005204905,026,分类,7,7,Y,H-T0287,H-ZD,026
115307009707304,053,分类,1,0,Y,,H-ZD,053
115307011212804,038,分类,1,1,Y,H-T0149,H-ZD,038
115307011601803,059,分类,1,1,Y,H-T0277,H-ZD,059
115307021707002,022,分类,5,5,Y,H-T0234,H-ZD,022
115307021707003,022,分类,5,4,Y,H-T0234,H-ZD,022
115307021707004,022,分类,16,16,Y,H-T0234,H-ZD,022
115307021707005,022,分类,8,8,Y,H-T0088,H-ZD,022
115307021707006,022,分类,3,0,Y,,H-ZD,022
115307021707007,022,分类,5,5,Y,H-T0234,H-ZD,022
115308001601802,051,分类,1,1,Y,H-T0273,H-ZD,051
115308001601804,031,分类,6,6,Y,H-T0156,H-ZD,031
115308001601805,031,分类,5,5,Y,H-T0156,H-ZD,031
115308001601806,030,分类,3,0,Y,,H-ZD,030
115308001704102,054,分类,1,1,Y,H-T0268,H-ZD,054
115308001804302,035,分类,2,2,Y,H-T0064,H-ZD,035
115308001804303,030,分类,2,2,Y,H-T0289,H-ZD,030
115308001804304,031,分类,2,2,Y,H-T0156,H-ZD,031
115308001804306,031,分类,4,4,Y,H-T0156,H-ZD,031
115310007301402,038,分类,2,0,Y,,H-ZD,038
115310007301403,020,分类,6,6,Y,H-T0479,H-ZD,020
115310007301404,027,分类,6,6,Y,H-T0231,H-ZD,027
115310007301405,041,分类,4,4,Y,H-T0246,H-ZD,041
115310007301406,041,分类,1,1,Y,H-T0246,H-ZD,041
115310007410102,036,分类,1,1,Y,H-T0061,H-ZD,036
115310007410103,020,分类,3,0,Y,,H-ZD,020
115310007410104,042,分类,1,1,Y,H-T0275,H-ZD,042
115310007410107,027,分类,1,1,Y,H-T0284,H-ZD,027
115310007600402,038,分类,1,1,Y,H-T0263,H-ZD,038
115310007600403,053,分类,1,0,Y,,H-ZD,053
115310007600405,029,分类,5,5,Y,H-T0285,H-ZD,029
115310007600406,041,分类,1,1,Y,H-T0295,H-ZD,041
115310009208005,028,分类,2,1,Y,H-T0237,H-ZD,028
115310009301406,031,分类,1,1,Y,H-T0156,H-ZD,031
115310025301404,029,分类,3,3,Y,H-T0285,H-ZD,029
115310025301406,024,分类,1,1,Y,H-T0228,H-ZD,024
115310025601806,024,分类,1,1,Y,H-T0228,H-ZD,024
115310035212803,023,分类,3,3,Y,H-T0294,H-ZD,023
115310035212807,029,分类,1,1,Y,H-T0285,H-ZD,029
115310036301402,055,分类,1,1,Y,H-T0265,H-ZD,055
115310036301404,036,分类,1,1,Y,H-T0061,H-ZD,036
115311007600402,021,分类,1,1,Y,H-T0263,H-ZD,021
115316015208002,038,分类,1,0,Y,,H-ZD,038
115316015208003,038,分类,1,0,Y,,H-ZD,038
115316015212802,038,分类,1,0,Y,,H-ZD,038
115316015212804,030,分类,1,1,Y,H-T0289,H-ZD,030
115316015212805,059,分类,1,1,Y,H-T0277,H-ZD,059
115316015212807,062,分类,2,2,Y,H-T0280,H-ZD,062
115316015601802,038,分类,1,1,Y,H-T0149,H-ZD,038
115316015601806,042,分类,4,4,Y,H-T0275,H-ZD,042
115316015706902,031,分类,2,2,Y,H-T0156,H-ZD,031
115316017208003,027,分类,1,1,Y,H-T0231,H-ZD,027
115316017208004,037,分类,2,2,Y,H-T0081,H-ZD,037
115316017213904,037,分类,2,2,Y,H-T0081,H-ZD,037
115316025301402,057,分类,1,1,Y,H-T0271,H-ZD,057
115316025301404,027,分类,4,0,Y,,H-ZD,027
115316025301405,052,分类,1,1,Y,H-T0261,H-ZD,052
115316025301406,040,分类,1,1,Y,H-T0068,H-ZD,040
115316025301407,020,分类,1,1,Y,H-T0479,H-ZD,020
115316025601807,044,分类,1,1,Y,H-T0495,H-ZD,044
115316032304402,026,分类,1,1,Y,H-T0287,H-ZD,026
115316032304403,029,分类,2,2,Y,H-T0285,H-ZD,"029,034"
115316032304403,034,发货,1,1,Y,H-T0244,H-ZD,"029,034"
115316032304407,052,分类,2,2,Y,H-T0261,H-ZD,052
115316032410204,024,分类,3,3,Y,H-T0228,H-ZD,024
115316032410205,024,分类,5,5,Y,H-T0228,H-ZD,024
115316032601804,021,分类,1,1,Y,H-T0300,H-ZD,021
115316032601806,066,异常,1,0,Y,,H-ZD,066
115316032703205,044,分类,1,1,Y,H-T0264,H-ZD,044
115316032703206,044,分类,1,1,Y,H-T0264,H-ZD,044
115319011214540,066,异常,1,0,Y,,H-ZD,066
115319011214542,066,异常,1,0,Y,,H-ZD,066
115319011600441,034,发货,1,0,Y,,H-ZD,"034,066"
115319011600441,066,异常,1,0,Y,,H-ZD,"034,066"
115351022608606,040,分类,1,1,Y,H-T0142,H-ZD,040
115376004212804,042,分类,2,0,Y,,H-ZD,042
115376004212805,054,分类,1,1,Y,H-T0268,H-ZD,054
115376004213505,027,分类,1,1,Y,H-T0231,H-ZD,027
115376004601806,030,分类,1,1,Y,H-T0289,H-ZD,030
115376006601803,027,分类,1,1,Y,H-T0231,H-ZD,027
115376006601807,054,分类,1,1,Y,H-T0268,H-ZD,054
115376009104802,042,分类,2,2,Y,"H-T0072,H-T0275",H-ZD,042
115376009208007,023,分类,7,7,Y,H-T0294,H-ZD,023
115376009600403,066,异常,1,0,Y,,H-ZD,066
115376009600406,066,异常,1,0,Y,,H-ZD,066
115376011304404,037,分类,1,1,Y,H-T0081,H-ZD,037
115376011601802,030,分类,1,1,Y,H-T0289,H-ZD,030
115376011601805,053,分类,1,0,Y,,H-ZD,053
115378014411604,027,分类,2,2,Y,H-T0231,H-ZD,027
115378014411605,053,分类,1,1,Y,H-T0269,H-ZD,053
115378014601804,051,分类,1,1,Y,H-T0300,H-ZD,051
115378014707005,024,分类,3,3,Y,H-T0228,H-ZD,024
115378016204907,024,分类,1,1,Y,H-T0228,H-ZD,024
115378016702807,024,分类,1,1,Y,H-T0228,H-ZD,024
115378020601804,034,发货,1,1,Y,H-T0019,H-ZD,034
115378020601806,034,发货,1,1,Y,H-T0007,H-ZD,034
115381031307142,066,异常,1,0,Y,,H-ZD,066
115381031600444,066,异常,1,0,Y,,H-ZD,066
115382007215441,066,异常,1,0,Y,,H-ZD,066
115382007215444,066,异常,1,0,Y,,H-ZD,066
115382013215141,066,异常,1,0,Y,,H-ZD,066
115382013600441,066,异常,1,0,Y,,H-ZD,066
115401047601806,061,分类,1,1,Y,H-T0282,H-ZD,061
115401061601802,034,发货,1,0,Y,,H-ZD,034
115401061602902,023,分类,1,0,Y,,H-ZD,023
115401061602903,059,分类,1,1,Y,H-T0277,H-ZD,059
115401061605702,023,分类,1,0,Y,,H-ZD,023
115401061608002,023,分类,1,0,Y,,H-ZD,023
115401061608005,022,分类,1,1,Y,H-T0234,H-ZD,022
115401061608402,022,分类,1,0,Y,,H-ZD,022
115401066111802,020,分类,2,2,Y,H-T0258,H-ZD,020
115401066301402,021,分类,3,3,Y,H-T0263,H-ZD,021
115401066301403,023,分类,1,1,Y,H-T0294,H-ZD,023
115401066706903,024,分类,1,1,Y,H-T0228,H-ZD,024
115402010600405,021,分类,1,1,Y,H-T0300,H-ZD,021
115402010804305,021,分类,16,16,Y,H-T0263,H-ZD,021
115408003304603,023,分类,2,2,Y,H-T0294,H-ZD,023
115408003304604,021,分类,1,0,Y,,H-ZD,021
115408003600405,023,分类,1,1,Y,H-T0294,H-ZD,023
115408003701403,023,分类,1,1,Y,H-T0294,H-ZD,023
115408003701406,023,分类,1,0,Y,,H-ZD,023
115408003706904,020,分类,2,2,Y,H-T0258,H-ZD,020
115408003800902,023,分类,1,0,Y,,H-ZD,023
115408003800904,020,分类,3,3,Y,H-T0479,H-ZD,020
115408005100102,020,分类,5,5,Y,H-T0229,H-ZD,020
115408005100103,020,分类,6,0,Y,,H-ZD,020
115408005100105,037,分类,3,3,Y,H-T0081,H-ZD,037
115408005202802,020,分类,5,5,Y,H-T0479,H-ZD,020
115408005202804,038,分类,5,0,Y,,H-ZD,038
115408005202805,056,分类,1,0,Y,,H-ZD,056
115408005202806,030,分类,2,2,Y,H-T0289,H-ZD,030
115408005202807,029,分类,1,1,Y,H-T0285,H-ZD,029
115408005302802,055,分类,1,1,Y,H-T0265,H-ZD,055
115408005302803,036,分类,1,1,Y,H-T0061,H-ZD,036
115408005601802,024,分类,1,1,Y,H-T0228,H-ZD,024
115408005601804,035,分类,1,1,Y,H-T0032,H-ZD,035
115408023100103,027,分类,2,2,Y,H-T0231,H-ZD,027
115408023208103,027,分类,2,2,Y,H-T0231,H-ZD,027
115408023301403,022,分类,4,4,Y,H-T0234,H-ZD,022
115408023601803,046,分类,3,3,Y,H-T0266,H-ZD,046
115408025213602,030,分类,6,6,Y,H-T0289,H-ZD,030
115408025213603,030,分类,2,2,Y,H-T0289,H-ZD,030
115408025213606,030,分类,1,0,Y,,H-ZD,030
115408025601803,022,分类,1,1,Y,H-T0088,H-ZD,022
115408025706904,041,分类,1,1,Y,H-T0295,H-ZD,041
115408025706905,037,分类,1,1,Y,H-T0081,H-ZD,037
11540805824703,040,分类,1,1,Y,H-T0068,H-ZD,040
11540805827603,040,分类,2,2,Y,H-T0068,H-ZD,040
11540805827604,053,分类,1,1,Y,H-T0269,H-ZD,053
116101102601803,055,分类,1,0,Y,,H-ZD,055
116101112414507,021,分类,1,1,Y,H-T0263,H-ZD,021
116101132216406,046,分类,1,1,Y,H-T0144,H-ZD,046
116101132304402,034,发货,1,1,Y,H-T0244,H-ZD,034
116101132304403,025,分类,2,2,Y,H-T0484,H-ZD,025
116101132304405,021,分类,1,1,Y,H-T0263,H-ZD,021
116101132601805,046,分类,1,1,Y,H-T0266,H-ZD,046
116101132601806,046,分类,1,1,Y,H-T0266,H-ZD,046
116101140110702,028,分类,1,1,Y,H-T0237,H-ZD,028
116101140110704,027,分类,1,1,Y,H-T0231,H-ZD,027
116101140211502,028,分类,1,0,Y,,H-ZD,028
116101140211506,021,分类,1,1,Y,H-T0263,H-ZD,021
116101140310303,028,分类,1,1,Y,H-T0237,H-ZD,028
116101140310304,028,分类,1,1,Y,H-T0237,H-ZD,028
116101140600402,028,分类,1,1,Y,H-T0237,H-ZD,028
116101140600403,028,分类,1,1,Y,H-T0237,H-ZD,028
116101140702802,028,分类,1,1,Y,H-T0237,H-ZD,028
116101140702803,021,分类,1,1,Y,H-T0263,H-ZD,021
116101176110703,038,分类,3,0,Y,,H-ZD,038
116101176110705,038,分类,3,3,Y,H-T0149,H-ZD,038
116101176110707,028,分类,1,1,Y,H-T0237,H-ZD,028
116101176206202,055,分类,1,0,Y,,H-ZD,055
116101176304004,051,分类,3,3,Y,H-T0273,H-ZD,051
116101176304005,039,分类,1,1,Y,H-T0069,H-ZD,039
116101176601804,048,分类,1,0,Y,,H-ZD,048
116101183301406,056,分类,1,1,Y,H-T0270,H-ZD,056
116101183411607,061,分类,1,1,Y,H-T0282,H-ZD,061
116101183601803,020,分类,3,0,Y,,H-ZD,020
116101183601804,020,分类,3,3,Y,H-T0479,H-ZD,020
116101183601805,020,分类,3,3,Y,H-T0479,H-ZD,020
116101183601808,024,分类,1,1,Y,H-T0228,H-ZD,024
116101183804307,055,分类,1,1,Y,H-T0265,H-ZD,055
116101185301402,038,分类,1,1,Y,H-T0149,H-ZD,038
116101185301403,038,分类,1,1,Y,H-T0149,H-ZD,038
116101185301404,053,分类,1,1,Y,H-T0269,H-ZD,053
116101185301405,056,分类,1,1,Y,H-T0270,H-ZD,056
116101185411602,038,分类,2,2,Y,H-T0149,H-ZD,038
116101185411603,038,分类,1,0,Y,,H-ZD,038
116101185411606,054,分类,1,1,Y,H-T0268,H-ZD,054
116101185415202,038,分类,3,0,Y,,H-ZD,038
116101185601802,053,分类,1,1,Y,H-T0269,H-ZD,053
116101185804302,053,分类,2,2,Y,H-T0269,H-ZD,053
116101185804304,037,分类,1,1,Y,H-T0081,H-ZD,037
116101187206202,028,分类,3,1,Y,H-T0237,H-ZD,028
116101187206203,028,分类,1,1,Y,H-T0237,H-ZD,028
116101187304002,028,分类,3,1,Y,H-T0237,H-ZD,028
116101187304006,041,分类,1,1,Y,H-T0246,H-ZD,041
116101187415202,028,分类,2,2,Y,H-T0237,H-ZD,028
116101187415204,054,分类,3,3,Y,H-T0268,H-ZD,054
116101187415205,031,分类,1,1,Y,H-T0283,H-ZD,031
116101187415206,053,分类,1,0,Y,,H-ZD,053
116101187601805,051,分类,1,1,Y,H-T0273,H-ZD,051
116101187802502,028,分类,1,1,Y,H-T0237,H-ZD,028
116101187802504,053,分类,2,2,Y,H-T0269,H-ZD,053
116101197205805,041,分类,1,1,Y,H-T0295,H-ZD,041
116101197313402,022,分类,1,1,Y,H-T0234,H-ZD,022
116101197313405,053,分类,1,1,Y,H-T0269,H-ZD,053
116101197601805,027,分类,3,3,Y,"H-T0231,H-T0284",H-ZD,027
116102015313104,027,分类,1,1,Y,H-T0231,H-ZD,027
116102015313105,020,分类,1,1,Y,H-T0479,H-ZD,020
116102015313106,023,分类,1,1,Y,H-T0294,H-ZD,023
116106023601802,028,分类,1,1,Y,H-T0237,H-ZD,028
116106023601806,047,分类,1,1,Y,H-T0295,H-ZD,047
116106025208002,030,分类,1,1,Y,H-T0289,H-ZD,030
116106025601802,026,分类,2,0,Y,,H-ZD,026
116106027703302,060,分类,1,1,Y,H-T0261,H-ZD,060
116106033601806,059,分类,1,1,Y,H-T0277,H-ZD,059
116106033804304,052,分类,1,1,Y,H-T0071,H-ZD,052
116106033804305,052,分类,2,2,Y,H-T0261,H-ZD,052
116106034216604,022,分类,2,2,Y,H-T0234,H-ZD,022
116106034216605,051,分类,1,1,Y,H-T0273,H-ZD,051
116106034216606,054,分类,1,1,Y,H-T0268,H-ZD,054
116106034305702,025,分类,2,2,Y,H-T0484,H-ZD,025
116106034305703,021,分类,1,1,Y,H-T0263,H-ZD,021
116106034305704,027,分类,1,1,Y,H-T0231,H-ZD,027
116106034305705,029,分类,3,3,Y,H-T0285,H-ZD,029
116106034305706,021,分类,2,2,Y,H-T0263,H-ZD,021
116106034305707,025,分类,1,1,Y,H-T0484,H-ZD,025
116106034601802,025,分类,2,2,Y,H-T0484,H-ZD,025
116106034601804,020,分类,1,1,Y,H-T0479,H-ZD,020
116106034601805,029,分类,1,1,Y,H-T0285,H-ZD,029
116106034601806,021,分类,1,1,Y,H-T0226,H-ZD,021
116106036216405,024,分类,1,1,Y,H-T0298,H-ZD,024
116106036313402,054,分类,1,1,Y,H-T0268,H-ZD,054
116106036313405,035,分类,1,1,Y,H-T0032,H-ZD,035
116106036601803,021,分类,1,1,Y,H-T0300,H-ZD,021
116106036601805,021,分类,1,1,Y,H-T0300,H-ZD,021
116106036703303,021,分类,1,1,Y,H-T0300,H-ZD,021
116106038703303,061,分类,1,1,Y,H-T0282,H-ZD,061
116106038703304,058,分类,1,1,Y,H-T0281,H-ZD,058
116107027601803,046,分类,1,0,Y,,H-ZD,046
116107027601804,046,分类,1,1,Y,H-T0144,H-ZD,046
116107027703303,035,分类,13,13,Y,"H-T0032,H-T0064",H-ZD,035
116107027703304,029,分类,12,12,Y,H-T0285,H-ZD,029
116107027703305,023,分类,5,5,Y,H-T0294,H-ZD,023
116107027703306,027,分类,2,2,Y,"H-T0231,H-T0284",H-ZD,027
116107027704102,025,分类,11,11,Y,H-T0484,H-ZD,025
116107027704103,035,分类,1,1,Y,H-T0064,H-ZD,035
116107027704104,035,分类,10,10,Y,"H-T0032,H-T0049",H-ZD,035
116107029601805,057,分类,1,0,Y,,H-ZD,057
116107029601806,054,分类,1,1,Y,H-T0268,H-ZD,054
116107029702404,053,分类,1,0,Y,,H-ZD,053
116107029702405,030,分类,3,1,Y,H-T0289,H-ZD,030
116107029702406,054,分类,1,1,Y,H-T0268,H-ZD,054
116107029703304,053,分类,1,1,Y,H-T0269,H-ZD,053
116107036304002,022,分类,1,0,Y,,H-ZD,022
116107036304003,022,分类,2,2,Y,H-T0234,H-ZD,022
116107036304004,022,分类,4,4,Y,H-T0234,H-ZD,022
116107036304006,022,分类,2,2,Y,H-T0088,H-ZD,022
116107036601803,020,分类,3,3,Y,"H-T0156,H-T0258",H-ZD,020
116107036601806,034,发货,1,1,Y,H-T0243,H-ZD,034
116107036707303,021,分类,2,2,Y,H-T0263,H-ZD,021
116107036707304,020,分类,5,5,Y,H-T0258,H-ZD,020
116107036707306,052,分类,1,1,Y,H-T0261,H-ZD,052
116112044305702,021,分类,1,1,Y,H-T0263,H-ZD,021
116112044305703,021,分类,33,33,Y,H-T0263,H-ZD,021
116112044305704,021,分类,17,17,Y,H-T0263,H-ZD,021
116112044305705,021,分类,10,10,Y,"H-T0226,H-T0300",H-ZD,021
116112044305706,021,分类,4,4,Y,H-T0263,H-ZD,021
116112050700803,017,分类,85,62,Y,"H-T0227,H-T0253",H-ZD,017
116113004802503,056,分类,1,1,Y,H-T0270,H-ZD,056
116113004802505,028,分类,1,1,Y,H-T0237,H-ZD,028
116116034601803,028,分类,1,0,Y,,H-ZD,028
116116034802504,028,分类,3,3,Y,H-T0237,H-ZD,028
116116036216404,028,分类,2,1,Y,H-T0237,H-ZD,028
116116036313103,021,分类,1,1,Y,H-T0226,H-ZD,021
116116036601804,053,分类,1,0,Y,,H-ZD,053
116116036601805,053,分类,2,2,Y,H-T0269,H-ZD,053
116116036601806,024,分类,2,2,Y,H-T0228,H-ZD,024
116116043411605,036,分类,1,1,Y,H-T0061,H-ZD,036
116116043601803,023,分类,1,0,Y,,H-ZD,023
116116043601804,029,分类,2,1,Y,H-T0285,H-ZD,029
116116043601806,056,分类,1,0,Y,,H-ZD,056
116116043706905,054,分类,1,0,Y,,H-ZD,054
116116043706906,056,分类,1,1,Y,H-T0270,H-ZD,056
116116045601802,063,分类,1,1,Y,H-T0291,H-ZD,063
116116045703305,020,分类,3,3,Y,H-T0479,H-ZD,020
116116046115802,028,分类,4,4,Y,H-T0292,H-ZD,028
116116046115803,020,分类,3,2,Y,H-T0229,H-ZD,020
116116046115804,053,分类,2,2,Y,H-T0269,H-ZD,053
116116046115805,038,分类,5,0,Y,,H-ZD,038
116116046115806,038,分类,1,0,Y,,H-ZD,038
116119007220742,066,异常,1,0,Y,,H-ZD,066
116119023609841,066,异常,1,0,Y,,H-ZD,066
116119023609843,066,异常,1,0,Y,,H-ZD,066
116119023609942,066,异常,1,0,Y,,H-ZD,066
116151027304002,025,分类,3,3,Y,H-T0484,H-ZD,025
116151027304003,036,分类,1,1,Y,H-T0061,H-ZD,036
116151027304004,055,分类,4,4,Y,H-T0265,H-ZD,055
116151027304005,028,分类,3,3,Y,H-T0237,H-ZD,028
116151027601803,030,分类,2,2,Y,H-T0289,H-ZD,030
116151027601805,025,分类,3,3,Y,H-T0484,H-ZD,"025,034"
116151027601805,034,发货,1,1,Y,H-T0074,H-ZD,"025,034"
116151027601806,055,分类,1,1,Y,H-T0265,H-ZD,055
116151027802502,040,分类,2,2,Y,H-T0068,H-ZD,040
116151027802505,031,分类,2,2,Y,H-T0156,H-ZD,031
116151027802506,056,分类,1,1,Y,H-T0270,H-ZD,056
116151029208005,023,分类,1,0,Y,,H-ZD,023
116151029216605,022,分类,1,1,Y,H-T0234,H-ZD,022
116151031414505,038,分类,1,1,Y,H-T0149,H-ZD,038
116151031601804,028,分类,1,0,Y,,H-ZD,028
116151036702805,022,分类,2,2,Y,H-T0234,H-ZD,022
116151037415204,020,分类,2,2,Y,H-T0258,H-ZD,020
116151037415207,020,分类,2,2,Y,H-T0258,H-ZD,020
116151051411502,041,分类,18,0,Y,,H-ZD,041
116178025313103,031,分类,1,1,Y,H-T0156,H-ZD,031
116178025313104,020,分类,2,2,Y,H-T0479,H-ZD,020
116178025313106,023,分类,1,0,Y,,H-ZD,023
116207034707307,035,分类,1,1,Y,H-T0064,H-ZD,035
116212025411502,028,分类,1,1,Y,H-T0237,H-ZD,028
116212025411504,031,分类,1,1,Y,H-T0156,H-ZD,031
116212025601806,022,分类,1,1,Y,H-T0088,H-ZD,022
116212027411506,027,分类,1,1,Y,H-T0231,H-ZD,027
116212027601804,023,分类,1,0,Y,,H-ZD,023
116212029305702,026,分类,1,1,Y,H-T0287,H-ZD,026
116212029305705,026,分类,1,0,Y,,H-ZD,026
116212029414202,026,分类,1,1,Y,H-T0287,H-ZD,026
116212029414203,031,分类,1,1,Y,H-T0156,H-ZD,031
116212029414205,027,分类,1,1,Y,H-T0231,H-ZD,027
116212029601802,026,分类,1,1,Y,H-T0287,H-ZD,026
116212029802502,026,分类,1,1,Y,H-T0287,H-ZD,026
116212029802505,027,分类,1,1,Y,H-T0231,H-ZD,027
116212047304406,036,分类,3,3,Y,H-T0061,H-ZD,036
116212047712802,035,分类,1,1,Y,H-T0064,H-ZD,035
116212047712803,027,分类,4,0,Y,,H-ZD,027
116212047712804,038,分类,3,0,Y,,H-ZD,038
116212047712805,021,分类,9,9,Y,"H-T0226,H-T0263",H-ZD,021
116212047712806,037,分类,1,1,Y,H-T0081,H-ZD,037
116214028601805,066,异常,1,0,Y,,H-ZD,066
116214028601807,066,异常,1,0,Y,,H-ZD,066
116214028700306,045,分类,1,1,Y,H-T0103,H-ZD,045
116214028709204,039,分类,1,1,Y,H-T0148,H-ZD,039
116214032601803,053,分类,1,1,Y,H-T0269,H-ZD,053
116214034216606,022,分类,1,1,Y,H-T0234,H-ZD,022
116214034601802,048,分类,1,1,Y,H-T0076,H-ZD,048
116214034601803,048,分类,1,1,Y,H-T0076,H-ZD,048
116214034601804,048,分类,3,3,Y,H-T0076,H-ZD,048
116214034601805,048,分类,1,1,Y,H-T0076,H-ZD,048
116214034702402,021,分类,1,1,Y,H-T0263,H-ZD,021
116214034702403,020,分类,2,2,Y,H-T0479,H-ZD,020
116214034702404,021,分类,6,6,Y,"H-T0226,H-T0300",H-ZD,021
116214034702405,021,分类,8,0,Y,,H-ZD,021
116214034702406,029,分类,1,1,Y,H-T0285,H-ZD,029
116214040601806,036,分类,3,3,Y,H-T0061,H-ZD,036
116214040704102,041,分类,1,1,Y,H-T0246,H-ZD,041
116214065204902,038,分类,2,2,Y,H-T0149,H-ZD,038
116214065600403,066,异常,3,0,Y,,H-ZD,066
116214065600404,034,发货,1,2,Y,"H-T0019,H-T0244",H-ZD,"034,066"
116214065600404,066,异常,8,0,Y,,H-ZD,"034,066"
116214065600405,066,异常,3,0,Y,,H-ZD,066
116214065600406,066,异常,2,0,Y,,H-ZD,066
116214065600407,066,异常,2,0,Y,,H-ZD,066
116214065700302,024,分类,4,4,Y,H-T0228,H-ZD,024
116214065700305,037,分类,1,1,Y,H-T0149,H-ZD,037
116214065700306,042,分类,1,1,Y,H-T0275,H-ZD,042
116214065701903,034,发货,1,1,Y,H-T0244,H-ZD,034
116214067600405,062,分类,3,3,Y,H-T0280,H-ZD,062
116214067600406,062,分类,1,1,Y,H-T0280,H-ZD,062
116214067700303,040,分类,5,5,Y,H-T0494,H-ZD,040
116214067700304,061,分类,1,1,Y,H-T0494,H-ZD,061
116215049312903,027,分类,1,1,Y,H-T0284,H-ZD,027
116215049414502,022,分类,3,0,Y,,H-ZD,022
116215049414503,024,分类,9,9,Y,H-T0228,H-ZD,024
116215049414504,025,分类,6,0,Y,,H-ZD,025
116215049414505,025,分类,7,7,Y,H-T0484,H-ZD,025
116215049414506,024,分类,9,9,Y,H-T0228,H-ZD,024
116215049414507,026,分类,12,0,Y,,H-ZD,026
116215049601802,025,分类,6,6,Y,H-T0484,H-ZD,025
116215049601803,024,分类,38,38,Y,H-T0497,H-ZD,024
116215049601804,027,分类,49,49,Y,H-T0284,H-ZD,027
116215049601805,018,分类,75,25,Y,H-T0236,H-ZD,018
116215049601806,024,分类,46,46,Y,H-T0497,H-ZD,024
116215049601807,024,分类,47,47,Y,H-T0228,H-ZD,024
116215049703302,025,分类,1,1,Y,H-T0484,H-ZD,025
116215049802502,036,分类,1,1,Y,H-T0146,H-ZD,036
116215049802503,028,分类,2,0,Y,,H-ZD,028
116215049802504,024,分类,7,7,Y,H-T0228,H-ZD,024
116215049802505,030,分类,5,5,Y,H-T0289,H-ZD,030
116215049802506,024,分类,8,7,Y,H-T0228,H-ZD,024
116215049802507,027,分类,4,4,Y,H-T0284,H-ZD,027
116215053216604,036,分类,2,2,Y,H-T0061,H-ZD,036
116215053216605,027,分类,4,3,Y,H-T0231,H-ZD,027
116215053601806,042,分类,1,1,Y,H-T0072,H-ZD,042
116215053601807,022,分类,1,1,Y,H-T0234,H-ZD,022
116215053802503,028,分类,1,1,Y,H-T0237,H-ZD,028
116215053802504,035,分类,1,1,Y,H-T0064,H-ZD,035
116215055304003,024,分类,2,2,Y,H-T0497,H-ZD,024
116215055414503,025,分类,2,2,Y,H-T0484,H-ZD,025
116215055601805,037,分类,1,1,Y,H-T0081,H-ZD,037
116215055802503,023,分类,5,5,Y,H-T0294,H-ZD,023
116215058410102,031,分类,2,0,Y,,H-ZD,031
116215058703302,029,分类,1,1,Y,H-T0285,H-ZD,029
116215058703305,027,分类,3,3,Y,H-T0231,H-ZD,027
116215060414304,035,分类,2,2,Y,H-T0064,H-ZD,035
116215060601802,028,分类,1,1,Y,H-T0237,H-ZD,028
116215062216608,021,分类,2,0,Y,,H-ZD,021
116215062411503,028,分类,1,1,Y,H-T0237,H-ZD,028
116215064304004,021,分类,2,2,Y,H-T0263,H-ZD,021
116215064414502,029,分类,1,1,Y,H-T0285,H-ZD,029
116215064601802,022,分类,2,2,Y,H-T0234,H-ZD,022
116215066313106,021,分类,1,1,Y,H-T0263,H-ZD,021
116215066506303,021,分类,1,1,Y,H-T0226,H-ZD,021
116215078304006,028,分类,1,1,Y,H-T0237,H-ZD,028
116215078601802,022,分类,1,1,Y,H-T0234,H-ZD,022
116215084313002,027,分类,2,2,Y,H-T0231,H-ZD,027
116215086410102,021,分类,1,1,Y,H-T0263,H-ZD,021
116215086601805,027,分类,1,1,Y,H-T0284,H-ZD,027
116216041313104,027,分类,2,2,Y,H-T0231,H-ZD,027
116216041601804,048,分类,3,3,Y,H-T0076,H-ZD,048
116216041601805,048,分类,2,2,Y,H-T0076,H-ZD,048
116216041703303,063,分类,1,1,Y,H-T0291,H-ZD,063
116216041703304,053,分类,1,1,Y,H-T0269,H-ZD,053
116216041703305,057,分类,3,3,Y,H-T0271,H-ZD,057
116216068601802,038,分类,2,2,Y,"H-T0149,H-T0263",H-ZD,038
116216068601804,061,分类,1,1,Y,H-T0494,H-ZD,061
116216068601807,055,分类,1,1,Y,H-T0265,H-ZD,055
116220003709744,066,异常,1,0,Y,,H-ZD,066
116220009700342,066,异常,1,0,Y,,H-ZD,066
116281023609343,066,异常,1,0,Y,,H-ZD,066
116301149313104,052,分类,1,1,Y,H-T0261,H-ZD,052
116301162610503,041,分类,1,1,Y,H-T0246,H-ZD,041
116302024313103,059,分类,1,0,Y,,H-ZD,059
116302024601805,052,分类,2,2,Y,H-T0071,H-ZD,052
116302030210905,041,分类,1,1,Y,H-T0246,H-ZD,041
116302030210906,024,分类,4,4,Y,H-T0228,H-ZD,024
116302030313103,024,分类,3,3,Y,H-T0228,H-ZD,024
116302030313104,024,分类,4,0,Y,,H-ZD,024
116302030313105,026,分类,7,2,Y,H-T0287,H-ZD,026
116302030601805,030,分类,8,8,Y,H-T0289,H-ZD,030
116302030804302,066,异常,1,0,Y,,H-ZD,066
116302030804304,024,分类,1,1,Y,H-T0497,H-ZD,024
116302036316603,024,分类,1,1,Y,H-T0298,H-ZD,024
116302036316605,066,异常,1,0,Y,,H-ZD,066
116302036601805,052,分类,1,1,Y,H-T0261,H-ZD,052
116302036601806,034,发货,1,1,Y,H-T0019,H-ZD,034
116302036804304,053,分类,1,1,Y,H-T0269,H-ZD,053
116302036804305,052,分类,1,1,Y,H-T0261,H-ZD,052
116306057301402,023,分类,40,40,Y,H-T0294,H-ZD,023
116306057313402,023,分类,27,27,Y,H-T0294,H-ZD,023
116306057313405,023,分类,1,1,Y,H-T0294,H-ZD,023
116306057601805,052,分类,1,1,Y,H-T0261,H-ZD,052
116306057702802,023,分类,9,9,Y,H-T0294,H-ZD,023
116306057702804,023,分类,1,1,Y,H-T0294,H-ZD,023
116306070410105,059,分类,1,1,Y,H-T0277,H-ZD,059
116306070601803,051,分类,1,1,Y,H-T0273,H-ZD,051
116306070601805,034,发货,1,2,Y,"H-T0147,H-T0243",H-ZD,"034,066"
116306070601805,066,异常,1,0,Y,,H-ZD,"034,066"
116306070601806,051,分类,1,1,Y,H-T0273,H-ZD,051
116306072301403,066,异常,1,0,Y,,H-ZD,066
116306072301404,034,发货,1,1,Y,H-T0019,H-ZD,034
116306072410102,060,分类,1,1,Y,H-T0276,H-ZD,060
116306072410104,034,发货,1,1,Y,H-T0243,H-ZD,034
116306072410105,034,发货,1,1,Y,H-T0019,H-ZD,034
116306072601803,052,分类,2,2,Y,H-T0261,H-ZD,052
116306072601804,052,分类,3,3,Y,H-T0261,H-ZD,052
116306072601805,034,发货,2,2,Y,"H-T0243,H-T0264",H-ZD,034
116306072601806,034,发货,1,1,Y,H-T0019,H-ZD,034
116306072601807,034,发货,1,1,Y,H-T0019,H-ZD,034
116306072706903,066,异常,1,0,Y,,H-ZD,066
116306072706904,034,发货,1,1,Y,H-T0019,H-ZD,034
116306097804303,046,分类,1,1,Y,H-T0144,H-ZD,046
116307046210902,026,分类,3,0,Y,,H-ZD,026
116307046210903,040,分类,1,1,Y,H-T0494,H-ZD,040
116307046210907,040,分类,1,1,Y,H-T0068,H-ZD,040
116307046601802,026,分类,1,1,Y,H-T0287,H-ZD,026
116307046601803,038,分类,5,5,Y,H-T0149,H-ZD,038
116307046601804,026,分类,6,4,Y,H-T0287,H-ZD,026
116307046601805,026,分类,5,5,Y,H-T0287,H-ZD,026
116307046601806,024,分类,4,4,Y,H-T0228,H-ZD,024
116307046713304,026,分类,10,10,Y,H-T0287,H-ZD,026
116307046713305,024,分类,6,0,Y,,H-ZD,024
116307046713307,055,分类,1,1,Y,H-T0265,H-ZD,055
116307050210904,040,分类,1,1,Y,H-T0068,H-ZD,040
116307050210913,060,分类,1,1,Y,H-T0261,H-ZD,060
116307058702804,027,分类,1,0,Y,,H-ZD,027
116307067210903,053,分类,2,2,Y,H-T0269,H-ZD,053
116307067212805,052,分类,1,0,Y,,H-ZD,052
116307067212807,053,分类,2,2,Y,H-T0269,H-ZD,053
116307067601805,051,分类,1,1,Y,H-T0273,H-ZD,051
11630709360407,066,异常,1,0,Y,,H-ZD,066
116310059608603,066,异常,1,0,Y,,H-ZD,066
116313005415205,062,分类,1,1,Y,H-T0280,H-ZD,062
116314047601804,027,分类,2,1,Y,H-T0284,H-ZD,027
116315093713204,030,分类,1,1,Y,H-T0289,H-ZD,030
116316058316504,021,分类,1,1,Y,H-T0263,H-ZD,021
116316058316506,066,异常,1,0,Y,,H-ZD,066
116316058316507,056,分类,1,0,Y,,H-ZD,056
116316062703203,035,分类,1,1,Y,H-T0049,H-ZD,035
116319029716242,066,异常,1,0,Y,,H-ZD,066
116319033318541,066,异常,1,0,Y,,H-ZD,066
116319033318542,066,异常,1,0,Y,,H-ZD,066
116319033609340,066,异常,2,0,Y,,H-ZD,066
116319033609341,034,发货,1,0,Y,,H-ZD,"034,066"
116319033609341,066,异常,3,0,Y,,H-ZD,"034,066"
116319033609342,066,异常,6,0,Y,,H-ZD,066
116319033609343,066,异常,6,0,Y,,H-ZD,066
116319033719739,066,异常,1,0,Y,,H-ZD,066
116319033719740,066,异常,2,0,Y,,H-ZD,066
116319033719741,066,异常,3,0,Y,,H-ZD,066
116319033719742,066,异常,3,0,Y,,H-ZD,066
116319033719743,034,发货,1,0,Y,,H-ZD,034
116378036316604,064,分类,1,1,Y,H-T0299,H-ZD,064
116378036601804,060,分类,1,1,Y,H-T0261,H-ZD,060
116378036601806,066,异常,1,0,Y,,H-ZD,066
116381041718040,066,异常,1,0,Y,,H-ZD,066
116381041718043,066,异常,1,0,Y,,H-ZD,066
116381041718044,066,异常,1,0,Y,,H-ZD,066
116381105609339,066,异常,1,0,Y,,H-ZD,066
116381105609341,066,异常,2,0,Y,,H-ZD,066
116381105609342,066,异常,4,0,Y,,H-ZD,066
116381105609343,066,异常,1,0,Y,,H-ZD,066
116381105609345,066,异常,1,0,Y,,H-ZD,066
116381105715340,066,异常,1,0,Y,,H-ZD,066
116381105715342,066,异常,1,0,Y,,H-ZD,066
116381105715343,066,异常,1,0,Y,,H-ZD,066
116381105812141,066,异常,1,0,Y,,H-ZD,066
116381107600442,066,异常,1,0,Y,,H-ZD,066
116381107708241,066,异常,1,0,Y,,H-ZD,066
116381111716843,066,异常,1,0,Y,,H-ZD,066
116381111719340,066,异常,1,0,Y,,H-ZD,066
116381111719342,066,异常,1,0,Y,,H-ZD,066
116407044713304,051,分类,1,1,Y,H-T0300,H-ZD,051
116407048601804,051,分类,1,0,Y,,H-ZD,051
116408060305703,060,分类,4,4,Y,"H-T0261,H-T0276",H-ZD,060
116408060305704,053,分类,1,1,Y,H-T0269,H-ZD,053
116408060713205,051,分类,1,1,Y,H-T0273,H-ZD,051
116416071221405,048,分类,2,2,Y,"H-T0076,H-T0091",H-ZD,048
116416071703202,066,异常,1,0,Y,,H-ZD,066
116482037720142,066,异常,1,0,Y,,H-ZD,066
116482037902244,066,异常,1,0,Y,,H-ZD,066
116482037902245,066,异常,1,0,Y,,H-ZD,066
1191152541802,035,分类,1,0,Y,,H-ZD,035
1191152580602,035,分类,1,0,Y,,H-ZD,035
1192141920506,022,分类,1,1,Y,H-T0234,H-ZD,022
12040106106202,037,分类,1,1,Y,H-T0149,H-ZD,037
12040106106203,034,发货,1,3,Y,"H-T0007,H-T0019,H-T0147",H-ZD,"034,066"
12040106106203,066,异常,2,0,Y,,H-ZD,"034,066"
12040106106204,066,异常,2,0,Y,,H-ZD,066
12040106106205,066,异常,1,0,Y,,H-ZD,066
1204010612502,031,分类,5,5,Y,H-T0283,H-ZD,031
1204010612503,066,异常,1,0,Y,,H-ZD,066
1204010612506,034,发货,1,1,Y,H-T0074,H-ZD,034
12040106208002,036,分类,1,1,Y,H-T0146,H-ZD,036
12040106208005,034,发货,1,1,Y,H-T0147,H-ZD,034
1204010632507,034,发货,1,1,Y,H-T0074,H-ZD,034
12040106411502,038,分类,1,1,Y,H-T0149,H-ZD,038
1204010651103,024,分类,1,1,Y,H-T0228,H-ZD,024
1204010651503,021,分类,4,3,Y,H-T0263,H-ZD,021
1204010660403,048,分类,1,1,Y,H-T0091,H-ZD,048
1204010670104,034,发货,1,1,Y,H-T0019,H-ZD,034
1204011241804,030,分类,1,1,Y,H-T0289,H-ZD,030
1212126470804,021,分类,2,0,Y,,H-ZD,021
1212141260402,037,分类,1,1,Y,H-T0081,H-ZD,037
1212141270305,021,分类,1,1,Y,H-T0263,H-ZD,021
1212151680904,021,分类,4,4,Y,H-T0263,H-ZD,021
1212380811202,022,分类,1,1,Y,H-T0234,H-ZD,022
1213060860404,022,分类,1,0,Y,,H-ZD,022
1213070220504,027,分类,1,1,Y,H-T0231,H-ZD,027
1213070260402,029,分类,1,1,Y,H-T0285,H-ZD,029
1213071060403,024,分类,1,1,Y,H-T0228,H-ZD,024
1213100222403,023,分类,1,1,Y,H-T0294,H-ZD,023
1213100612703,022,分类,1,0,Y,,H-ZD,022
1213100812702,023,分类,1,0,Y,,H-ZD,023
1213100813502,022,分类,1,0,Y,,H-ZD,022
1213101031802,034,发货,1,1,Y,H-T0147,H-ZD,034
1213101031803,027,分类,2,4,Y,H-T0284,H-ZD,"027,034"
1213101031803,034,发货,2,0,Y,,H-ZD,"027,034"
1213101031804,066,异常,1,0,Y,,H-ZD,066
1213101031806,021,分类,1,1,Y,H-T0300,H-ZD,021
1213101060402,048,分类,9,9,Y,H-T0091,H-ZD,048
1213101060403,034,发货,2,6,Y,"H-T0007,H-T0019,H-T0147,H-T0243",H-ZD,"034,066"
1213101060403,066,异常,5,0,Y,,H-ZD,"034,066"
1213101072002,023,分类,1,1,Y,H-T0294,H-ZD,023
1213101880902,023,分类,1,0,Y,,H-ZD,023
1213370413502,023,分类,1,0,Y,,H-ZD,023
1213380260405,023,分类,1,0,Y,,H-ZD,023
1214081060405,028,分类,1,1,Y,H-T0237,H-ZD,028
1214081060406,028,分类,1,1,Y,H-T0237,H-ZD,028
1221190412835,066,异常,1,0,Y,,H-ZD,066
1221380460405,023,分类,1,0,Y,,H-ZD,023
1222123680602,023,分类,1,1,Y,H-T0294,H-ZD,023
1222142460402,028,分类,1,0,Y,,H-ZD,028
1222144041502,040,分类,1,1,Y,H-T0068,H-ZD,040
1222144060402,021,分类,13,13,Y,"H-T0226,H-T0263",H-ZD,021
1222151450903,028,分类,1,1,Y,H-T0237,H-ZD,028
1223060212504,034,发货,1,1,Y,H-T0019,H-ZD,034
1223060272003,034,发货,2,2,Y,H-T0147,H-ZD,034
1223060272004,034,发货,1,1,Y,H-T0264,H-ZD,034
1223060272005,034,发货,2,2,Y,H-T0019,H-ZD,034
1223060272006,034,发货,1,1,Y,H-T0007,H-ZD,034
1223102621802,034,发货,2,2,Y,H-T0147,H-ZD,034
1223102680902,034,发货,3,3,Y,"H-T0019,H-T0147,H-T0264",H-ZD,034
1223102680903,034,发货,1,1,Y,H-T0264,H-ZD,034
1223102680906,023,分类,1,0,Y,,H-ZD,023
1223154660403,023,分类,1,0,Y,,H-ZD,023
1223154680602,023,分类,1,0,Y,,H-ZD,023
1223180260403,022,分类,1,1,Y,H-T0234,H-ZD,022
1224010813104,021,分类,3,3,Y,H-T0263,H-ZD,021
1224010813105,021,分类,2,0,Y,,H-ZD,021
1224010860405,023,分类,1,1,Y,H-T0294,H-ZD,023
1224010860406,029,分类,1,1,Y,H-T0285,H-ZD,029
1224011225904,048,分类,1,1,Y,H-T0091,H-ZD,048
1224011260403,034,发货,4,3,Y,"H-T0147,H-T0243,H-T0264",H-ZD,034
1224011260404,034,发货,3,3,Y,"H-T0007,H-T0019,H-T0264",H-ZD,"034,048"
1224011260404,048,分类,1,1,Y,H-T0110,H-ZD,"034,048"
1224011260405,034,发货,1,1,Y,H-T0243,H-ZD,034
1224011260406,034,发货,1,1,Y,H-T0007,H-ZD,034
1224011272002,034,发货,3,3,Y,"H-T0007,H-T0019,H-T0147",H-ZD,"034,042"
1224011272002,042,分类,1,1,Y,H-T0275,H-ZD,"034,042"
1224011272003,034,发货,7,6,Y,"H-T0007,H-T0074,H-T0147,H-T0264",H-ZD,034
1224011272004,034,发货,1,1,Y,H-T0007,H-ZD,034
1224011272005,034,发货,2,1,Y,H-T0007,H-ZD,034
1224011272006,034,发货,2,2,Y,"H-T0019,H-T0147",H-ZD,"034,037"
1224011272006,037,分类,1,1,Y,H-T0149,H-ZD,"034,037"
1224011280302,034,发货,3,1,Y,H-T0007,H-ZD,034
1224011280303,034,发货,2,2,Y,"H-T0007,H-T0147",H-ZD,034
1224011280304,034,发货,2,2,Y,"H-T0243,H-T0264",H-ZD,034
1224011280305,034,发货,1,1,Y,H-T0074,H-ZD,034
1224011280306,034,发货,1,1,Y,H-T0147,H-ZD,034
1224011282402,034,发货,1,1,Y,H-T0147,H-ZD,034
1224011282403,034,发货,1,1,Y,H-T0147,H-ZD,"034,065"
1224011282403,065,分类,1,1,Y,H-T0286,H-ZD,"034,065"
1224011282404,034,发货,1,0,Y,,H-ZD,034
1224011660402,039,分类,2,2,Y,H-T0069,H-ZD,039
1224011660404,034,发货,1,1,Y,H-T0244,H-ZD,"034,039"
1224011660404,039,分类,2,2,Y,H-T0069,H-ZD,"034,039"
1224011660405,039,分类,5,5,Y,"H-T0146,H-T0148",H-ZD,039
1224011660406,039,分类,8,7,Y,"H-T0146,H-T0148",H-ZD,039
1224011660407,034,发货,2,2,Y,H-T0074,H-ZD,"034,039"
1224011660407,039,分类,8,4,Y,H-T0148,H-ZD,"034,039"
1224012822905,028,分类,1,1,Y,H-T0237,H-ZD,028
1224012830301,048,分类,1,1,Y,H-T0110,H-ZD,048
1224012860405,034,发货,1,1,Y,H-T0244,H-ZD,034
1224082212506,038,分类,1,1,Y,H-T0149,H-ZD,038
1224082260404,034,发货,2,2,Y,H-T0007,H-ZD,034
1232121413903,022,分类,2,2,Y,H-T0234,H-ZD,022
1232121841802,024,分类,1,1,Y,H-T0228,H-ZD,024
1232121861802,027,分类,8,6,Y,H-T0231,H-ZD,027
1232121871903,020,分类,1,1,Y,H-T0229,H-ZD,020
1232121880902,025,分类,1,1,Y,H-T0484,H-ZD,025
1232121880903,024,分类,1,1,Y,H-T0228,H-ZD,024
1232122213904,028,分类,1,1,Y,H-T0237,H-ZD,028
1232122280304,024,分类,1,1,Y,H-T0228,H-ZD,024
1232124889403,042,分类,1,0,Y,,H-ZD,042
1232140270802,023,分类,1,0,Y,,H-ZD,023
1232140660404,038,分类,1,1,Y,H-T0263,H-ZD,038
1232140671905,039,分类,1,1,Y,H-T0148,H-ZD,039
1232141411202,038,分类,1,1,Y,H-T0149,H-ZD,038
1232141460402,038,分类,1,1,Y,H-T0149,H-ZD,038
1232141860404,024,分类,2,2,Y,H-T0228,H-ZD,024
1232150813902,021,分类,3,0,Y,,H-ZD,021
1232150813904,027,分类,4,0,Y,,H-ZD,027
1232150813905,021,分类,8,8,Y,H-T0263,H-ZD,021
1232150850902,037,分类,11,11,Y,H-T0070,H-ZD,037
1232150850903,037,分类,25,25,Y,"H-T0070,H-T0149",H-ZD,037
1232150850904,037,分类,28,20,Y,H-T0070,H-ZD,037
1232150860402,027,分类,1,1,Y,H-T0231,H-ZD,027
1232150860403,035,分类,2,2,Y,H-T0064,H-ZD,035
1232150860404,021,分类,6,5,Y,"H-T0226,H-T0263",H-ZD,021
1232150860405,021,分类,2,2,Y,H-T0263,H-ZD,021
1232150880902,037,分类,7,7,Y,H-T0081,H-ZD,037
1232150880905,037,分类,1,1,Y,H-T0081,H-ZD,037
1232150880906,037,分类,1,1,Y,H-T0081,H-ZD,037
1232151680602,028,分类,1,1,Y,H-T0237,H-ZD,028
1232511052103,023,分类,1,1,Y,H-T0294,H-ZD,023
1232511060403,023,分类,1,1,Y,H-T0294,H-ZD,023
12330602213903,034,发货,4,4,Y,"H-T0007,H-T0019,H-T0074,H-T0243",H-ZD,034
12330602213904,034,发货,6,4,Y,"H-T0007,H-T0019,H-T0147",H-ZD,034
12330602213905,034,发货,4,4,Y,"H-T0019,H-T0147",H-ZD,"034,044"
12330602213905,044,分类,3,3,Y,"H-T0077,H-T0264,H-T0495",H-ZD,"034,044"
12330602213906,034,发货,2,1,Y,H-T0019,H-ZD,034
12330602213907,034,发货,2,2,Y,"H-T0007,H-T0074",H-ZD,034
1233060225903,036,分类,1,1,Y,H-T0146,H-ZD,036
1233060225904,034,发货,1,1,Y,H-T0019,H-ZD,034
1233060225906,034,发货,1,1,Y,H-T0019,H-ZD,"034,036"
1233060225906,036,分类,1,1,Y,H-T0146,H-ZD,"034,036"
1233060225907,036,分类,3,3,Y,H-T0146,H-ZD,036
12330602412602,034,发货,2,2,Y,"H-T0007,H-T0074",H-ZD,034
12330602412603,034,发货,1,1,Y,H-T0074,H-ZD,034
12330602412604,034,发货,1,1,Y,H-T0019,H-ZD,034
12330602412605,034,发货,1,1,Y,H-T0264,H-ZD,034
12330602412606,035,分类,1,1,Y,H-T0032,H-ZD,035
12330602412607,035,分类,1,1,Y,H-T0032,H-ZD,035
12330602504803,034,发货,4,4,Y,"H-T0007,H-T0019,H-T0147,H-T0243",H-ZD,034
12330602504804,034,发货,3,2,Y,H-T0019,H-ZD,034
12330602504805,034,发货,1,1,Y,H-T0074,H-ZD,034
1233060260402,034,发货,1,1,Y,H-T0019,H-ZD,034
1233060260403,034,发货,1,1,Y,H-T0019,H-ZD,034
1233060260404,034,发货,6,5,Y,"H-T0007,H-T0019,H-T0264",H-ZD,034
1233060260405,034,发货,6,5,Y,"H-T0019,H-T0243",H-ZD,034
1233060260406,034,发货,3,2,Y,"H-T0243,H-T0264",H-ZD,034
1233060260407,034,发货,4,4,Y,"H-T0019,H-T0147",H-ZD,034
1233060280302,034,发货,1,1,Y,H-T0019,H-ZD,"034,036"
1233060280302,036,分类,1,1,Y,H-T0146,H-ZD,"034,036"
1233060280303,034,发货,9,8,Y,"H-T0019,H-T0074,H-T0243",H-ZD,034
1233060280304,034,发货,11,10,Y,"H-T0007,H-T0019,H-T0074,H-T0243,H-T0264",H-ZD,034
1233060280305,034,发货,3,3,Y,"H-T0019,H-T0147,H-T0264",H-ZD,034
1233060280306,034,发货,1,1,Y,H-T0019,H-ZD,034
1233060280307,034,发货,3,3,Y,"H-T0019,H-T0074,H-T0147",H-ZD,034
1233100472003,066,异常,1,0,Y,,H-ZD,066
1233101231802,035,分类,1,1,Y,H-T0064,H-ZD,035
1233101231805,066,异常,1,0,Y,,H-ZD,066
1233101260404,036,分类,1,1,Y,H-T0146,H-ZD,036
1233101260406,037,分类,1,1,Y,H-T0149,H-ZD,037
1233101280303,042,分类,2,2,Y,H-T0275,H-ZD,042
1233101280304,041,分类,1,1,Y,H-T0295,H-ZD,041
12340102208202,066,异常,1,0,Y,,H-ZD,066
1234010280306,048,分类,1,1,Y,H-T0076,H-ZD,048
12340102804304,028,分类,1,1,Y,H-T0237,H-ZD,028
1234010460405,066,异常,1,0,Y,,H-ZD,066
12340106101902,019,分类,3,3,Y,H-T0010,H-ZD,"019,034"
12340106101902,034,发货,1,1,Y,H-T0007,H-ZD,"019,034"
12340106101903,019,分类,1,1,Y,H-T0010,H-ZD,"019,034"
12340106101903,034,发货,2,2,Y,"H-T0019,H-T0147",H-ZD,"019,034"
12340106101904,019,分类,2,4,Y,"H-T0010,H-T0492",H-ZD,019
12340106101905,019,分类,3,3,Y,"H-T0294,H-T0492",H-ZD,019
12340106101907,019,分类,1,1,Y,H-T0492,H-ZD,019
12340106110502,034,发货,1,1,Y,H-T0019,H-ZD,034
12340106110503,034,发货,2,2,Y,H-T0019,H-ZD,"034,035"
12340106110503,035,分类,1,1,Y,H-T0049,H-ZD,"034,035"
12340106110504,034,发货,1,1,Y,H-T0147,H-ZD,034
12340106110505,034,发货,1,1,Y,H-T0019,H-ZD,"034,035"
12340106110505,035,分类,1,1,Y,H-T0032,H-ZD,"034,035"
12340106110507,034,发货,1,1,Y,H-T0244,H-ZD,"034,035"
12340106110507,035,分类,2,2,Y,H-T0064,H-ZD,"034,035"
12340106110703,034,发货,1,1,Y,H-T0147,H-ZD,034
12340106110704,034,发货,2,2,Y,"H-T0074,H-T0147",H-ZD,034
1234010613602,034,发货,1,1,Y,H-T0019,H-ZD,034
1234010613603,044,分类,1,1,Y,H-T0264,H-ZD,044
1234010613604,044,分类,1,1,Y,H-T0264,H-ZD,044
1234010613606,018,分类,62,0,Y,,H-ZD,018
1234010614603,021,分类,1,1,Y,H-T0300,H-ZD,021
12340106309102,045,分类,2,2,Y,H-T0103,H-ZD,045
12340106309103,045,分类,2,2,Y,H-T0103,H-ZD,045
12340106309104,034,发货,1,1,Y,H-T0007,H-ZD,"034,045"
12340106309104,045,分类,1,1,Y,H-T0094,H-ZD,"034,045"
12340106309106,045,分类,1,1,Y,H-T0094,H-ZD,045
12340106310402,048,分类,6,6,Y,"H-T0091,H-T0110",H-ZD,048
12340106310403,034,发货,2,2,Y,"H-T0019,H-T0147",H-ZD,"034,048"
12340106310403,048,分类,6,6,Y,"H-T0091,H-T0110",H-ZD,"034,048"
12340106310404,034,发货,2,2,Y,H-T0147,H-ZD,"034,048"
12340106310404,048,分类,4,4,Y,"H-T0091,H-T0110",H-ZD,"034,048"
12340106310405,048,分类,4,4,Y,"H-T0091,H-T0110",H-ZD,048
1234010632202,035,分类,2,2,Y,H-T0032,H-ZD,035
1234010632203,035,分类,1,1,Y,H-T0032,H-ZD,035
12340106402203,044,分类,1,1,Y,H-T0264,H-ZD,044
12340106411502,019,分类,6,6,Y,"H-T0010,H-T0294,H-T0492",H-ZD,019
12340106411503,019,分类,2,2,Y,H-T0010,H-ZD,"019,034"
12340106411503,034,发货,2,2,Y,"H-T0007,H-T0147",H-ZD,"019,034"
12340106411504,019,分类,1,1,Y,H-T0010,H-ZD,"019,034"
12340106411504,034,发货,4,4,Y,"H-T0074,H-T0147,H-T0243",H-ZD,"019,034"
12340106411505,019,分类,1,1,Y,H-T0010,H-ZD,019
12340106411506,019,分类,1,2,Y,"H-T0010,H-T0492",H-ZD,"019,034"
12340106411506,034,发货,1,0,Y,,H-ZD,"019,034"
12340106411507,034,发货,1,1,Y,H-T0007,H-ZD,034
12340106502004,034,发货,1,1,Y,H-T0019,H-ZD,034
12340106502703,034,发货,2,2,Y,"H-T0019,H-T0264",H-ZD,034
12340106502704,035,分类,1,1,Y,H-T0032,H-ZD,035
12340106502705,034,发货,1,1,Y,H-T0243,H-ZD,034
12340106502707,034,发货,3,3,Y,H-T0244,H-ZD,"034,035"
12340106502707,035,分类,4,4,Y,H-T0064,H-ZD,"034,035"
12340106504902,034,发货,2,2,Y,"H-T0019,H-T0074",H-ZD,034
12340106504903,034,发货,1,1,Y,H-T0019,H-ZD,034
12340106504904,034,发货,1,2,Y,"H-T0019,H-T0243",H-ZD,"034,066"
12340106504904,066,异常,2,0,Y,,H-ZD,"034,066"
12340106504905,034,发货,1,2,Y,"H-T0019,H-T0074",H-ZD,"034,066"
12340106504905,066,异常,1,0,Y,,H-ZD,"034,066"
1234010650902,019,分类,3,3,Y,"H-T0010,H-T0294",H-ZD,"019,034"
1234010650902,034,发货,2,2,Y,H-T0007,H-ZD,"019,034"
1234010650903,019,分类,3,5,Y,"H-T0010,H-T0294,H-T0492",H-ZD,"019,034"
1234010650903,034,发货,2,0,Y,,H-ZD,"019,034"
1234010650904,034,发货,3,3,Y,"H-T0019,H-T0074,H-T0147",H-ZD,034
1234010650905,019,分类,5,5,Y,"H-T0010,H-T0294,H-T0492",H-ZD,019
1234010650906,019,分类,1,1,Y,H-T0010,H-ZD,"019,034"
1234010650906,034,发货,1,1,Y,H-T0264,H-ZD,"019,034"
1234010650907,019,分类,1,1,Y,H-T0010,H-ZD,019
1234010660402,034,发货,1,1,Y,H-T0243,H-ZD,034
1234010660403,019,分类,3,3,Y,"H-T0010,H-T0294",H-ZD,"019,034"
1234010660403,034,发货,1,1,Y,H-T0243,H-ZD,"019,034"
1234010660404,019,分类,3,3,Y,H-T0010,H-ZD,"019,034"
1234010660404,034,发货,4,4,Y,"H-T0007,H-T0019,H-T0074,H-T0264",H-ZD,"019,034"
1234010660405,019,分类,2,2,Y,H-T0294,H-ZD,"019,034"
1234010660405,034,发货,1,1,Y,H-T0243,H-ZD,"019,034"
12340106809103,034,发货,1,1,Y,H-T0243,H-ZD,034
12340106809104,045,分类,3,3,Y,H-T0067,H-ZD,045
12340106809105,045,分类,6,0,Y,,H-ZD,045
1234010682402,020,分类,2,2,Y,H-T0156,H-ZD,"020,034"
1234010682402,034,发货,1,1,Y,H-T0243,H-ZD,"020,034"
1234010682403,020,分类,1,1,Y,H-T0156,H-ZD,"020,034"
1234010682403,034,发货,1,1,Y,H-T0074,H-ZD,"020,034"
1234010682404,020,分类,2,2,Y,"H-T0156,H-T0258",H-ZD,020
1234010682405,034,发货,1,1,Y,H-T0147,H-ZD,034
1234010682406,020,分类,1,1,Y,H-T0258,H-ZD,020
1234011260406,028,分类,1,1,Y,H-T0237,H-ZD,028
1234011282405,022,分类,2,2,Y,H-T0234,H-ZD,022
1234011282406,030,分类,1,1,Y,H-T0289,H-ZD,030
1234012280307,029,分类,1,0,Y,,H-ZD,029
1234013029001,021,分类,5,5,Y,H-T0226,H-ZD,021
1234013029002,021,分类,1,1,Y,H-T0263,H-ZD,"021,034"
1234013029002,034,发货,1,1,Y,H-T0244,H-ZD,"021,034"
1234013029005,065,分类,1,1,Y,H-T0286,H-ZD,065
1234013038902,023,分类,10,6,Y,H-T0294,H-ZD,023
1234013038903,039,分类,2,2,Y,H-T0148,H-ZD,039
1234013038906,040,分类,1,1,Y,H-T0068,H-ZD,040
1234013060401,034,发货,1,1,Y,H-T0147,H-ZD,034
1234013086902,034,发货,2,2,Y,H-T0019,H-ZD,034
1234013086903,048,分类,2,2,Y,"H-T0091,H-T0110",H-ZD,048
1234013086904,034,发货,5,5,Y,"H-T0007,H-T0019,H-T0147",H-ZD,034
1234013086905,066,异常,1,0,Y,,H-ZD,066
1234015813604,035,分类,1,1,Y,H-T0049,H-ZD,035
1234016260405,028,分类,1,1,Y,H-T0237,H-ZD,028
1234016286802,021,分类,1,1,Y,H-T0263,H-ZD,021
1234016286804,024,分类,1,1,Y,H-T0228,H-ZD,024
1234016286805,024,分类,1,1,Y,H-T0228,H-ZD,024
12340164110502,040,分类,1,1,Y,H-T0142,H-ZD,040
12340164110510,040,分类,1,1,Y,H-T0274,H-ZD,040
12340164112702,023,分类,1,1,Y,H-T0294,H-ZD,023
12340164112703,022,分类,1,1,Y,H-T0234,H-ZD,022
12340164112704,023,分类,1,1,Y,H-T0294,H-ZD,023
1234016416101,066,异常,1,0,Y,,H-ZD,066
1234016416102,066,异常,3,0,Y,,H-ZD,066
1234016416103,066,异常,1,0,Y,,H-ZD,066
1234016416104,066,异常,2,0,Y,,H-ZD,066
12340164211502,042,分类,2,2,Y,H-T0275,H-ZD,042
12340164211503,042,分类,2,2,Y,H-T0275,H-ZD,042
12340164211510,042,分类,2,2,Y,H-T0275,H-ZD,042
1234016425701,036,分类,2,2,Y,H-T0146,H-ZD,036
1234016425703,036,分类,4,4,Y,H-T0146,H-ZD,036
1234016425710,036,分类,1,1,Y,H-T0146,H-ZD,036
12340164310401,037,分类,2,2,Y,H-T0149,H-ZD,037
12340164310402,066,异常,4,0,Y,,H-ZD,066
12340164310403,039,分类,1,1,Y,H-T0148,H-ZD,039
12340164310404,041,分类,1,1,Y,H-T0295,H-ZD,041
1234016432801,038,分类,1,1,Y,H-T0263,H-ZD,038
1234016432802,034,发货,1,1,Y,H-T0019,H-ZD,034
1234016432805,038,分类,1,1,Y,H-T0263,H-ZD,038
1234016435205,066,异常,1,0,Y,,H-ZD,066
1234016452402,038,分类,14,13,Y,"H-T0149,H-T0263",H-ZD,038
1234016480304,038,分类,1,1,Y,H-T0263,H-ZD,038
12340164809501,046,分类,1,1,Y,H-T0144,H-ZD,046
12340164809502,046,分类,1,1,Y,H-T0144,H-ZD,046
12340164809503,046,分类,1,1,Y,H-T0144,H-ZD,046
12340164809505,046,分类,1,1,Y,H-T0144,H-ZD,046
12340164809510,046,分类,1,1,Y,H-T0144,H-ZD,046
1234080660402,046,分类,1,0,Y,,H-ZD,046
1234080671401,020,分类,2,0,Y,,H-ZD,020
1234080671402,065,分类,1,1,Y,H-T0286,H-ZD,065
1234080671403,036,分类,3,3,Y,H-T0061,H-ZD,036
1234080680904,031,分类,1,1,Y,H-T0283,H-ZD,031
1234081260406,028,分类,1,1,Y,H-T0237,H-ZD,028
1234081414703,023,分类,1,0,Y,,H-ZD,023
1234081460406,035,分类,1,1,Y,H-T0064,H-ZD,035
12340822212902,038,分类,1,1,Y,H-T0493,H-ZD,038
12340822212903,066,异常,1,0,Y,,H-ZD,066
12340822412602,046,分类,1,1,Y,H-T0144,H-ZD,046
12340822412603,046,分类,1,1,Y,H-T0144,H-ZD,046
12340822412606,046,分类,1,1,Y,H-T0266,H-ZD,046
1234082280302,046,分类,1,1,Y,H-T0144,H-ZD,046
1234082280305,046,分类,1,1,Y,H-T0266,H-ZD,046
1234083622901,066,异常,2,0,Y,,H-ZD,066
1241010226905,029,分类,1,1,Y,H-T0285,H-ZD,029
1241010226906,024,分类,1,1,Y,H-T0228,H-ZD,024
1241010249705,028,分类,1,1,Y,H-T0237,H-ZD,028
1241010249706,029,分类,1,0,Y,,H-ZD,029
124101048110501,036,分类,1,1,Y,H-T0146,H-ZD,036
124101048110502,036,分类,2,2,Y,H-T0146,H-ZD,036
124101048110503,036,分类,1,1,Y,H-T0146,H-ZD,036
124101048111802,040,分类,1,1,Y,H-T0068,H-ZD,040
124101048111804,066,异常,1,0,Y,,H-ZD,066
124101048111805,048,分类,1,0,Y,,H-ZD,048
124101048113701,045,分类,1,1,Y,H-T0103,H-ZD,045
124101048113705,045,分类,2,1,Y,H-T0094,H-ZD,045
124101048113706,045,分类,1,1,Y,H-T0067,H-ZD,045
12410104827702,021,分类,3,2,Y,H-T0263,H-ZD,021
12410104827703,035,分类,3,3,Y,"H-T0049,H-T0064",H-ZD,035
12410104827704,036,分类,6,4,Y,H-T0061,H-ZD,036
12410104827705,027,分类,1,0,Y,,H-ZD,027
124101048310401,066,异常,1,0,Y,,H-ZD,066
124101048310404,036,分类,1,1,Y,H-T0146,H-ZD,036
124101048312802,066,异常,1,0,Y,,H-ZD,066
124101048312803,066,异常,1,0,Y,,H-ZD,066
124101048312806,066,异常,1,0,Y,,H-ZD,066
12410104831401,044,分类,1,1,Y,H-T0264,H-ZD,044
12410104831402,044,分类,1,1,Y,H-T0264,H-ZD,044
124101048400102,021,分类,1,1,Y,H-T0263,H-ZD,021
124101048400104,066,异常,1,0,Y,,H-ZD,066
124101048400106,066,异常,1,0,Y,,H-ZD,066
124101048411301,066,异常,1,0,Y,,H-ZD,066
124101048411303,066,异常,3,0,Y,,H-ZD,066
124101048411306,066,异常,1,0,Y,,H-ZD,066
124101048411502,042,分类,1,1,Y,H-T0275,H-ZD,042
124101048411503,042,分类,16,16,Y,H-T0072,H-ZD,042
124101048414403,066,异常,1,0,Y,,H-ZD,066
124101048414404,039,分类,1,1,Y,H-T0148,H-ZD,039
124101048414405,038,分类,1,1,Y,H-T0493,H-ZD,038
124101048500401,038,分类,1,1,Y,H-T0263,H-ZD,038
124101048506803,066,异常,1,0,Y,,H-ZD,066
124101048506804,066,异常,1,0,Y,,H-ZD,066
12410104860401,036,分类,1,1,Y,H-T0146,H-ZD,036
12410104860403,036,分类,1,1,Y,H-T0146,H-ZD,036
12410104860404,036,分类,1,1,Y,H-T0146,H-ZD,036
12410106016105,023,分类,1,0,Y,,H-ZD,023
12410106060403,029,分类,5,5,Y,H-T0285,H-ZD,029
12410106084303,021,分类,1,1,Y,H-T0263,H-ZD,021
1241014815105,021,分类,3,3,Y,H-T0263,H-ZD,021
1241014815106,021,分类,3,3,Y,H-T0226,H-ZD,021
1241014826904,043,分类,3,2,Y,"H-T0248,H-T0274",H-ZD,043
1241014826905,043,分类,1,0,Y,,H-ZD,043
1241014826906,043,分类,3,2,Y,H-T0248,H-ZD,043
1241014849702,028,分类,1,1,Y,H-T0237,H-ZD,028
1241014849703,022,分类,2,0,Y,,H-ZD,022
1241014849705,022,分类,2,0,Y,,H-ZD,022
1241014849706,022,分类,1,1,Y,H-T0234,H-ZD,022
12410202210803,021,分类,2,2,Y,H-T0300,H-ZD,021
1241020260402,034,发货,1,3,Y,"H-T0007,H-T0019",H-ZD,"034,066"
1241020260402,066,异常,2,0,Y,,H-ZD,"034,066"
1241020260405,066,异常,1,0,Y,,H-ZD,066
1241020280303,044,分类,2,2,Y,"H-T0264,H-T0495",H-ZD,044
1241020280304,034,发货,1,1,Y,H-T0019,H-ZD,034
1241020280306,044,分类,1,0,Y,,H-ZD,044
1241030613602,030,分类,1,1,Y,H-T0289,H-ZD,030
1241030613603,022,分类,5,5,Y,H-T0234,H-ZD,022
1241030613604,066,异常,1,0,Y,,H-ZD,066
1241030613605,022,分类,1,1,Y,H-T0088,H-ZD,022
1241030660406,066,异常,1,0,Y,,H-ZD,066
1241030672403,022,分类,4,4,Y,H-T0234,H-ZD,022
1241030672404,022,分类,3,3,Y,H-T0088,H-ZD,022
1241140224702,029,分类,1,0,Y,,H-ZD,029
1241140224704,024,分类,1,0,Y,,H-ZD,024
1241140224705,021,分类,2,2,Y,H-T0263,H-ZD,021
1241140224706,028,分类,1,1,Y,H-T0237,H-ZD,028
1241140261802,022,分类,3,3,Y,H-T0088,H-ZD,022
1241140261803,021,分类,14,0,Y,,H-ZD,021
1241140261804,021,分类,11,9,Y,H-T0263,H-ZD,021
1241140261805,022,分类,7,7,Y,H-T0234,H-ZD,022
1241140261806,023,分类,4,1,Y,H-T0294,H-ZD,023
1241370261803,024,分类,1,0,Y,,H-ZD,024
1241370261806,030,分类,1,1,Y,H-T0289,H-ZD,030
1241370283004,024,分类,1,1,Y,H-T0228,H-ZD,024
1241380649903,029,分类,1,0,Y,,H-ZD,029
1242120852203,030,分类,1,1,Y,H-T0289,H-ZD,030
1242120852204,024,分类,1,1,Y,H-T0228,H-ZD,024
1242120861802,027,分类,4,0,Y,,H-ZD,027
1242120861803,021,分类,1,0,Y,,H-ZD,021
1242120873202,021,分类,20,0,Y,,H-ZD,021
1242121015104,021,分类,1,1,Y,H-T0263,H-ZD,021
1242121015105,021,分类,11,11,Y,H-T0263,H-ZD,021
1242121015106,024,分类,7,7,Y,H-T0228,H-ZD,"024,034"
1242121015106,034,发货,1,1,Y,H-T0244,H-ZD,"024,034"
1242121026905,022,分类,2,2,Y,H-T0234,H-ZD,022
1242121026906,021,分类,11,11,Y,H-T0263,H-ZD,021
1242121049904,021,分类,2,2,Y,H-T0263,H-ZD,021
1242121049905,021,分类,1,1,Y,H-T0263,H-ZD,021
1242121049906,021,分类,5,4,Y,H-T0263,H-ZD,021
1242121080905,022,分类,1,1,Y,H-T0234,H-ZD,022
1242121080906,021,分类,9,8,Y,H-T0263,H-ZD,021
1242121627105,028,分类,1,0,Y,,H-ZD,028
12421220113102,066,异常,1,0,Y,,H-ZD,066
1242122015204,035,分类,1,1,Y,H-T0064,H-ZD,035
1242122026905,035,分类,3,3,Y,H-T0064,H-ZD,035
1242122026910,035,分类,6,6,Y,H-T0049,H-ZD,035
12421220305701,035,分类,1,1,Y,H-T0064,H-ZD,035
12421220305710,035,分类,1,1,Y,H-T0049,H-ZD,035
12421220308605,036,分类,4,4,Y,H-T0146,H-ZD,036
1242122034504,036,分类,3,2,Y,H-T0061,H-ZD,036
1242122034602,036,分类,3,3,Y,"H-T0061,H-T0146",H-ZD,036
1242122034605,036,分类,4,4,Y,"H-T0061,H-T0146",H-ZD,036
12421220415301,021,分类,4,4,Y,H-T0226,H-ZD,021
12421220415310,037,分类,5,5,Y,"H-T0070,H-T0081",H-ZD,037
1242122049710,036,分类,1,1,Y,H-T0061,H-ZD,036
12421220504001,037,分类,1,1,Y,H-T0149,H-ZD,037
12421220504003,037,分类,2,2,Y,H-T0081,H-ZD,037
12421220504010,037,分类,1,1,Y,H-T0081,H-ZD,037
1242122052202,066,异常,1,0,Y,,H-ZD,066
1242122052210,066,异常,1,0,Y,,H-ZD,066
1242122061810,036,分类,5,0,Y,,H-ZD,036
12421220704101,040,分类,5,5,Y,H-T0068,H-ZD,040
12421220704103,027,分类,2,2,Y,H-T0231,H-ZD,027
12421220704110,037,分类,7,7,Y,H-T0081,H-ZD,037
1242122073202,036,分类,1,1,Y,H-T0146,H-ZD,036
1242122073204,036,分类,1,1,Y,H-T0061,H-ZD,036
12421220809501,037,分类,2,2,Y,H-T0081,H-ZD,037
12421220809502,034,发货,1,1,Y,H-T0147,H-ZD,034
12421220809503,037,分类,3,3,Y,H-T0081,H-ZD,037
12421220809510,037,分类,6,6,Y,H-T0081,H-ZD,037
1242122661803,039,分类,1,1,Y,H-T0148,H-ZD,039
1242122849902,023,分类,3,3,Y,H-T0294,H-ZD,023
1242122849904,039,分类,1,1,Y,H-T0146,H-ZD,039
1242122861805,039,分类,1,0,Y,,H-ZD,039
1242122871903,035,分类,1,1,Y,H-T0064,H-ZD,035
1242122880903,040,分类,1,1,Y,H-T0068,H-ZD,040
1242123015102,027,分类,1,1,Y,H-T0231,H-ZD,027
1242123026903,022,分类,3,3,Y,H-T0234,H-ZD,022
1242123026904,040,分类,1,1,Y,H-T0494,H-ZD,040
1242123049703,023,分类,2,2,Y,H-T0294,H-ZD,023
1242123661805,024,分类,1,0,Y,,H-ZD,024
1242124026902,030,分类,1,1,Y,H-T0289,H-ZD,030
1242124026904,035,分类,2,2,Y,H-T0064,H-ZD,035
1242124049902,035,分类,3,3,Y,H-T0064,H-ZD,035
1242124049903,026,分类,4,4,Y,H-T0287,H-ZD,026
1242124061802,038,分类,1,1,Y,H-T0149,H-ZD,038
1242124061803,025,分类,3,3,Y,H-T0484,H-ZD,025
1242125015102,038,分类,5,5,Y,H-T0149,H-ZD,038
1242125015103,042,分类,1,1,Y,H-T0275,H-ZD,042
1242125015104,035,分类,4,3,Y,H-T0064,H-ZD,035
1242125015105,037,分类,1,0,Y,,H-ZD,037
1242125027102,039,分类,2,2,Y,H-T0148,H-ZD,039
1242125027103,021,分类,1,1,Y,H-T0263,H-ZD,021
12421250410205,029,分类,1,1,Y,H-T0285,H-ZD,029
1242125045603,037,分类,3,3,Y,H-T0081,H-ZD,037
1242125073202,037,分类,1,1,Y,H-T0081,H-ZD,037
1242125073203,038,分类,2,2,Y,H-T0493,H-ZD,038
1242125073205,066,异常,1,0,Y,,H-ZD,066
1242125080606,038,分类,1,1,Y,H-T0149,H-ZD,038
1242125449902,040,分类,5,0,Y,,H-ZD,040
1242125452202,066,异常,1,0,Y,,H-ZD,066
1242125480307,039,分类,1,1,Y,H-T0146,H-ZD,039
1242125615102,029,分类,1,1,Y,H-T0285,H-ZD,029
1242125661802,039,分类,1,0,Y,,H-ZD,039
1242125671902,021,分类,10,0,Y,,H-ZD,021
1242125680902,035,分类,1,1,Y,H-T0049,H-ZD,035
1242141424702,028,分类,1,1,Y,H-T0237,H-ZD,028
1242141424705,028,分类,1,0,Y,,H-ZD,028
1242142015203,022,分类,1,1,Y,H-T0234,H-ZD,022
1242142015205,021,分类,4,1,Y,H-T0263,H-ZD,021
1242142024703,023,分类,2,2,Y,H-T0294,H-ZD,023
1242142024705,021,分类,2,2,Y,H-T0263,H-ZD,021
1242142611202,027,分类,2,2,Y,H-T0231,H-ZD,027
1242142611203,027,分类,2,2,Y,H-T0231,H-ZD,027
1242142660403,021,分类,2,2,Y,H-T0263,H-ZD,021
1242142660404,027,分类,2,2,Y,"H-T0231,H-T0284",H-ZD,027
1242144014201,020,分类,3,3,Y,H-T0258,H-ZD,020
1242144014202,021,分类,4,0,Y,,H-ZD,021
1242144014203,035,分类,2,2,Y,H-T0064,H-ZD,035
1242144024705,030,分类,1,1,Y,H-T0289,H-ZD,030
1242144027201,021,分类,1,1,Y,H-T0263,H-ZD,021
1242144027202,020,分类,4,4,Y,H-T0479,H-ZD,020
1242144027203,039,分类,1,1,Y,H-T0069,H-ZD,039
1242144027206,037,分类,1,0,Y,,H-ZD,037
1242144035102,040,分类,4,4,Y,H-T0494,H-ZD,040
1242144038401,039,分类,1,1,Y,H-T0146,H-ZD,039
1242144038402,021,分类,3,2,Y,H-T0263,H-ZD,021
1242144038405,039,分类,1,1,Y,H-T0069,H-ZD,039
1242144038406,037,分类,1,0,Y,,H-ZD,037
1242144050403,027,分类,2,2,Y,H-T0231,H-ZD,027
1242150215103,038,分类,1,0,Y,,H-ZD,038
1242150261803,038,分类,1,0,Y,,H-ZD,038
1242150815102,021,分类,1,1,Y,H-T0263,H-ZD,021
1242150815103,035,分类,4,4,Y,H-T0049,H-ZD,035
1242150815107,027,分类,1,1,Y,H-T0231,H-ZD,027
1242150826902,020,分类,3,3,Y,H-T0229,H-ZD,020
1242150826903,035,分类,6,6,Y,H-T0049,H-ZD,035
1242150826906,027,分类,1,1,Y,H-T0231,H-ZD,027
1242150849702,021,分类,2,2,Y,H-T0226,H-ZD,021
1242150849703,037,分类,7,0,Y,,H-ZD,037
1242150849705,027,分类,2,2,Y,H-T0231,H-ZD,027
1242150880902,036,分类,1,1,Y,H-T0061,H-ZD,036
1242151015102,038,分类,35,34,Y,H-T0149,H-ZD,038
1242151015106,038,分类,2,2,Y,H-T0149,H-ZD,038
1242151061802,021,分类,58,54,Y,H-T0263,H-ZD,021
1242151061804,066,异常,1,0,Y,,H-ZD,066
1242151073303,036,分类,27,27,Y,H-T0061,H-ZD,036
1242151073304,018,分类,76,75,Y,H-T0236,H-ZD,018
1242151080902,018,分类,52,51,Y,H-T0077,H-ZD,018
1242151480903,024,分类,1,0,Y,,H-ZD,024
1242152215107,030,分类,1,0,Y,,H-ZD,030
1242152249707,029,分类,1,1,Y,H-T0285,H-ZD,029
1242152280902,029,分类,2,1,Y,H-T0285,H-ZD,029
1242152280904,030,分类,1,0,Y,,H-ZD,030
1242152280905,029,分类,1,1,Y,H-T0285,H-ZD,029
1242152280907,029,分类,1,1,Y,H-T0285,H-ZD,029
1242153245602,038,分类,1,1,Y,H-T0493,H-ZD,038
1242153245603,030,分类,1,0,Y,,H-ZD,030
1242153261804,040,分类,1,0,Y,,H-ZD,040
1242153261805,035,分类,1,1,Y,H-T0049,H-ZD,035
1242153280905,022,分类,2,2,Y,H-T0234,H-ZD,022
1242153411302,023,分类,1,1,Y,H-T0294,H-ZD,023
1242153411303,023,分类,1,1,Y,H-T0294,H-ZD,023
1242153434307,030,分类,2,2,Y,H-T0289,H-ZD,030
1242153449302,023,分类,1,1,Y,H-T0294,H-ZD,023
1242153449303,023,分类,1,1,Y,H-T0294,H-ZD,023
1242153461803,037,分类,1,1,Y,H-T0081,H-ZD,037
1242153480903,027,分类,2,2,Y,H-T0231,H-ZD,027
1242153880902,029,分类,1,1,Y,H-T0285,H-ZD,029
1242153880903,027,分类,1,1,Y,H-T0231,H-ZD,027
1242155835002,025,分类,1,1,Y,H-T0484,H-ZD,025
1242155835003,023,分类,1,1,Y,H-T0294,H-ZD,023
1242155835004,021,分类,1,1,Y,H-T0300,H-ZD,021
1242155835005,029,分类,2,2,Y,H-T0285,H-ZD,029
1242155848703,025,分类,1,0,Y,,H-ZD,025
1242155861803,021,分类,1,1,Y,H-T0263,H-ZD,021
1242511241804,030,分类,1,1,Y,H-T0289,H-ZD,030
1242511252202,029,分类,5,5,Y,H-T0285,H-ZD,029
1242511252203,030,分类,4,4,Y,H-T0289,H-ZD,030
1242511252204,026,分类,2,0,Y,,H-ZD,026
1242511252205,024,分类,1,1,Y,H-T0228,H-ZD,024
1242511261804,030,分类,1,1,Y,H-T0289,H-ZD,030
1242511271902,029,分类,2,1,Y,H-T0285,H-ZD,029
1242511271903,029,分类,4,2,Y,H-T0285,H-ZD,029
1242511271904,027,分类,2,2,Y,H-T0231,H-ZD,027
1242511273203,038,分类,1,1,Y,H-T0493,H-ZD,038
12430100461801,029,分类,1,1,Y,H-T0285,H-ZD,029
12430100461802,035,分类,2,0,Y,,H-ZD,035
12430100480302,048,分类,1,1,Y,H-T0110,H-ZD,048
12430100480303,030,分类,1,1,Y,H-T0289,H-ZD,030
12430100480304,027,分类,1,1,Y,H-T0231,H-ZD,027
12430100628302,042,分类,2,2,Y,H-T0275,H-ZD,042
12430100628304,042,分类,1,1,Y,H-T0275,H-ZD,042
124301006308802,040,分类,1,1,Y,H-T0142,H-ZD,040
124301006308805,066,异常,1,0,Y,,H-ZD,066
12430100638301,020,分类,1,1,Y,H-T0156,H-ZD,020
12430100638302,040,分类,1,1,Y,H-T0142,H-ZD,040
12430100638304,066,异常,1,0,Y,,H-ZD,066
124301006504102,066,异常,1,0,Y,,H-ZD,066
124301006504104,066,异常,1,0,Y,,H-ZD,066
124301006504105,020,分类,6,6,Y,H-T0258,H-ZD,020
124301006504106,030,分类,1,1,Y,H-T0289,H-ZD,030
12430100659202,037,分类,2,2,Y,H-T0149,H-ZD,037
12430100661801,020,分类,10,10,Y,H-T0258,H-ZD,020
12430100661802,020,分类,8,6,Y,H-T0258,H-ZD,020
12430100661804,066,异常,1,0,Y,,H-ZD,066
12430100667501,020,分类,11,11,Y,H-T0479,H-ZD,020
12430100667502,020,分类,16,6,Y,"H-T0156,H-T0479",H-ZD,020
12430100667504,048,分类,1,1,Y,H-T0091,H-ZD,048
12430101235804,020,分类,3,0,Y,,H-ZD,"020,034"
12430101235804,034,发货,1,0,Y,,H-ZD,"020,034"
12430101235805,020,分类,4,4,Y,H-T0258,H-ZD,020
12430101235806,021,分类,2,2,Y,H-T0300,H-ZD,021
12430101261803,034,发货,1,1,Y,H-T0243,H-ZD,034
12430101261806,066,异常,1,0,Y,,H-ZD,066
12430101282403,066,异常,1,0,Y,,H-ZD,066
12430101282404,034,发货,1,1,Y,H-T0019,H-ZD,034
12430101282406,034,发货,1,1,Y,H-T0244,H-ZD,034
12430101282407,066,异常,1,0,Y,,H-ZD,066
12430101428203,030,分类,1,1,Y,H-T0289,H-ZD,030
12430101461803,042,分类,1,1,Y,H-T0275,H-ZD,042
12430101461804,022,分类,2,2,Y,H-T0088,H-ZD,022
12430101461806,025,分类,1,1,Y,H-T0095,H-ZD,025
12430101479006,030,分类,1,1,Y,H-T0289,H-ZD,030
12430102435806,066,异常,1,0,Y,,H-ZD,066
12430102441104,066,异常,1,0,Y,,H-ZD,066
12430102461804,036,分类,1,0,Y,,H-ZD,036
12430102461805,038,分类,1,1,Y,H-T0493,H-ZD,038
124301030608503,026,分类,3,0,Y,,H-ZD,026
124301030608704,020,分类,2,2,Y,H-T0479,H-ZD,020
12430103061803,066,异常,1,0,Y,,H-ZD,066
12430103061804,048,分类,2,2,Y,H-T0091,H-ZD,048
12430103061807,048,分类,1,1,Y,H-T0091,H-ZD,048
12430103067102,022,分类,1,1,Y,H-T0088,H-ZD,022
12430103067103,020,分类,5,5,Y,H-T0479,H-ZD,020
12430103067104,020,分类,2,2,Y,H-T0258,H-ZD,020
12430103227902,042,分类,1,1,Y,H-T0275,H-ZD,042
12430103235802,034,发货,1,1,Y,H-T0147,H-ZD,034
12430103282401,034,发货,2,2,Y,"H-T0007,H-T0019",H-ZD,034
12430103282402,034,发货,5,5,Y,"H-T0007,H-T0019,H-T0264",H-ZD,034
12430103412707,066,异常,1,0,Y,,H-ZD,066
12430103482403,043,分类,1,1,Y,H-T0274,H-ZD,043
124301038110803,020,分类,2,2,Y,H-T0229,H-ZD,020
12430103852604,047,分类,1,1,Y,H-T0267,H-ZD,047
124301070207802,020,分类,1,1,Y,H-T0156,H-ZD,020
124301080601803,066,异常,1,0,Y,,H-ZD,066
124301080601804,066,异常,1,0,Y,,H-ZD,066
12430208261802,048,分类,1,1,Y,H-T0262,H-ZD,048
12430208261803,047,分类,1,0,Y,,H-ZD,047
12430208261804,066,异常,2,0,Y,,H-ZD,066
12430208284305,066,异常,1,0,Y,,H-ZD,066
12430614822605,041,分类,1,1,Y,H-T0295,H-ZD,041
12430614824702,037,分类,1,1,Y,H-T0081,H-ZD,037
12430614824703,021,分类,2,2,Y,H-T0263,H-ZD,021
12430614824704,065,分类,1,1,Y,H-T0286,H-ZD,065
12430614861805,041,分类,1,1,Y,H-T0295,H-ZD,041
12430615061802,048,分类,1,1,Y,H-T0076,H-ZD,048
12430615212703,024,分类,3,3,Y,H-T0228,H-ZD,024
12430615212705,029,分类,2,0,Y,,H-ZD,029
12430615222602,031,分类,1,1,Y,H-T0156,H-ZD,031
12430615222606,066,异常,1,0,Y,,H-ZD,066
12430615261803,026,分类,2,0,Y,,H-ZD,026
12430615261806,066,异常,1,0,Y,,H-ZD,066
12430716424704,027,分类,1,1,Y,H-T0231,H-ZD,027
12430716424706,030,分类,1,1,Y,H-T0289,H-ZD,030
12430716461806,023,分类,1,1,Y,H-T0294,H-ZD,023
12430716835804,038,分类,1,1,Y,H-T0263,H-ZD,038
12430716861802,039,分类,2,2,Y,H-T0148,H-ZD,039
12430716861804,039,分类,9,9,Y,"H-T0146,H-T0148",H-ZD,039
12430716872802,038,分类,1,1,Y,H-T0263,H-ZD,038
12430716872804,038,分类,1,1,Y,H-T0263,H-ZD,038
12430717034002,029,分类,1,1,Y,H-T0285,H-ZD,029
12430717034003,038,分类,1,1,Y,H-T0149,H-ZD,038
12430717034006,066,异常,1,0,Y,,H-ZD,066
12431019216502,066,异常,2,0,Y,,H-ZD,066
12431019216503,066,异常,2,0,Y,,H-ZD,066
12431019216505,066,异常,1,0,Y,,H-ZD,066
12431019252402,066,异常,1,0,Y,,H-ZD,066
12431019252403,048,分类,1,1,Y,H-T0091,H-ZD,048
12431019252404,066,异常,3,0,Y,,H-ZD,066
12431019252405,066,异常,3,0,Y,,H-ZD,066
124310192612403,026,分类,2,2,Y,H-T0287,H-ZD,026
12431019261804,066,异常,1,0,Y,,H-ZD,066
12431019261805,066,异常,2,0,Y,,H-ZD,066
12431019261806,038,分类,3,0,Y,,H-ZD,038
12431019282402,045,分类,2,2,Y,H-T0094,H-ZD,045
12431019282403,045,分类,1,1,Y,H-T0103,H-ZD,045
12431019282405,045,分类,1,1,Y,H-T0094,H-ZD,045
12431019282406,045,分类,1,1,Y,H-T0103,H-ZD,045
124310206102902,037,分类,1,0,Y,,H-ZD,037
124310206102903,022,分类,2,2,Y,H-T0234,H-ZD,022
124310206102904,030,分类,1,1,Y,H-T0289,H-ZD,030
124310206102905,027,分类,1,1,Y,H-T0231,H-ZD,027
124310206600402,024,分类,1,1,Y,H-T0228,H-ZD,024
124310206600403,034,发货,1,1,Y,H-T0244,H-ZD,"034,041"
124310206600403,041,分类,1,1,Y,H-T0246,H-ZD,"034,041"
12431123241804,066,异常,1,0,Y,,H-ZD,066
12431123260405,048,分类,1,1,Y,H-T0076,H-ZD,048
12431123282404,066,异常,1,0,Y,,H-ZD,066
12431123461805,031,分类,1,1,Y,H-T0283,H-ZD,031
12431437261802,021,分类,4,4,Y,H-T0263,H-ZD,021
12431437261803,028,分类,2,2,Y,H-T0237,H-ZD,028
12431437261804,036,分类,2,0,Y,,H-ZD,036
12431437261805,028,分类,1,0,Y,,H-ZD,028
12431437261806,023,分类,3,3,Y,H-T0294,H-ZD,023
12431437272802,066,异常,1,0,Y,,H-ZD,066
12431437272804,037,分类,1,1,Y,H-T0081,H-ZD,037
12431437272805,066,异常,1,0,Y,,H-ZD,066
12431437272806,028,分类,1,1,Y,H-T0237,H-ZD,028
12431437634005,037,分类,1,1,Y,H-T0149,H-ZD,037
12431437661802,048,分类,1,1,Y,H-T0091,H-ZD,048
12431437661803,065,分类,1,1,Y,H-T0286,H-ZD,065
12431538216502,043,分类,1,1,Y,H-T0248,H-ZD,043
12431538216505,020,分类,2,2,Y,H-T0479,H-ZD,020
12431538282402,037,分类,1,1,Y,H-T0081,H-ZD,037
12431538282403,066,异常,1,0,Y,,H-ZD,066
12431538616502,036,分类,1,1,Y,H-T0146,H-ZD,036
12431538616503,036,分类,1,1,Y,H-T0146,H-ZD,036
12431538661802,036,分类,49,21,Y,H-T0146,H-ZD,036
12431538682406,020,分类,10,10,Y,H-T0229,H-ZD,020
12431539027804,066,异常,2,0,Y,,H-ZD,066
12431539061802,066,异常,2,0,Y,,H-ZD,066
12431539435802,066,异常,1,0,Y,,H-ZD,066
12431539435803,029,分类,1,1,Y,H-T0285,H-ZD,029
12431539452702,028,分类,1,1,Y,H-T0292,H-ZD,028
12431539461803,040,分类,3,3,Y,H-T0494,H-ZD,040
12431539461804,040,分类,4,4,Y,H-T0494,H-ZD,040
12431539484303,021,分类,9,10,Y,"H-T0263,H-T0300",H-ZD,"021,034"
12431539484303,034,发货,1,0,Y,,H-ZD,"021,034"
12431539484304,028,分类,8,9,Y,"H-T0237,H-T0292",H-ZD,"028,034"
12431539484304,034,发货,1,0,Y,,H-ZD,"028,034"
12431539635803,035,分类,1,0,Y,,H-ZD,035
12431539652803,029,分类,1,1,Y,H-T0285,H-ZD,029
12431539861804,066,异常,1,0,Y,,H-ZD,066
12431539861805,066,异常,2,0,Y,,H-ZD,066
12435109236002,021,分类,2,2,Y,H-T0300,H-ZD,021
12435109236003,023,分类,2,1,Y,H-T0294,H-ZD,023
12435109261807,021,分类,2,2,Y,H-T0263,H-ZD,021
12435109284306,020,分类,10,10,Y,H-T0479,H-ZD,020
12437613052602,027,分类,1,1,Y,H-T0231,H-ZD,027
12437613060402,027,分类,1,1,Y,H-T0231,H-ZD,027
12437613084302,027,分类,1,1,Y,H-T0231,H-ZD,027
12437641060401,023,分类,1,1,Y,H-T0294,H-ZD,023
12437736661803,066,异常,2,0,Y,,H-ZD,066
12440101052704,023,分类,1,1,Y,H-T0294,H-ZD,023
12440101052706,023,分类,1,1,Y,H-T0294,H-ZD,023
12440101052707,023,分类,1,1,Y,H-T0294,H-ZD,023
12440101067206,023,分类,1,1,Y,H-T0294,H-ZD,023
12440104214602,036,分类,1,1,Y,H-T0146,H-ZD,036
124401042411503,046,分类,1,1,Y,H-T0266,H-ZD,046
124401042411504,046,分类,1,1,Y,H-T0144,H-ZD,046
124401042504905,066,异常,1,0,Y,,H-ZD,066
12440104252702,039,分类,1,1,Y,H-T0148,H-ZD,039
12440104282403,047,分类,1,1,Y,H-T0267,H-ZD,047
12440104282405,047,分类,1,1,Y,H-T0267,H-ZD,047
12440105624703,023,分类,1,0,Y,,H-ZD,023
12440105624704,030,分类,1,1,Y,H-T0289,H-ZD,030
12440105661803,048,分类,1,1,Y,H-T0091,H-ZD,048
12440105680302,066,异常,1,0,Y,,H-ZD,066
12440105680303,023,分类,1,0,Y,,H-ZD,023
12440105680304,021,分类,2,2,Y,H-T0263,H-ZD,021
12440105680305,037,分类,1,1,Y,H-T0081,H-ZD,037
12440312625706,030,分类,1,1,Y,H-T0289,H-ZD,030
124403128100205,024,分类,1,0,Y,,H-ZD,024
12440312835704,029,分类,1,1,Y,H-T0285,H-ZD,029
124403128400105,042,分类,1,1,Y,H-T0072,H-ZD,042
12440312852401,029,分类,1,1,Y,H-T0285,H-ZD,029
12440411616503,023,分类,1,1,Y,H-T0294,H-ZD,023
12440824031404,039,分类,1,1,Y,H-T0148,H-ZD,039
12440824627802,020,分类,3,3,Y,H-T0229,H-ZD,020
12440824627805,023,分类,1,1,Y,H-T0294,H-ZD,023
12440824627806,023,分类,1,1,Y,H-T0294,H-ZD,023
12440824627902,045,分类,1,1,Y,H-T0067,H-ZD,045
12440824627903,045,分类,2,2,Y,H-T0094,H-ZD,045
12440824661802,034,发货,1,1,Y,H-T0244,H-ZD,034
12440824661803,044,分类,1,0,Y,,H-ZD,044
12440824661806,044,分类,1,1,Y,H-T0073,H-ZD,044
12440824682402,020,分类,2,2,Y,H-T0258,H-ZD,020
12440824682404,029,分类,2,2,Y,H-T0285,H-ZD,029
12440824682405,023,分类,1,1,Y,H-T0294,H-ZD,023
12440824682406,023,分类,1,1,Y,H-T0294,H-ZD,023
12440825060403,066,异常,1,0,Y,,H-ZD,066
12440825082403,030,分类,1,1,Y,H-T0289,H-ZD,030
12440825252602,035,分类,3,3,Y,"H-T0032,H-T0049",H-ZD,035
12440825261802,035,分类,1,1,Y,H-T0032,H-ZD,035
12440825261804,035,分类,1,1,Y,H-T0049,H-ZD,035
12440825282402,035,分类,1,1,Y,H-T0032,H-ZD,035
12440825416505,024,分类,1,1,Y,H-T0228,H-ZD,024
12440825427903,066,异常,1,0,Y,,H-ZD,066
12440825427904,030,分类,2,2,Y,H-T0289,H-ZD,030
12440825461804,029,分类,1,1,Y,H-T0285,H-ZD,029
12440825482406,029,分类,1,1,Y,H-T0285,H-ZD,029
12440825661802,030,分类,1,0,Y,,H-ZD,030
12440825661804,066,异常,1,0,Y,,H-ZD,066
12440825661805,043,分类,1,1,Y,H-T0248,H-ZD,043
12440825661806,035,分类,1,1,Y,H-T0064,H-ZD,035
12440825682404,035,分类,1,1,Y,H-T0064,H-ZD,035
12440825682406,066,异常,1,0,Y,,H-ZD,066
12440825852702,021,分类,1,0,Y,,H-ZD,021
12440825852703,066,异常,1,0,Y,,H-ZD,066
12440825852704,022,分类,2,2,Y,H-T0234,H-ZD,022
12440825852705,030,分类,1,1,Y,H-T0289,H-ZD,030
12440825861801,034,发货,1,0,Y,,H-ZD,034
12440825861802,022,分类,4,4,Y,H-T0234,H-ZD,022
12440825861804,028,分类,1,0,Y,,H-ZD,028
12440825861805,021,分类,4,3,Y,"H-T0263,H-T0300",H-ZD,"021,034"
12440825861805,034,发货,1,0,Y,,H-ZD,"021,034"
12440825882401,027,分类,1,1,Y,H-T0231,H-ZD,027
12440825882403,066,异常,1,0,Y,,H-ZD,066
12440825882405,030,分类,1,1,Y,H-T0289,H-ZD,030
12440825882406,029,分类,1,1,Y,H-T0285,H-ZD,029
12440826082402,040,分类,1,1,Y,H-T0494,H-ZD,040
12440826412704,039,分类,1,1,Y,H-T0069,H-ZD,039
12440826861806,028,分类,1,0,Y,,H-ZD,028
12440826873202,020,分类,1,1,Y,H-T0479,H-ZD,020
124408278100104,023,分类,1,1,Y,H-T0294,H-ZD,023
12440827882404,023,分类,1,1,Y,H-T0294,H-ZD,023
12440828060403,066,异常,1,0,Y,,H-ZD,066
12440828213602,031,分类,1,0,Y,,H-ZD,031
12440828213606,040,分类,2,0,Y,,H-ZD,040
124408282411502,047,分类,2,2,Y,H-T0267,H-ZD,047
12440828260402,035,分类,1,1,Y,H-T0032,H-ZD,035
12440828260406,035,分类,11,11,Y,H-T0064,H-ZD,035
12440828280302,035,分类,1,1,Y,H-T0032,H-ZD,035
12440828280303,035,分类,14,0,Y,,H-ZD,035
12440828280306,035,分类,17,17,Y,H-T0049,H-ZD,035
12440934261806,040,分类,2,2,Y,H-T0068,H-ZD,040
125101008207102,066,异常,1,0,Y,,H-ZD,066
125101008207103,066,异常,1,0,Y,,H-ZD,066
125101008207104,066,异常,2,0,Y,,H-ZD,066
125101008410103,034,发货,6,6,Y,"H-T0019,H-T0147,H-T0243,H-T0264",H-ZD,034
125101008410104,034,发货,3,2,Y,"H-T0147,H-T0264",H-ZD,034
125101008410105,034,发货,3,2,Y,H-T0019,H-ZD,034
125101008410106,034,发货,2,2,Y,"H-T0007,H-T0019",H-ZD,034
125101008601802,034,发货,1,1,Y,H-T0264,H-ZD,"034,066"
125101008601802,066,异常,1,0,Y,,H-ZD,"034,066"
125101008601803,034,发货,1,1,Y,H-T0147,H-ZD,034
125101008601804,034,发货,1,1,Y,H-T0019,H-ZD,034
125101008601805,066,异常,1,0,Y,,H-ZD,066
125101014110402,066,异常,1,0,Y,,H-ZD,066
125101014110404,022,分类,1,1,Y,H-T0234,H-ZD,022
125101014110405,026,分类,1,0,Y,,H-ZD,026
125101014110406,022,分类,1,0,Y,,H-ZD,022
125101020110903,040,分类,1,1,Y,H-T0068,H-ZD,040
125106002207103,044,分类,1,1,Y,H-T0073,H-ZD,044
125106002207104,044,分类,3,1,Y,H-T0073,H-ZD,044
125106002207105,044,分类,3,2,Y,H-T0073,H-ZD,044
125106002207106,044,分类,1,1,Y,H-T0073,H-ZD,044
125106002601802,039,分类,1,1,Y,H-T0148,H-ZD,039
125106004502702,037,分类,1,1,Y,H-T0149,H-ZD,037
125106004502703,021,分类,1,1,Y,H-T0263,H-ZD,021
125106004601802,021,分类,4,4,Y,H-T0263,H-ZD,021
125106004601803,020,分类,12,12,Y,H-T0479,H-ZD,020
125106004601804,020,分类,15,15,Y,"H-T0229,H-T0258",H-ZD,020
125106004601805,021,分类,1,1,Y,H-T0263,H-ZD,021
125106015101203,044,分类,1,1,Y,H-T0264,H-ZD,044
125106015101206,044,分类,1,1,Y,H-T0264,H-ZD,044
125106015102702,020,分类,1,1,Y,H-T0229,H-ZD,020
125106015102704,039,分类,1,1,Y,H-T0148,H-ZD,039
125106015600402,040,分类,6,6,Y,H-T0494,H-ZD,040
125106015800602,045,分类,14,14,Y,H-T0067,H-ZD,045
125107002601803,065,分类,1,1,Y,H-T0286,H-ZD,065
125107002601806,066,异常,1,0,Y,,H-ZD,066
125107004211904,035,分类,1,1,Y,H-T0049,H-ZD,035
125107004601804,066,异常,1,0,Y,,H-ZD,066
125107004804302,039,分类,3,0,Y,,H-ZD,039
125107004804303,039,分类,4,4,Y,"H-T0069,H-T0148",H-ZD,039
125107004804304,039,分类,2,2,Y,H-T0148,H-ZD,039
125107018600402,046,分类,2,2,Y,H-T0144,H-ZD,046
125107018600403,046,分类,2,2,Y,"H-T0144,H-T0266",H-ZD,046
125107018600404,046,分类,1,1,Y,H-T0144,H-ZD,046
125107018600405,046,分类,1,1,Y,H-T0144,H-ZD,046
125107018700306,065,分类,1,0,Y,,H-ZD,065
125110022301805,037,分类,2,2,Y,H-T0149,H-ZD,037
125110022600403,066,异常,1,0,Y,,H-ZD,066
125110022800302,038,分类,2,2,Y,H-T0263,H-ZD,038
125110022800303,042,分类,1,1,Y,H-T0275,H-ZD,042
125110022800305,037,分类,1,1,Y,H-T0149,H-ZD,037
125114002601806,028,分类,1,1,Y,H-T0237,H-ZD,028
125114002703205,028,分类,1,1,Y,H-T0237,H-ZD,028
125116008800904,021,分类,1,1,Y,H-T0263,H-ZD,021
125116008800906,025,分类,1,1,Y,H-T0484,H-ZD,025
125116022101602,021,分类,4,4,Y,H-T0263,H-ZD,021
125116022101603,021,分类,10,10,Y,"H-T0226,H-T0263",H-ZD,021
125116022600402,029,分类,3,3,Y,H-T0285,H-ZD,029
125116022600403,022,分类,9,9,Y,H-T0234,H-ZD,022
125116022600404,026,分类,3,3,Y,H-T0287,H-ZD,026
125116022800602,035,分类,1,1,Y,H-T0064,H-ZD,035
125116022800603,029,分类,2,2,Y,H-T0285,H-ZD,029
125151008601804,026,分类,1,0,Y,,H-ZD,026
125151008601805,037,分类,1,0,Y,,H-ZD,037
125151010110405,024,分类,1,1,Y,H-T0228,H-ZD,024
125151010110406,028,分类,1,1,Y,H-T0292,H-ZD,028
125151010601803,021,分类,13,1,Y,H-T0300,H-ZD,021
125151010601804,021,分类,11,4,Y,H-T0300,H-ZD,021
125151010601805,021,分类,4,2,Y,H-T0300,H-ZD,021
125151010601806,034,发货,1,1,Y,H-T0243,H-ZD,034
125151010802503,021,分类,3,3,Y,H-T0300,H-ZD,021
125151010802504,029,分类,1,1,Y,H-T0285,H-ZD,029
125178002110403,035,分类,5,5,Y,H-T0064,H-ZD,035
125178002601805,066,异常,1,0,Y,,H-ZD,066
125178002601806,066,异常,1,0,Y,,H-ZD,066
125179002606903,039,分类,3,3,Y,H-T0148,H-ZD,039
125179002606905,021,分类,2,1,Y,H-T0263,H-ZD,021
125181002600438,066,异常,1,0,Y,,H-ZD,066
125212004308603,035,分类,1,1,Y,H-T0064,H-ZD,035
125212004308605,030,分类,1,1,Y,H-T0289,H-ZD,030
125212004800906,035,分类,1,1,Y,H-T0064,H-ZD,035
125212004800907,020,分类,11,11,Y,H-T0479,H-ZD,020
125212006502203,036,分类,1,1,Y,H-T0061,H-ZD,036
125212006601802,022,分类,3,3,Y,H-T0234,H-ZD,022
125212006601803,035,分类,3,3,Y,H-T0064,H-ZD,035
125212008110404,029,分类,1,1,Y,H-T0285,H-ZD,029
125212008110405,023,分类,2,2,Y,H-T0294,H-ZD,023
125212008110406,025,分类,1,1,Y,H-T0484,H-ZD,025
125212008800904,031,分类,1,1,Y,H-T0283,H-ZD,031
125212014308602,024,分类,1,0,Y,,H-ZD,024
125212014308603,023,分类,1,1,Y,H-T0294,H-ZD,023
125212014308604,024,分类,1,1,Y,H-T0228,H-ZD,024
125212014308606,021,分类,1,0,Y,,H-ZD,021
125212014410102,026,分类,1,1,Y,H-T0287,H-ZD,026
125212014410104,027,分类,1,1,Y,H-T0231,H-ZD,027
125212014410106,021,分类,1,0,Y,,H-ZD,021
125212014800902,022,分类,3,3,Y,H-T0234,H-ZD,022
125212014800904,021,分类,1,1,Y,H-T0263,H-ZD,021
125212014800906,029,分类,2,1,Y,H-T0285,H-ZD,029
125214008502702,066,异常,1,0,Y,,H-ZD,066
125214008502703,030,分类,3,3,Y,H-T0289,H-ZD,030
125214008601803,038,分类,1,1,Y,H-T0149,H-ZD,038
125214008601804,036,分类,2,0,Y,,H-ZD,036
125214014703302,066,异常,1,0,Y,,H-ZD,066
125214014703305,028,分类,1,0,Y,,H-ZD,028
125214016110402,022,分类,30,30,Y,H-T0234,H-ZD,022
125214016110403,036,分类,4,0,Y,,H-ZD,036
125214016110404,031,分类,2,2,Y,H-T0156,H-ZD,031
125214016110405,040,分类,1,0,Y,,H-ZD,040
125214016210802,030,分类,19,19,Y,H-T0289,H-ZD,030
125214016210803,029,分类,1,1,Y,H-T0285,H-ZD,029
125214016210805,030,分类,16,0,Y,,H-ZD,030
125214016504002,030,分类,12,11,Y,H-T0289,H-ZD,030
125214016504003,035,分类,3,3,Y,H-T0064,H-ZD,035
125214016601802,027,分类,15,15,Y,H-T0231,H-ZD,027
125214016601803,039,分类,4,4,Y,H-T0069,H-ZD,039
125214016601805,030,分类,9,9,Y,H-T0289,H-ZD,"030,034"
125214016601805,034,发货,1,1,Y,H-T0244,H-ZD,"030,034"
125214019210802,038,分类,3,3,Y,H-T0149,H-ZD,038
125214019210803,036,分类,2,0,Y,,H-ZD,036
125214019504602,020,分类,8,8,Y,H-T0479,H-ZD,020
125214019504603,036,分类,3,3,Y,H-T0061,H-ZD,036
125214019504604,038,分类,2,2,Y,H-T0149,H-ZD,038
125214019504605,035,分类,3,3,Y,H-T0064,H-ZD,035
125214019601802,020,分类,6,0,Y,,H-ZD,020
125214022411604,065,分类,1,0,Y,,H-ZD,065
125214022601803,036,分类,1,1,Y,H-T0061,H-ZD,036
125214022703304,066,异常,2,0,Y,,H-ZD,066
125214022703305,066,异常,1,0,Y,,H-ZD,066
125214022703306,066,异常,1,0,Y,,H-ZD,066
125215002601802,021,分类,2,2,Y,H-T0263,H-ZD,021
125215002601804,031,分类,5,5,Y,H-T0283,H-ZD,031
125215002601805,030,分类,1,1,Y,H-T0289,H-ZD,030
125215002800905,030,分类,1,1,Y,H-T0289,H-ZD,030
125215008502704,027,分类,1,1,Y,H-T0231,H-ZD,027
125215008601803,035,分类,1,1,Y,H-T0064,H-ZD,035
125215008800904,027,分类,1,1,Y,H-T0231,H-ZD,027
125215008800907,036,分类,1,1,Y,H-T0061,H-ZD,036
125215010110402,030,分类,1,1,Y,H-T0289,H-ZD,030
125215010110403,030,分类,1,1,Y,H-T0289,H-ZD,030
125215010110405,021,分类,3,0,Y,,H-ZD,021
125215010110406,028,分类,2,0,Y,,H-ZD,028
125215010110407,021,分类,1,1,Y,H-T0263,H-ZD,021
125215010601807,029,分类,1,1,Y,H-T0285,H-ZD,029
125215010800902,027,分类,1,1,Y,H-T0231,H-ZD,027
125215010800903,029,分类,9,9,Y,H-T0285,H-ZD,029
125215010800904,030,分类,5,5,Y,H-T0289,H-ZD,030
125215010800905,021,分类,4,4,Y,H-T0263,H-ZD,021
125215010800906,030,分类,3,3,Y,H-T0289,H-ZD,030
125215010800907,030,分类,3,3,Y,H-T0289,H-ZD,030
125215016110406,020,分类,6,5,Y,H-T0479,H-ZD,020
125215016601804,036,分类,1,1,Y,H-T0061,H-ZD,036
125215016601806,038,分类,4,4,Y,H-T0149,H-ZD,038
125215018110403,030,分类,2,1,Y,H-T0289,H-ZD,030
125215018601804,021,分类,1,1,Y,H-T0263,H-ZD,021
125215018601805,021,分类,1,1,Y,H-T0263,H-ZD,021
125215018800903,039,分类,1,1,Y,H-T0069,H-ZD,039
125215018800906,036,分类,1,1,Y,H-T0061,H-ZD,036
125215020411502,043,分类,2,2,Y,H-T0248,H-ZD,043
125215020411505,041,分类,3,3,Y,H-T0246,H-ZD,041
125215020601802,066,异常,1,0,Y,,H-ZD,066
125215020800905,066,异常,1,0,Y,,H-ZD,066
125215022309102,025,分类,1,1,Y,H-T0484,H-ZD,025
125215022309104,035,分类,1,1,Y,H-T0064,H-ZD,035
125215022309106,028,分类,2,2,Y,H-T0237,H-ZD,028
125215022309107,029,分类,1,1,Y,H-T0285,H-ZD,029
125215022601802,024,分类,1,0,Y,,H-ZD,024
125215022601803,026,分类,3,3,Y,H-T0287,H-ZD,026
125215022601804,030,分类,4,4,Y,H-T0289,H-ZD,030
125215022601805,022,分类,5,5,Y,H-T0234,H-ZD,022
125215022601806,024,分类,6,0,Y,,H-ZD,024
125215022800903,026,分类,6,6,Y,H-T0287,H-ZD,026
125215022800904,022,分类,12,12,Y,H-T0234,H-ZD,022
125215022800905,027,分类,3,3,Y,H-T0231,H-ZD,027
125215022800906,027,分类,8,8,Y,H-T0284,H-ZD,027
125215024502703,035,分类,1,1,Y,H-T0064,H-ZD,035
125215024502705,024,分类,1,1,Y,H-T0228,H-ZD,024
125215024800905,027,分类,1,1,Y,H-T0231,H-ZD,027
125215026110402,027,分类,2,2,Y,H-T0284,H-ZD,027
125215026110403,027,分类,1,0,Y,,H-ZD,027
125215026110405,036,分类,1,1,Y,H-T0061,H-ZD,036
125215026309102,036,分类,3,3,Y,H-T0061,H-ZD,036
125215026309103,035,分类,1,1,Y,H-T0049,H-ZD,035
125215026800902,036,分类,25,22,Y,H-T0061,H-ZD,036
125215026800905,036,分类,32,32,Y,H-T0061,H-ZD,036
125215026800906,036,分类,2,2,Y,H-T0061,H-ZD,036
125215038601802,066,异常,1,0,Y,,H-ZD,066
125215040110402,022,分类,12,12,Y,H-T0234,H-ZD,022
125215040110403,022,分类,35,35,Y,H-T0088,H-ZD,022
125215040110404,022,分类,16,0,Y,,H-ZD,022
125215040110405,022,分类,13,0,Y,,H-ZD,022
125215040110406,022,分类,8,8,Y,H-T0234,H-ZD,022
125215040110407,021,分类,1,1,Y,H-T0263,H-ZD,021
125215040502703,036,分类,3,3,Y,H-T0061,H-ZD,036
125215040502705,029,分类,3,3,Y,H-T0285,H-ZD,029
125215040601802,038,分类,21,0,Y,,H-ZD,038
125215040601803,038,分类,53,53,Y,H-T0149,H-ZD,038
125215040601804,017,分类,72,69,Y,H-T0253,H-ZD,017
125215040601805,038,分类,54,54,Y,H-T0149,H-ZD,038
125215040601806,038,分类,30,29,Y,H-T0149,H-ZD,038
125215040601807,038,分类,11,11,Y,H-T0149,H-ZD,038
125215040800902,038,分类,14,14,Y,H-T0149,H-ZD,038
125215040800903,038,分类,29,0,Y,,H-ZD,038
125215040800906,038,分类,9,9,Y,H-T0149,H-ZD,038
125215040800907,038,分类,5,5,Y,H-T0149,H-ZD,038
125215046601805,030,分类,44,44,Y,H-T0289,H-ZD,030
125215046601806,024,分类,23,23,Y,H-T0497,H-ZD,024
125215046601807,020,分类,29,29,Y,"H-T0229,H-T0258,H-T0479",H-ZD,020
125215046800905,020,分类,16,16,Y,H-T0479,H-ZD,020
125215046800906,020,分类,17,16,Y,H-T0479,H-ZD,020
125215046800907,020,分类,15,15,Y,H-T0258,H-ZD,020
125278008601803,021,分类,3,0,Y,,H-ZD,021
125278008601804,021,分类,2,2,Y,H-T0263,H-ZD,021
125278008601805,022,分类,2,2,Y,H-T0088,H-ZD,022
125278008601806,021,分类,4,4,Y,H-T0263,H-ZD,021
125278008703302,029,分类,1,1,Y,H-T0285,H-ZD,029
125278008703303,029,分类,1,0,Y,,H-ZD,029
125278008703304,028,分类,1,0,Y,,H-ZD,028
125301036210803,027,分类,1,1,Y,H-T0231,H-ZD,027
125301036412606,023,分类,1,1,Y,H-T0294,H-ZD,023
125301036601802,020,分类,2,2,Y,H-T0479,H-ZD,020
125301036601803,027,分类,1,1,Y,H-T0231,H-ZD,027
125301036601804,020,分类,4,4,Y,H-T0479,H-ZD,020
125301036601806,023,分类,1,1,Y,H-T0294,H-ZD,023
125301038505205,028,分类,1,0,Y,,H-ZD,028
125301038809502,023,分类,1,0,Y,,H-ZD,023
125301040213202,036,分类,2,2,Y,H-T0061,H-ZD,036
125301040213203,036,分类,1,1,Y,H-T0061,H-ZD,036
125301040601802,036,分类,1,0,Y,,H-ZD,036
125301040601803,036,分类,2,2,Y,H-T0146,H-ZD,036
125301055102903,034,发货,2,1,Y,H-T0019,H-ZD,034
125301055106703,043,分类,3,3,Y,H-T0274,H-ZD,043
125301055106705,066,异常,1,0,Y,,H-ZD,066
125301055206202,048,分类,1,1,Y,H-T0091,H-ZD,048
125301055206203,034,发货,1,1,Y,H-T0019,H-ZD,"034,037"
125301055206203,037,分类,1,1,Y,H-T0149,H-ZD,"034,037"
125301055411502,034,发货,1,1,Y,H-T0019,H-ZD,034
125301055411505,066,异常,1,0,Y,,H-ZD,066
125301055502604,066,异常,1,0,Y,,H-ZD,066
125301055502605,066,异常,1,0,Y,,H-ZD,066
125301055502703,066,异常,1,0,Y,,H-ZD,066
125301055502705,066,异常,1,0,Y,,H-ZD,066
125301055601803,034,发货,1,1,Y,H-T0243,H-ZD,034
125301055601807,044,分类,2,2,Y,H-T0073,H-ZD,044
125301055802403,044,分类,2,2,Y,"H-T0264,H-T0495",H-ZD,044
125301057601802,066,异常,1,0,Y,,H-ZD,066
125301057601806,034,发货,1,1,Y,H-T0147,H-ZD,034
125301057809502,042,分类,1,1,Y,H-T0275,H-ZD,042
125301057809505,036,分类,2,0,Y,,H-ZD,036
125301064111805,018,分类,50,34,Y,"H-T0077,H-T0236",H-ZD,018
125301064504803,045,分类,1,1,Y,H-T0103,H-ZD,045
125301064504805,045,分类,6,6,Y,H-T0067,H-ZD,045
125301064504807,045,分类,1,0,Y,,H-ZD,045
125301064601803,045,分类,1,1,Y,H-T0103,H-ZD,045
125301064809503,021,分类,1,1,Y,H-T0300,H-ZD,021
125301081104802,046,分类,7,7,Y,"H-T0144,H-T0266",H-ZD,046
125301081104803,046,分类,1,1,Y,H-T0144,H-ZD,046
125301081104804,046,分类,4,4,Y,H-T0144,H-ZD,046
125301081104805,046,分类,3,3,Y,H-T0144,H-ZD,046
125301081104806,046,分类,5,5,Y,H-T0144,H-ZD,046
125301081104807,046,分类,4,1,Y,H-T0144,H-ZD,046
125301081502402,045,分类,2,2,Y,H-T0094,H-ZD,045
125301081502403,045,分类,4,4,Y,"H-T0094,H-T0103",H-ZD,045
125301081502404,045,分类,13,13,Y,"H-T0094,H-T0103",H-ZD,045
125301081502405,045,分类,6,6,Y,"H-T0094,H-T0103",H-ZD,045
125301081502406,045,分类,4,4,Y,"H-T0094,H-T0103",H-ZD,045
125301081502407,045,分类,6,6,Y,"H-T0067,H-T0094,H-T0103",H-ZD,045
125301081601802,020,分类,3,3,Y,H-T0229,H-ZD,020
125301081601804,030,分类,2,0,Y,,H-ZD,030
125301081601805,031,分类,3,3,Y,"H-T0156,H-T0283",H-ZD,031
125301081601807,048,分类,2,2,Y,"H-T0091,H-T0262",H-ZD,048
125301081804302,030,分类,3,1,Y,H-T0289,H-ZD,030
125301081804303,020,分类,9,9,Y,"H-T0156,H-T0258,H-T0479",H-ZD,020
125301081804304,066,异常,3,0,Y,,H-ZD,066
125301081804305,024,分类,5,5,Y,"H-T0228,H-T0298",H-ZD,024
125301081804306,066,异常,2,0,Y,,H-ZD,066
125301081804307,037,分类,3,3,Y,"H-T0081,H-T0149",H-ZD,037
125301086102705,021,分类,2,2,Y,H-T0263,H-ZD,021
125301086309103,036,分类,2,2,Y,H-T0061,H-ZD,036
125301086309104,037,分类,2,2,Y,H-T0081,H-ZD,037
125301086504802,047,分类,1,0,Y,,H-ZD,047
125301086504804,047,分类,2,2,Y,H-T0295,H-ZD,047
125301086504805,047,分类,1,1,Y,H-T0267,H-ZD,047
125301086600403,022,分类,4,0,Y,,H-ZD,022
125301086600407,047,分类,1,1,Y,H-T0267,H-ZD,047
125301086802502,028,分类,4,1,Y,H-T0237,H-ZD,028
125301086802503,029,分类,6,6,Y,H-T0285,H-ZD,029
125301086802504,047,分类,2,2,Y,"H-T0267,H-T0295",H-ZD,047
125301099411504,034,发货,1,1,Y,H-T0264,H-ZD,"034,048"
125301099411504,048,分类,1,1,Y,H-T0110,H-ZD,"034,048"
125302008601802,043,分类,1,1,Y,H-T0274,H-ZD,043
125302008601804,065,分类,2,2,Y,H-T0286,H-ZD,065
125302008601805,066,异常,2,0,Y,,H-ZD,066
125302008707302,066,异常,1,0,Y,,H-ZD,066
125306012205802,036,分类,1,1,Y,H-T0146,H-ZD,036
125306012205803,038,分类,1,1,Y,H-T0493,H-ZD,038
125306012504802,036,分类,2,2,Y,H-T0146,H-ZD,036
125306012601802,036,分类,1,1,Y,H-T0146,H-ZD,036
125306018102702,039,分类,1,1,Y,H-T0069,H-ZD,039
125306018102703,039,分类,1,1,Y,H-T0148,H-ZD,039
125306018411502,046,分类,1,1,Y,H-T0144,H-ZD,046
125306018411504,046,分类,1,1,Y,H-T0144,H-ZD,046
125306018411505,034,发货,1,0,Y,,H-ZD,034
125306018411506,046,分类,1,1,Y,H-T0144,H-ZD,046
125306018504802,065,分类,1,1,Y,H-T0286,H-ZD,065
125306018504803,034,发货,1,1,Y,H-T0243,H-ZD,034
125306018504804,048,分类,1,1,Y,H-T0091,H-ZD,048
125306018504806,065,分类,1,1,Y,H-T0286,H-ZD,065
125306018504807,034,发货,1,1,Y,H-T0147,H-ZD,034
125306018600402,044,分类,2,2,Y,H-T0264,H-ZD,044
125306018600404,034,发货,1,1,Y,H-T0243,H-ZD,"034,044"
125306018600404,044,分类,2,2,Y,H-T0495,H-ZD,"034,044"
125306018600405,034,发货,1,1,Y,H-T0019,H-ZD,"034,044"
125306018600405,044,分类,1,1,Y,H-T0495,H-ZD,"034,044"
125306018600407,044,分类,1,1,Y,H-T0073,H-ZD,044
125306018702003,035,分类,1,1,Y,H-T0032,H-ZD,035
125306018702005,035,分类,1,1,Y,H-T0032,H-ZD,035
125306018800902,034,发货,2,2,Y,"H-T0019,H-T0147",H-ZD,"034,041"
125306018800902,041,分类,1,1,Y,H-T0295,H-ZD,"034,041"
125306018800903,034,发货,1,1,Y,H-T0147,H-ZD,034
125306018800904,034,发货,1,1,Y,H-T0243,H-ZD,034
125306018800907,041,分类,2,2,Y,H-T0295,H-ZD,041
125306020205803,039,分类,1,1,Y,H-T0148,H-ZD,039
125306020205804,039,分类,1,1,Y,H-T0148,H-ZD,039
125306020504805,039,分类,1,1,Y,H-T0148,H-ZD,039
125306020601802,039,分类,2,2,Y,H-T0146,H-ZD,039
125306020601803,039,分类,5,4,Y,H-T0069,H-ZD,039
125306020601807,039,分类,5,5,Y,H-T0146,H-ZD,039
125306021804302,034,发货,1,1,Y,H-T0147,H-ZD,034
125306021804305,034,发货,1,0,Y,,H-ZD,034
125307006204903,021,分类,1,1,Y,H-T0300,H-ZD,021
125307006601806,031,分类,1,1,Y,H-T0283,H-ZD,031
125307010410103,038,分类,1,1,Y,H-T0149,H-ZD,038
125307010707303,039,分类,1,1,Y,H-T0069,H-ZD,039
125307012210804,024,分类,1,0,Y,,H-ZD,024
125307012601804,023,分类,1,0,Y,,H-ZD,023
125307017601804,034,发货,1,1,Y,H-T0147,H-ZD,034
125307017601806,034,发货,1,1,Y,H-T0019,H-ZD,034
125307022205805,028,分类,1,1,Y,H-T0237,H-ZD,028
125307022205806,035,分类,1,1,Y,H-T0064,H-ZD,035
125307022601802,021,分类,1,1,Y,H-T0263,H-ZD,021
125307022804304,065,分类,2,0,Y,,H-ZD,065
125308002505202,021,分类,2,2,Y,H-T0226,H-ZD,021
125308002505203,031,分类,1,0,Y,,H-ZD,031
125308002601802,038,分类,1,1,Y,H-T0493,H-ZD,038
125310008412602,039,分类,5,0,Y,,H-ZD,039
125310008600402,039,分类,5,3,Y,H-T0146,H-ZD,039
125310008802403,048,分类,1,1,Y,H-T0076,H-ZD,048
125310008802405,038,分类,2,2,Y,H-T0149,H-ZD,038
125310010111902,023,分类,1,0,Y,,H-ZD,023
125310010601802,023,分类,1,0,Y,,H-ZD,023
125310026504802,066,异常,1,0,Y,,H-ZD,066
125310026601802,021,分类,2,2,Y,H-T0226,H-ZD,021
125310037412605,041,分类,1,1,Y,H-T0246,H-ZD,041
125310037412607,066,异常,1,0,Y,,H-ZD,066
125311008700802,038,分类,4,4,Y,H-T0149,H-ZD,038
125311008700805,038,分类,25,16,Y,H-T0149,H-ZD,038
125311008700806,038,分类,15,14,Y,H-T0493,H-ZD,038
125316016208002,037,分类,2,2,Y,H-T0081,H-ZD,037
125316016601802,037,分类,1,1,Y,H-T0081,H-ZD,037
125316016601803,039,分类,1,1,Y,H-T0146,H-ZD,039
125316018601803,027,分类,1,0,Y,,H-ZD,027
125316018601804,027,分类,1,1,Y,H-T0231,H-ZD,027
125316026601802,066,异常,1,0,Y,,H-ZD,066
125316026601803,029,分类,1,1,Y,H-T0285,H-ZD,029
125316026809503,066,异常,1,0,Y,,H-ZD,066
125316033105302,020,分类,1,1,Y,H-T0258,H-ZD,020
125316033207102,021,分类,3,3,Y,H-T0226,H-ZD,021
125316033601802,045,分类,1,1,Y,H-T0094,H-ZD,045
125318002601803,065,分类,1,1,Y,H-T0286,H-ZD,065
125319014501335,066,异常,1,0,Y,,H-ZD,066
125351023809503,066,异常,2,0,Y,,H-ZD,066
125351024213603,066,异常,1,0,Y,,H-ZD,066
125351024213606,034,发货,1,1,Y,H-T0244,H-ZD,034
125351024601802,024,分类,1,1,Y,H-T0228,H-ZD,024
125351025601803,048,分类,1,1,Y,H-T0091,H-ZD,048
125351025809503,066,异常,1,0,Y,,H-ZD,066
125376010804303,066,异常,1,0,Y,,H-ZD,066
125376010804304,021,分类,1,1,Y,H-T0300,H-ZD,021
125376010804305,029,分类,1,0,Y,,H-ZD,029
125376012304503,027,分类,1,1,Y,H-T0284,H-ZD,027
125376012304504,022,分类,1,1,Y,H-T0234,H-ZD,022
125376012601802,022,分类,2,2,Y,H-T0234,H-ZD,022
125376012601803,027,分类,1,1,Y,H-T0284,H-ZD,027
125378015601803,066,异常,1,0,Y,,H-ZD,066
125378015601805,066,异常,1,0,Y,,H-ZD,066
125378015707003,028,分类,3,1,Y,H-T0292,H-ZD,028
125378017702802,024,分类,1,1,Y,H-T0228,H-ZD,024
125378017804302,024,分类,1,1,Y,H-T0228,H-ZD,024
125378024213602,030,分类,2,2,Y,H-T0289,H-ZD,030
125378024213603,035,分类,4,4,Y,H-T0064,H-ZD,035
125381014312338,066,异常,1,0,Y,,H-ZD,066
125381016311638,066,异常,1,0,Y,,H-ZD,066
125382008901135,066,异常,1,0,Y,,H-ZD,066
125382008901137,066,异常,1,0,Y,,H-ZD,066
125401062502704,028,分类,1,1,Y,H-T0237,H-ZD,028
125401062502902,021,分类,1,1,Y,H-T0263,H-ZD,021
125401062502904,028,分类,1,1,Y,H-T0237,H-ZD,028
125401062602804,039,分类,2,2,Y,H-T0069,H-ZD,039
125401062602805,039,分类,1,1,Y,H-T0146,H-ZD,039
125401062608502,027,分类,1,0,Y,,H-ZD,027
125401067111802,020,分类,2,2,Y,H-T0229,H-ZD,020
125401067111803,021,分类,2,2,Y,H-T0263,H-ZD,021
125401067504802,023,分类,1,1,Y,H-T0294,H-ZD,023
125401067601802,023,分类,1,1,Y,H-T0294,H-ZD,023
125401067601805,066,异常,1,0,Y,,H-ZD,066
125401067809506,022,分类,1,1,Y,H-T0234,H-ZD,022
125402013600405,066,异常,1,0,Y,,H-ZD,066
125402013804302,030,分类,1,1,Y,H-T0289,H-ZD,030
125408004310901,020,分类,2,0,Y,,H-ZD,020
125408004310903,021,分类,4,4,Y,H-T0263,H-ZD,021
125408004310904,020,分类,2,2,Y,H-T0479,H-ZD,020
125408004600402,022,分类,1,1,Y,H-T0234,H-ZD,022
125408004600403,020,分类,3,3,Y,H-T0479,H-ZD,020
125408004600404,020,分类,1,1,Y,H-T0479,H-ZD,020
125408004800903,023,分类,1,1,Y,H-T0294,H-ZD,023
125408006305802,030,分类,3,3,Y,H-T0289,H-ZD,030
125408006305803,030,分类,5,5,Y,H-T0289,H-ZD,030
125408006305804,066,异常,1,0,Y,,H-ZD,066
125408006502602,021,分类,4,4,Y,"H-T0263,H-T0300",H-ZD,021
125408006502603,029,分类,8,0,Y,,H-ZD,029
125408006502605,066,异常,1,0,Y,,H-ZD,066
125408006601802,027,分类,2,2,Y,"H-T0231,H-T0284",H-ZD,027
125408006802402,027,分类,2,0,Y,,H-ZD,027
125408006802403,030,分类,1,0,Y,,H-ZD,030
125408008505203,027,分类,1,1,Y,H-T0231,H-ZD,027
125408008809503,027,分类,1,1,Y,H-T0231,H-ZD,027
125408014207802,021,分类,2,2,Y,H-T0263,H-ZD,021
125408014207804,020,分类,1,0,Y,,H-ZD,020
125408014505202,021,分类,1,1,Y,H-T0263,H-ZD,021
125408014505204,020,分类,1,1,Y,H-T0479,H-ZD,020
125408014601802,024,分类,1,1,Y,H-T0228,H-ZD,024
125408014601804,020,分类,1,1,Y,H-T0479,H-ZD,020
125408014809502,021,分类,1,0,Y,,H-ZD,021
125408014809504,028,分类,1,1,Y,H-T0237,H-ZD,028
125408022207804,065,分类,1,1,Y,H-T0286,H-ZD,065
125408022601807,066,异常,1,0,Y,,H-ZD,066
125408026111802,066,异常,1,0,Y,,H-ZD,066
125408026111803,022,分类,2,2,Y,H-T0234,H-ZD,022
125408026111804,021,分类,1,1,Y,H-T0263,H-ZD,021
125408026505203,047,分类,1,1,Y,H-T0267,H-ZD,047
125408026601803,046,分类,1,1,Y,H-T0144,H-ZD,046
125408026809502,046,分类,9,1,Y,H-T0144,H-ZD,046
125408026809503,046,分类,7,7,Y,"H-T0144,H-T0266",H-ZD,046
125408033210803,027,分类,2,2,Y,H-T0231,H-ZD,027
125408033412602,039,分类,1,1,Y,H-T0148,H-ZD,039
125408033601803,027,分类,1,1,Y,H-T0231,H-ZD,027
125408033601807,066,异常,1,0,Y,,H-ZD,066
125408059502603,040,分类,4,4,Y,H-T0068,H-ZD,040
125419022812935,066,异常,1,0,Y,,H-ZD,066
125482010708835,066,异常,1,0,Y,,H-ZD,066
126101105506205,066,异常,1,0,Y,,H-ZD,066
126101113106703,029,分类,1,1,Y,H-T0285,H-ZD,029
126101133110704,048,分类,1,1,Y,H-T0091,H-ZD,048
126101133110705,031,分类,1,1,Y,H-T0283,H-ZD,031
126101133110706,066,异常,1,0,Y,,H-ZD,066
126101133506102,037,分类,1,1,Y,H-T0081,H-ZD,037
126101133506103,048,分类,1,1,Y,H-T0091,H-ZD,048
126101133601803,043,分类,1,1,Y,H-T0274,H-ZD,043
126101133601805,034,发货,1,1,Y,H-T0019,H-ZD,034
126101133601806,043,分类,5,5,Y,"H-T0248,H-T0274",H-ZD,043
126101141102703,028,分类,1,0,Y,,H-ZD,028
126101141102705,028,分类,1,1,Y,H-T0237,H-ZD,028
126101141106203,028,分类,2,0,Y,,H-ZD,028
126101141110702,028,分类,1,1,Y,H-T0237,H-ZD,028
126101141221303,028,分类,2,1,Y,H-T0292,H-ZD,028
126101141600403,030,分类,1,1,Y,H-T0289,H-ZD,030
126101177115503,043,分类,2,2,Y,H-T0274,H-ZD,043
126101177115505,040,分类,1,1,Y,H-T0068,H-ZD,040
126101177206202,066,异常,1,0,Y,,H-ZD,066
126101177206203,039,分类,3,3,Y,H-T0146,H-ZD,039
126101177206204,048,分类,3,3,Y,H-T0076,H-ZD,048
126101177206206,037,分类,1,1,Y,H-T0081,H-ZD,037
126101177221303,039,分类,1,1,Y,H-T0148,H-ZD,039
126101177221306,066,异常,1,0,Y,,H-ZD,066
126101177411506,046,分类,1,1,Y,H-T0144,H-ZD,046
126101177601802,038,分类,2,2,Y,H-T0149,H-ZD,038
126101177601803,038,分类,2,2,Y,H-T0493,H-ZD,038
126101184411503,035,分类,1,1,Y,H-T0064,H-ZD,035
126101184504802,066,异常,2,0,Y,,H-ZD,066
126101184504804,047,分类,2,2,Y,H-T0295,H-ZD,047
126101184504807,066,异常,2,0,Y,,H-ZD,066
126101184601804,066,异常,6,0,Y,,H-ZD,066
126101184601805,065,分类,1,1,Y,H-T0286,H-ZD,065
126101184809504,047,分类,1,1,Y,H-T0267,H-ZD,047
126101184809505,047,分类,4,4,Y,H-T0295,H-ZD,047
126101184809507,047,分类,1,1,Y,H-T0267,H-ZD,047
126101186103802,030,分类,5,0,Y,,H-ZD,030
126101186221302,034,发货,1,0,Y,,H-ZD,034
126101186221304,048,分类,1,1,Y,H-T0091,H-ZD,048
126101186421502,039,分类,3,3,Y,H-T0069,H-ZD,039
126101186421503,043,分类,2,2,Y,H-T0248,H-ZD,043
126101186513102,039,分类,2,2,Y,H-T0069,H-ZD,039
126101188601803,066,异常,1,0,Y,,H-ZD,066
126101188702002,027,分类,4,4,Y,H-T0284,H-ZD,027
126101200506202,028,分类,3,3,Y,H-T0292,H-ZD,028
126101200506203,023,分类,1,0,Y,,H-ZD,023
126101200506205,029,分类,1,1,Y,H-T0285,H-ZD,029
126101208601804,040,分类,1,1,Y,H-T0142,H-ZD,040
126102016601805,023,分类,1,1,Y,H-T0294,H-ZD,023
126106024212003,066,异常,1,0,Y,,H-ZD,066
126106024212004,066,异常,3,0,Y,,H-ZD,066
126106024414205,066,异常,1,0,Y,,H-ZD,066
126106032111807,038,分类,3,3,Y,H-T0493,H-ZD,038
126106035414204,040,分类,2,2,Y,H-T0068,H-ZD,040
126106035414206,066,异常,1,0,Y,,H-ZD,066
126106035809502,028,分类,2,0,Y,,H-ZD,028
126106035809503,021,分类,3,0,Y,,H-ZD,021
126106037506104,036,分类,1,1,Y,H-T0146,H-ZD,036
126106037506105,034,发货,1,0,Y,,H-ZD,034
126106037506106,036,分类,1,1,Y,H-T0146,H-ZD,036
126106037506302,066,异常,1,0,Y,,H-ZD,066
126106037506304,066,异常,1,0,Y,,H-ZD,066
126106037802503,040,分类,1,1,Y,H-T0142,H-ZD,040
126106037802504,040,分类,1,1,Y,H-T0142,H-ZD,040
126106069115602,038,分类,4,4,Y,H-T0149,H-ZD,038
126106069115603,034,发货,1,1,Y,H-T0244,H-ZD,"034,066"
126106069115603,066,异常,1,0,Y,,H-ZD,"034,066"
126106069115604,038,分类,3,3,Y,H-T0149,H-ZD,038
126106069115605,043,分类,2,2,Y,H-T0248,H-ZD,043
126106069115606,035,分类,2,2,Y,H-T0064,H-ZD,035
126106069115607,036,分类,1,1,Y,H-T0061,H-ZD,036
126106069411502,040,分类,2,2,Y,H-T0494,H-ZD,040
126106069411503,040,分类,2,2,Y,"H-T0142,H-T0494",H-ZD,040
126106069411504,034,发货,1,1,Y,H-T0019,H-ZD,034
126106069411506,040,分类,1,1,Y,H-T0274,H-ZD,040
126106069411507,040,分类,4,4,Y,H-T0068,H-ZD,040
126106069510702,037,分类,6,6,Y,H-T0070,H-ZD,037
126106069510704,040,分类,7,0,Y,,H-ZD,040
126106069510705,021,分类,2,3,Y,"H-T0263,H-T0300",H-ZD,"021,034"
126106069510705,034,发货,1,0,Y,,H-ZD,"021,034"
126106069510706,066,异常,1,0,Y,,H-ZD,066
126106069601802,044,分类,1,1,Y,H-T0264,H-ZD,044
126106069601803,034,发货,1,1,Y,H-T0243,H-ZD,034
126106069601804,044,分类,2,2,Y,"H-T0264,H-T0495",H-ZD,044
126106069601805,044,分类,2,2,Y,"H-T0264,H-T0495",H-ZD,044
126106069601806,044,分类,2,2,Y,H-T0264,H-ZD,044
126106069601807,044,分类,2,2,Y,H-T0073,H-ZD,044
126106069809502,034,发货,1,1,Y,H-T0019,H-ZD,"034,041"
126106069809502,041,分类,1,1,Y,H-T0246,H-ZD,"034,041"
126106069809503,041,分类,32,13,Y,"H-T0246,H-T0295",H-ZD,041
126106069809504,034,发货,2,2,Y,H-T0019,H-ZD,"034,041"
126106069809504,041,分类,3,3,Y,H-T0295,H-ZD,"034,041"
126106069809505,034,发货,1,1,Y,H-T0243,H-ZD,034
126106069809506,034,发货,1,1,Y,H-T0244,H-ZD,"034,041"
126106069809506,041,分类,7,7,Y,H-T0246,H-ZD,"034,041"
126107028217003,022,分类,2,2,Y,H-T0234,H-ZD,022
126107028217004,066,异常,3,0,Y,,H-ZD,066
126107028217007,066,异常,1,0,Y,,H-ZD,066
126107028601802,066,异常,1,0,Y,,H-ZD,066
126107028601803,020,分类,5,5,Y,H-T0479,H-ZD,020
126107028601804,066,异常,1,0,Y,,H-ZD,066
126107030601802,066,异常,1,0,Y,,H-ZD,066
126107030601803,066,异常,3,0,Y,,H-ZD,066
126107030703204,041,分类,1,1,Y,H-T0246,H-ZD,041
126107037217005,034,发货,1,1,Y,H-T0243,H-ZD,034
126107037601805,066,异常,1,0,Y,,H-ZD,066
126107037703303,022,分类,3,3,Y,H-T0234,H-ZD,022
126112045105302,021,分类,8,8,Y,H-T0263,H-ZD,021
126112045105304,066,异常,1,0,Y,,H-ZD,066
126112045105306,021,分类,1,0,Y,,H-ZD,021
126112045105307,066,异常,1,0,Y,,H-ZD,066
126112045410104,020,分类,1,1,Y,H-T0479,H-ZD,020
126112045506102,020,分类,2,2,Y,H-T0479,H-ZD,020
126112045506103,020,分类,1,1,Y,H-T0479,H-ZD,020
126112045506104,021,分类,4,4,Y,H-T0263,H-ZD,021
126112045506106,028,分类,1,1,Y,H-T0237,H-ZD,028
126112045809504,020,分类,6,0,Y,,H-ZD,020
126116035506103,021,分类,2,2,Y,H-T0263,H-ZD,021
126116035601804,048,分类,1,1,Y,H-T0110,H-ZD,048
126116035601805,065,分类,1,0,Y,,H-ZD,065
126116035809503,027,分类,1,1,Y,H-T0231,H-ZD,027
126116037601802,030,分类,1,1,Y,H-T0289,H-ZD,030
126116037601803,021,分类,2,0,Y,,H-ZD,021
126116044601803,021,分类,2,0,Y,,H-ZD,021
126116044809503,031,分类,1,0,Y,,H-ZD,031
126116047809502,066,异常,2,0,Y,,H-ZD,066
126116047809504,066,异常,1,0,Y,,H-ZD,066
126116047809505,066,异常,2,0,Y,,H-ZD,066
126116047809506,066,异常,2,0,Y,,H-ZD,066
126119024507937,066,异常,1,0,Y,,H-ZD,066
126119024609837,066,异常,1,0,Y,,H-ZD,066
126119024712237,066,异常,1,0,Y,,H-ZD,066
126151028212002,022,分类,2,1,Y,H-T0234,H-ZD,022
126151028212003,037,分类,4,4,Y,H-T0070,H-ZD,037
126151028212004,031,分类,4,4,Y,H-T0283,H-ZD,031
126151028601802,021,分类,1,1,Y,H-T0263,H-ZD,021
126151028601803,024,分类,5,5,Y,H-T0228,H-ZD,024
126151028601804,024,分类,3,3,Y,H-T0228,H-ZD,024
126151028601805,062,分类,1,1,Y,H-T0280,H-ZD,062
126151028809502,025,分类,2,0,Y,,H-ZD,025
126151028809503,038,分类,4,1,Y,H-T0493,H-ZD,038
126151028809504,039,分类,3,0,Y,,H-ZD,039
126151028809505,024,分类,3,3,Y,H-T0228,H-ZD,024
126151030809503,063,分类,1,1,Y,H-T0291,H-ZD,063
126151034411505,023,分类,1,0,Y,,H-ZD,023
126151034601803,028,分类,2,1,Y,H-T0237,H-ZD,028
126151034601804,023,分类,1,1,Y,H-T0294,H-ZD,023
126151034809503,021,分类,1,1,Y,H-T0263,H-ZD,021
126151034809506,023,分类,1,1,Y,H-T0294,H-ZD,023
126151052700103,036,分类,1,1,Y,H-T0061,H-ZD,036
126178026113102,026,分类,1,0,Y,,H-ZD,026
126178026113103,021,分类,3,0,Y,,H-ZD,021
126212028312803,035,分类,1,0,Y,,H-ZD,035
126212028506103,039,分类,1,1,Y,H-T0146,H-ZD,039
126212028809504,028,分类,1,1,Y,H-T0237,H-ZD,028
126212030809502,021,分类,2,0,Y,,H-ZD,021
126212031113102,066,异常,1,0,Y,,H-ZD,066
126212031210801,027,分类,1,1,Y,H-T0231,H-ZD,027
126212031210802,021,分类,1,1,Y,H-T0226,H-ZD,021
126212031210803,022,分类,6,4,Y,H-T0234,H-ZD,022
126212031210804,024,分类,2,2,Y,H-T0497,H-ZD,024
126212031312803,022,分类,2,2,Y,H-T0234,H-ZD,022
126212031601804,024,分类,1,1,Y,H-T0228,H-ZD,024
126212031809505,031,分类,1,1,Y,H-T0156,H-ZD,031
126212037411502,035,分类,1,1,Y,H-T0064,H-ZD,035
126212037411504,039,分类,1,1,Y,H-T0146,H-ZD,039
126212037809504,027,分类,1,1,Y,H-T0231,H-ZD,027
126212048105303,037,分类,1,1,Y,H-T0081,H-ZD,037
126212048105307,035,分类,2,2,Y,H-T0064,H-ZD,035
126212048207102,021,分类,4,4,Y,H-T0263,H-ZD,021
126212048207103,038,分类,1,1,Y,H-T0149,H-ZD,038
126212048207106,029,分类,1,1,Y,H-T0285,H-ZD,029
126212048207107,039,分类,1,0,Y,,H-ZD,039
126212048411505,037,分类,1,1,Y,H-T0149,H-ZD,037
126212048502205,036,分类,3,3,Y,H-T0061,H-ZD,036
126214029709205,066,异常,1,0,Y,,H-ZD,066
126214033414202,040,分类,2,2,Y,H-T0068,H-ZD,040
126214033414203,036,分类,2,2,Y,H-T0061,H-ZD,036
126214033414205,066,异常,1,0,Y,,H-ZD,066
126214033601803,040,分类,4,4,Y,H-T0068,H-ZD,040
126214033601804,040,分类,1,1,Y,H-T0068,H-ZD,040
126214035601802,037,分类,1,1,Y,H-T0081,H-ZD,037
126214035601804,048,分类,1,1,Y,H-T0076,H-ZD,048
126214066701902,027,分类,3,3,Y,H-T0231,H-ZD,027
126214066701904,021,分类,3,3,Y,H-T0263,H-ZD,021
126214066701905,021,分类,3,0,Y,,H-ZD,021
126215050504802,020,分类,3,3,Y,H-T0479,H-ZD,020
126215050601802,020,分类,4,4,Y,H-T0229,H-ZD,020
126215050601803,029,分类,2,2,Y,H-T0285,H-ZD,029
126215050601805,021,分类,3,3,Y,H-T0226,H-ZD,021
126215050809502,029,分类,2,1,Y,H-T0285,H-ZD,029
126215050809503,029,分类,1,1,Y,H-T0285,H-ZD,029
126215054216504,035,分类,1,1,Y,H-T0064,H-ZD,035
126215054809502,024,分类,2,0,Y,,H-ZD,024
126215056414202,025,分类,2,1,Y,H-T0484,H-ZD,025
126215056414203,028,分类,3,3,Y,H-T0292,H-ZD,028
126215056506103,021,分类,4,4,Y,"H-T0263,H-T0300",H-ZD,021
126215056601802,027,分类,1,1,Y,H-T0231,H-ZD,027
126215056601805,021,分类,2,2,Y,H-T0263,H-ZD,021
126215056809504,031,分类,1,1,Y,H-T0156,H-ZD,031
126215059106705,029,分类,3,3,Y,H-T0285,H-ZD,029
126215061414203,022,分类,2,0,Y,,H-ZD,022
126215061809503,036,分类,1,1,Y,H-T0061,H-ZD,036
126215063506102,021,分类,1,1,Y,H-T0263,H-ZD,021
126215063506103,035,分类,2,2,Y,"H-T0032,H-T0064",H-ZD,035
126215065106703,023,分类,3,3,Y,H-T0294,H-ZD,023
126215065106704,040,分类,3,3,Y,H-T0494,H-ZD,040
126215065106705,024,分类,2,2,Y,H-T0228,H-ZD,024
126215065506102,022,分类,3,3,Y,H-T0234,H-ZD,022
126215065506103,020,分类,4,4,Y,H-T0479,H-ZD,020
126215065601803,029,分类,3,3,Y,H-T0285,H-ZD,029
126215065809502,035,分类,1,1,Y,H-T0064,H-ZD,035
126215067312703,036,分类,2,1,Y,H-T0061,H-ZD,036
126215067312706,026,分类,1,1,Y,H-T0287,H-ZD,026
126215067506103,036,分类,4,3,Y,H-T0061,H-ZD,036
126215067506104,029,分类,4,4,Y,H-T0285,H-ZD,029
126215073414203,026,分类,1,1,Y,H-T0287,H-ZD,026
126215079506102,027,分类,1,1,Y,H-T0231,H-ZD,027
126215079601805,037,分类,2,2,Y,H-T0081,H-ZD,037
126215085105304,066,异常,1,0,Y,,H-ZD,066
126215085410102,022,分类,6,6,Y,H-T0234,H-ZD,022
126215085410103,021,分类,3,3,Y,H-T0263,H-ZD,021
126215085411502,027,分类,1,1,Y,H-T0231,H-ZD,027
126215085411503,030,分类,3,3,Y,H-T0289,H-ZD,030
126215085411504,030,分类,1,0,Y,,H-ZD,030
126215085800902,031,分类,1,0,Y,,H-ZD,031
126215085800903,029,分类,17,17,Y,H-T0285,H-ZD,029
126215085800904,030,分类,7,7,Y,H-T0289,H-ZD,030
126215085800905,030,分类,6,6,Y,H-T0289,H-ZD,030
126215085800906,030,分类,4,4,Y,H-T0289,H-ZD,030
126215087110402,029,分类,1,1,Y,H-T0285,H-ZD,029
126215087110403,036,分类,1,1,Y,H-T0061,H-ZD,036
126215087411502,020,分类,2,2,Y,H-T0479,H-ZD,020
126215087601803,020,分类,4,4,Y,H-T0479,H-ZD,020
126215087800902,066,异常,1,0,Y,,H-ZD,066
126215104110404,028,分类,1,0,Y,,H-ZD,028
126215104305302,021,分类,2,2,Y,H-T0263,H-ZD,021
126215104410102,028,分类,1,1,Y,H-T0237,H-ZD,028
126216042106703,066,异常,3,0,Y,,H-ZD,066
126216042106704,066,异常,1,0,Y,,H-ZD,066
126216042106705,066,异常,1,0,Y,,H-ZD,066
126216042601802,066,异常,2,0,Y,,H-ZD,066
126216042601803,066,异常,2,0,Y,,H-ZD,066
126216042601804,066,异常,1,0,Y,,H-ZD,066
126216042601805,040,分类,1,1,Y,H-T0068,H-ZD,040
126216042809503,021,分类,2,2,Y,H-T0226,H-ZD,021
126219004809537,066,异常,1,0,Y,,H-ZD,066
126220010219136,066,异常,1,0,Y,,H-ZD,066
126278028414205,036,分类,3,3,Y,H-T0146,H-ZD,036
126278032312804,040,分类,1,1,Y,H-T0494,H-ZD,040
126301150411502,062,分类,1,1,Y,H-T0280,H-ZD,062
126301150504802,062,分类,1,1,Y,H-T0280,H-ZD,062
126301150504803,062,分类,1,1,Y,H-T0280,H-ZD,062
126301150601804,062,分类,1,1,Y,H-T0280,H-ZD,062
126302025601802,041,分类,2,0,Y,,H-ZD,041
126302025601803,064,分类,1,1,Y,H-T0299,H-ZD,064
126302025601804,064,分类,1,1,Y,H-T0299,H-ZD,064
126302025601805,064,分类,1,1,Y,H-T0299,H-ZD,064
126302025804302,064,分类,1,1,Y,H-T0299,H-ZD,064
126302025804303,064,分类,1,1,Y,H-T0299,H-ZD,064
126302031115503,062,分类,2,0,Y,,H-ZD,062
126302031115506,039,分类,1,0,Y,,H-ZD,039
126302031509203,062,分类,2,2,Y,H-T0280,H-ZD,062
126302031601804,062,分类,2,2,Y,H-T0280,H-ZD,062
126302031804302,043,分类,2,2,Y,H-T0274,H-ZD,043
126302035115504,062,分类,1,0,Y,,H-ZD,062
126302037115504,062,分类,3,3,Y,H-T0280,H-ZD,062
126302037601802,062,分类,1,1,Y,H-T0280,H-ZD,062
126302037601803,062,分类,1,1,Y,H-T0280,H-ZD,062
126302037601806,062,分类,1,1,Y,H-T0280,H-ZD,062
126302037804302,066,异常,2,0,Y,,H-ZD,066
126302037804304,062,分类,3,3,Y,H-T0280,H-ZD,062
126302037804306,062,分类,1,1,Y,H-T0280,H-ZD,062
126306058221304,062,分类,1,1,Y,H-T0280,H-ZD,062
126306058221307,062,分类,1,1,Y,H-T0280,H-ZD,062
126306058504802,045,分类,10,10,Y,H-T0067,H-ZD,045
126306058504803,045,分类,5,5,Y,H-T0067,H-ZD,045
126306058504804,045,分类,1,0,Y,,H-ZD,045
126306058601807,062,分类,1,1,Y,H-T0280,H-ZD,062
126306058804302,024,分类,11,2,Y,H-T0228,H-ZD,024
126306058804303,025,分类,9,0,Y,,H-ZD,025
126306073213907,034,发货,1,0,Y,,H-ZD,034
126306073411503,034,发货,1,1,Y,H-T0243,H-ZD,034
126306073411504,066,异常,1,0,Y,,H-ZD,066
126306073506202,034,发货,1,1,Y,H-T0007,H-ZD,034
126306073506203,034,发货,1,1,Y,H-T0007,H-ZD,034
126306073506204,034,发货,5,4,Y,"H-T0019,H-T0147,H-T0243",H-ZD,034
126306073506205,034,发货,1,1,Y,H-T0007,H-ZD,034
126306073506206,034,发货,1,1,Y,H-T0147,H-ZD,"034,064"
126306073506206,064,分类,1,1,Y,H-T0299,H-ZD,"034,064"
126306073601802,034,发货,2,2,Y,"H-T0007,H-T0019",H-ZD,034
126306073601803,034,发货,3,3,Y,"H-T0007,H-T0147,H-T0264",H-ZD,034
126306073601804,034,发货,8,6,Y,"H-T0007,H-T0147,H-T0243",H-ZD,034
126306073601805,034,发货,4,3,Y,"H-T0019,H-T0243",H-ZD,034
126306073601806,034,发货,1,1,Y,H-T0019,H-ZD,034
126306073601807,034,发货,2,2,Y,"H-T0019,H-T0244",H-ZD,034
126306073804302,034,发货,1,1,Y,H-T0019,H-ZD,034
126306073804303,034,发货,4,4,Y,"H-T0007,H-T0019,H-T0243",H-ZD,"034,064"
126306073804303,064,分类,2,1,Y,H-T0299,H-ZD,"034,064"
126306073804304,034,发货,5,5,Y,"H-T0007,H-T0019",H-ZD,"034,064"
126306073804304,064,分类,5,5,Y,H-T0299,H-ZD,"034,064"
126306073804305,034,发货,4,3,Y,"H-T0007,H-T0019",H-ZD,034
126306073804306,064,分类,2,2,Y,H-T0299,H-ZD,064
126306073804307,064,分类,1,1,Y,H-T0299,H-ZD,064
126307043204904,063,分类,1,0,Y,,H-ZD,063
126307043221304,063,分类,2,0,Y,,H-ZD,063
126307043601804,063,分类,1,0,Y,,H-ZD,063
126307059305802,029,分类,1,0,Y,,H-ZD,029
126307059305803,028,分类,3,3,Y,H-T0237,H-ZD,028
126307059305804,022,分类,1,1,Y,H-T0088,H-ZD,022
126307059305805,029,分类,1,1,Y,H-T0285,H-ZD,029
126307059601806,030,分类,1,1,Y,H-T0289,H-ZD,030
126307059702803,029,分类,1,1,Y,H-T0285,H-ZD,029
126307060221703,043,分类,1,1,Y,H-T0274,H-ZD,043
126307060601802,034,发货,1,1,Y,H-T0019,H-ZD,"034,065"
126307060601802,065,分类,1,1,Y,H-T0286,H-ZD,"034,065"
126307060601803,034,发货,1,1,Y,H-T0019,H-ZD,"034,048"
126307060601803,048,分类,2,2,Y,H-T0091,H-ZD,"034,048"
126307060601804,048,分类,1,1,Y,H-T0091,H-ZD,048
126307068601802,064,分类,1,1,Y,H-T0299,H-ZD,064
126314048601802,035,分类,1,0,Y,,H-ZD,035
126315094813203,035,分类,1,0,Y,,H-ZD,035
126316059809502,066,异常,1,0,Y,,H-ZD,066
126316063809503,021,分类,2,1,Y,H-T0263,H-ZD,021
126316076106703,040,分类,1,1,Y,H-T0494,H-ZD,040
126316076106704,040,分类,1,1,Y,H-T0274,H-ZD,040
126316076504806,048,分类,1,1,Y,H-T0091,H-ZD,048
126316076601804,048,分类,1,1,Y,H-T0091,H-ZD,048
126316076809503,037,分类,1,1,Y,H-T0149,H-ZD,037
126316076809504,065,分类,1,1,Y,H-T0286,H-ZD,065
126316076809505,050,分类,1,1,Y,H-T0262,H-ZD,050
126319034609337,066,异常,1,0,Y,,H-ZD,066
126319034714135,066,异常,1,0,Y,,H-ZD,066
126319034714139,066,异常,1,0,Y,,H-ZD,066
126378035506003,037,分类,1,1,Y,H-T0149,H-ZD,037
126378035506004,064,分类,1,1,Y,H-T0299,H-ZD,064
126378035709202,037,分类,5,5,Y,H-T0081,H-ZD,037
126378035709205,035,分类,3,3,Y,H-T0049,H-ZD,035
126378035709206,021,分类,1,1,Y,H-T0226,H-ZD,021
126379004606903,027,分类,1,0,Y,,H-ZD,027
126381042718035,034,发货,1,0,Y,,H-ZD,034
126381042718036,034,发货,1,0,Y,,H-ZD,034
126381108708239,066,异常,1,0,Y,,H-ZD,066
126381112718039,066,异常,1,0,Y,,H-ZD,066
126408067411504,064,分类,4,4,Y,H-T0299,H-ZD,064
126408067508703,064,分类,1,1,Y,H-T0299,H-ZD,064
126482038901438,066,异常,1,0,Y,,H-ZD,066
126482038902239,066,异常,1,0,Y,,H-ZD,066
1283070811004,064,分类,1,1,Y,H-T0299,H-ZD,064
1283070870305,064,分类,1,1,Y,H-T0299,H-ZD,064
1283102011403,023,分类,1,0,Y,,H-ZD,023
1291152611404,066,异常,1,0,Y,,H-ZD,066
1291152660402,023,分类,1,1,Y,H-T0294,H-ZD,023
1291152660404,023,分类,1,1,Y,H-T0294,H-ZD,023
1293100821802,023,分类,1,0,Y,,H-ZD,023
1293100860403,023,分类,1,1,Y,H-T0294,H-ZD,023
1293100880902,023,分类,1,0,Y,,H-ZD,023
1303101921211,022,分类,1,1,Y,H-T0234,H-ZD,022
1303111311411,066,异常,1,0,Y,,H-ZD,066
1303111311415,030,分类,1,0,Y,,H-ZD,030
1303111311416,024,分类,3,3,Y,H-T0497,H-ZD,024
1303111360411,021,分类,1,1,Y,H-T0263,H-ZD,021
1303111360415,066,异常,1,0,Y,,H-ZD,066
1303111360416,034,发货,1,0,Y,,H-ZD,034
1303111370315,066,异常,1,0,Y,,H-ZD,066
1304012712716,066,异常,1,0,Y,,H-ZD,066
1304012732516,066,异常,1,0,Y,,H-ZD,066
1312143611212,030,分类,1,1,Y,H-T0289,H-ZD,030
1312143611220,029,分类,1,0,Y,,H-ZD,029
1312143670810,029,分类,1,0,Y,,H-ZD,029
1312143670820,028,分类,1,1,Y,H-T0237,H-ZD,028
1313102341510,024,分类,1,0,Y,,H-ZD,024
1321380559515,023,分类,1,1,Y,H-T0294,H-ZD,023
1322124517212,027,分类,1,1,Y,H-T0231,H-ZD,027
1322124517213,035,分类,1,1,Y,H-T0064,H-ZD,035
1322124524813,031,分类,1,1,Y,H-T0156,H-ZD,031
1322124913511,029,分类,1,0,Y,,H-ZD,029
1322124950913,024,分类,1,1,Y,H-T0228,H-ZD,024
1323101813511,027,分类,4,4,Y,H-T0284,H-ZD,027
1323101813512,035,分类,1,1,Y,H-T0049,H-ZD,035
1323101813513,040,分类,2,2,Y,"H-T0142,H-T0274",H-ZD,040
1323101880312,029,分类,1,1,Y,H-T0285,H-ZD,029
1323101880313,030,分类,1,0,Y,,H-ZD,030
1324511216914,034,发货,2,2,Y,"H-T0019,H-T0147",H-ZD,034
1324511216915,037,分类,5,5,Y,H-T0149,H-ZD,037
1324511216916,066,异常,1,0,Y,,H-ZD,066
1332123546214,035,分类,1,1,Y,H-T0049,H-ZD,035
1332143513912,028,分类,1,1,Y,H-T0237,H-ZD,028
1332143513913,022,分类,3,3,Y,H-T0088,H-ZD,022
1332143513914,035,分类,1,1,Y,H-T0049,H-ZD,035
1332143513916,021,分类,2,2,Y,H-T0226,H-ZD,021
1332143541514,021,分类,2,2,Y,H-T0263,H-ZD,021
1332143541515,026,分类,1,1,Y,H-T0287,H-ZD,026
1332143571912,031,分类,1,1,Y,H-T0156,H-ZD,031
1332143571913,021,分类,1,1,Y,H-T0263,H-ZD,021
1332143571915,025,分类,2,2,Y,H-T0484,H-ZD,025
1332143571916,031,分类,1,1,Y,H-T0156,H-ZD,031
1333113572013,024,分类,1,0,Y,,H-ZD,024
1342143015111,029,分类,1,1,Y,H-T0285,H-ZD,029
1342143015115,024,分类,1,0,Y,,H-ZD,024
1342143015116,022,分类,1,1,Y,H-T0088,H-ZD,022
1342143115115,021,分类,7,7,Y,H-T0263,H-ZD,021
1342143161811,023,分类,2,2,Y,H-T0294,H-ZD,023
1342143161813,035,分类,1,1,Y,H-T0049,H-ZD,035
1342143161814,021,分类,7,0,Y,,H-ZD,021
1342143161815,021,分类,9,3,Y,H-T0263,H-ZD,021
1342143161816,021,分类,9,9,Y,H-T0263,H-ZD,021
1342143170813,021,分类,2,2,Y,H-T0263,H-ZD,021
1342143170815,021,分类,8,7,Y,H-T0263,H-ZD,021
1342143170816,029,分类,2,0,Y,,H-ZD,029
134301043210412,036,分类,1,1,Y,H-T0146,H-ZD,036
134301043210413,066,异常,1,0,Y,,H-ZD,066
134301043210422,066,异常,1,0,Y,,H-ZD,066
134301043410713,038,分类,4,0,Y,,H-ZD,038
134301049606612,038,分类,1,1,Y,H-T0149,H-ZD,038
134306146110213,043,分类,1,1,Y,H-T0274,H-ZD,043
134306146110215,034,发货,1,1,Y,H-T0019,H-ZD,034
13430614631413,066,异常,1,0,Y,,H-ZD,066
13430614631414,066,异常,1,0,Y,,H-ZD,066
13430614631416,041,分类,1,1,Y,H-T0295,H-ZD,041
13430614649713,066,异常,1,0,Y,,H-ZD,066
13430614649714,066,异常,1,0,Y,,H-ZD,066
13430614649715,066,异常,1,0,Y,,H-ZD,066
13430614661813,066,异常,1,0,Y,,H-ZD,066
13430614661815,043,分类,1,1,Y,H-T0274,H-ZD,043
13430614661822,034,发货,1,1,Y,H-T0243,H-ZD,"034,042"
13430614661822,042,分类,1,1,Y,H-T0275,H-ZD,"034,042"
134307173503913,038,分类,2,2,Y,H-T0493,H-ZD,038
134307173503915,035,分类,1,1,Y,H-T0064,H-ZD,035
134307173503916,027,分类,2,1,Y,H-T0284,H-ZD,"027,034"
134307173503916,034,发货,1,0,Y,,H-ZD,"027,034"
13430717361812,024,分类,2,2,Y,H-T0228,H-ZD,024
13430717361814,066,异常,1,0,Y,,H-ZD,066
13430717361815,031,分类,1,1,Y,H-T0283,H-ZD,031
13430717384312,066,异常,1,0,Y,,H-ZD,066
13430717384313,038,分类,1,1,Y,H-T0263,H-ZD,038
13430717384316,041,分类,1,1,Y,H-T0246,H-ZD,041
134310200110213,021,分类,1,1,Y,H-T0263,H-ZD,021
134310200110214,021,分类,1,1,Y,H-T0300,H-ZD,021
134310200411014,031,分类,3,3,Y,H-T0283,H-ZD,031
13431020082413,031,分类,1,1,Y,H-T0283,H-ZD,031
13431020082415,030,分类,4,0,Y,,H-ZD,030
13433400217800,066,异常,1,0,Y,,H-ZD,066
134334002210300,035,分类,3,3,Y,H-T0064,H-ZD,035
1344013711711,066,异常,1,0,Y,,H-ZD,066
1344013711712,037,分类,2,2,Y,H-T0149,H-ZD,037
1344013711714,066,异常,1,0,Y,,H-ZD,066
1344013712514,041,分类,1,1,Y,H-T0295,H-ZD,041
1344013712516,034,发货,2,2,Y,H-T0019,H-ZD,034
1344013741813,034,发货,1,1,Y,H-T0147,H-ZD,034
1344013741815,038,分类,1,1,Y,H-T0263,H-ZD,038
1344013741816,021,分类,1,1,Y,H-T0300,H-ZD,021
134408267107212,030,分类,1,1,Y,H-T0289,H-ZD,030
134408267107222,035,分类,1,1,Y,H-T0064,H-ZD,035
134408267210514,030,分类,2,2,Y,H-T0289,H-ZD,030
134408267210516,027,分类,1,0,Y,,H-ZD,027
134408267210522,028,分类,1,1,Y,H-T0237,H-ZD,028
134408267410814,030,分类,1,1,Y,H-T0289,H-ZD,030
134408267410815,028,分类,2,1,Y,H-T0237,H-ZD,028
134408267410816,039,分类,1,1,Y,H-T0146,H-ZD,039
134408269100116,036,分类,1,1,Y,H-T0061,H-ZD,036
13440826961815,030,分类,1,1,Y,H-T0289,H-ZD,030
13440934361814,066,异常,1,0,Y,,H-ZD,066
135101016706514,021,分类,2,0,Y,,H-ZD,021
135101017205912,036,分类,1,1,Y,H-T0146,H-ZD,036
135101017205913,041,分类,2,2,Y,H-T0246,H-ZD,041
135101017205916,038,分类,1,1,Y,H-T0263,H-ZD,038
135101017600422,066,异常,3,0,Y,,H-ZD,066
135101017808412,066,异常,1,0,Y,,H-ZD,066
135101022305715,034,发货,1,1,Y,H-T0019,H-ZD,"034,036"
135101022305715,036,分类,5,2,Y,H-T0146,H-ZD,"034,036"
135101022305716,041,分类,2,2,Y,H-T0246,H-ZD,041
135101022305722,034,发货,1,4,Y,"H-T0007,H-T0244",H-ZD,"034,039"
135101022305722,039,分类,4,1,Y,H-T0069,H-ZD,"034,039"
135101022500414,030,分类,1,1,Y,H-T0289,H-ZD,030
135101022500416,039,分类,1,1,Y,H-T0146,H-ZD,039
135101022500422,040,分类,2,0,Y,,H-ZD,040
135101022504212,036,分类,2,0,Y,,H-ZD,036
135101022504215,040,分类,1,1,Y,H-T0142,H-ZD,040
135101022504216,034,发货,1,1,Y,H-T0243,H-ZD,034
135101022504222,042,分类,2,2,Y,"H-T0072,H-T0275",H-ZD,042
135101022601814,037,分类,3,3,Y,H-T0081,H-ZD,037
135101022601815,066,异常,1,0,Y,,H-ZD,066
135101022601822,066,异常,2,0,Y,,H-ZD,066
135107015102711,066,异常,1,0,Y,,H-ZD,066
135107015600416,020,分类,2,2,Y,H-T0156,H-ZD,020
135107015700316,025,分类,3,3,Y,"H-T0095,H-T0484",H-ZD,025
135116010212514,024,分类,1,1,Y,H-T0228,H-ZD,024
135116010808512,066,异常,1,0,Y,,H-ZD,066
135116010808514,024,分类,1,1,Y,H-T0228,H-ZD,024
135116010808515,029,分类,1,0,Y,,H-ZD,029
135116010808614,024,分类,1,1,Y,H-T0228,H-ZD,024
135116010808812,039,分类,1,1,Y,H-T0146,H-ZD,039
135178022110412,031,分类,1,1,Y,H-T0283,H-ZD,031
135178022110413,028,分类,4,4,Y,H-T0237,H-ZD,028
135178022110414,024,分类,4,4,Y,H-T0228,H-ZD,024
135178022210812,030,分类,1,2,Y,H-T0289,H-ZD,030
135178022210813,029,分类,8,0,Y,,H-ZD,029
135178022210814,035,分类,5,0,Y,,H-ZD,035
135178022210815,021,分类,4,4,Y,H-T0226,H-ZD,021
135178022210816,024,分类,16,16,Y,"H-T0298,H-T0497",H-ZD,024
135178022601812,024,分类,3,3,Y,H-T0228,H-ZD,024
135178022601814,021,分类,1,1,Y,H-T0300,H-ZD,021
135178022601815,027,分类,12,1,Y,H-T0284,H-ZD,027
135178022601816,024,分类,15,15,Y,"H-T0298,H-T0497",H-ZD,024
135212023207112,035,分类,2,2,Y,H-T0064,H-ZD,035
135212023207116,036,分类,5,0,Y,,H-ZD,036
135212023304513,041,分类,1,1,Y,H-T0246,H-ZD,041
135212023308612,030,分类,2,0,Y,,H-ZD,030
135212023308613,030,分类,2,2,Y,H-T0289,H-ZD,030
135212023308614,031,分类,1,1,Y,H-T0156,H-ZD,031
135212023308616,038,分类,1,1,Y,H-T0493,H-ZD,038
135212023308622,024,分类,3,3,Y,H-T0228,H-ZD,024
135212023502212,035,分类,2,2,Y,H-T0064,H-ZD,035
135212023502213,040,分类,1,1,Y,H-T0494,H-ZD,040
135212023502222,027,分类,11,11,Y,H-T0231,H-ZD,027
135212023703212,030,分类,2,2,Y,H-T0289,H-ZD,030
135212023703213,039,分类,1,1,Y,H-T0146,H-ZD,039
135212023703222,031,分类,1,1,Y,H-T0156,H-ZD,031
135212024703313,026,分类,1,1,Y,H-T0287,H-ZD,026
135212024808414,037,分类,1,1,Y,H-T0081,H-ZD,037
135214018504213,029,分类,2,0,Y,,H-ZD,029
135214018504214,028,分类,1,0,Y,,H-ZD,028
135215035111211,028,分类,1,1,Y,H-T0237,H-ZD,028
135215035111213,030,分类,1,1,Y,H-T0289,H-ZD,030
135215035111214,024,分类,5,5,Y,H-T0228,H-ZD,024
135215035212014,022,分类,1,0,Y,,H-ZD,022
135215035212015,022,分类,1,0,Y,,H-ZD,022
135215035411812,026,分类,2,2,Y,H-T0287,H-ZD,026
135215035411813,027,分类,3,0,Y,,H-ZD,027
135215035411814,025,分类,4,4,Y,H-T0484,H-ZD,025
135215035800912,029,分类,2,2,Y,H-T0285,H-ZD,029
135215035800913,024,分类,1,1,Y,H-T0228,H-ZD,024
135215035800914,031,分类,2,2,Y,H-T0283,H-ZD,031
135215036504311,035,分类,1,1,Y,H-T0064,H-ZD,035
135215036808513,043,分类,1,0,Y,,H-ZD,043
135215036808514,035,分类,4,4,Y,H-T0064,H-ZD,035
135215036808515,029,分类,2,2,Y,H-T0285,H-ZD,029
135215036808611,027,分类,1,1,Y,H-T0231,H-ZD,027
135215036808612,029,分类,3,2,Y,H-T0285,H-ZD,029
135215036808812,028,分类,2,2,Y,H-T0237,H-ZD,028
135215036808814,035,分类,3,3,Y,H-T0064,H-ZD,035
135215036808815,021,分类,6,0,Y,,H-ZD,021
135301073111814,030,分类,1,1,Y,H-T0289,H-ZD,030
135301073213612,026,分类,1,1,Y,H-T0287,H-ZD,026
135301073413114,066,异常,1,0,Y,,H-ZD,066
135301074311014,021,分类,2,0,Y,,H-ZD,021
135301074311113,034,发货,1,1,Y,H-T0243,H-ZD,034
135301074311116,034,发货,1,1,Y,H-T0243,H-ZD,034
135301074505312,066,异常,2,0,Y,,H-ZD,066
135301074505314,066,异常,1,0,Y,,H-ZD,066
135301074601814,035,分类,1,1,Y,H-T0064,H-ZD,035
135302014207912,026,分类,1,0,Y,,H-ZD,026
135302014207913,026,分类,2,2,Y,H-T0287,H-ZD,026
135302014207914,030,分类,3,3,Y,H-T0289,H-ZD,030
135302014207915,035,分类,2,2,Y,H-T0064,H-ZD,035
135302014207916,030,分类,2,1,Y,H-T0289,H-ZD,030
135302014601812,027,分类,1,1,Y,H-T0284,H-ZD,027
135302014601813,024,分类,3,3,Y,H-T0228,H-ZD,024
135302014601814,066,异常,1,0,Y,,H-ZD,066
135302014601816,027,分类,3,3,Y,H-T0284,H-ZD,027
135302014601822,024,分类,3,0,Y,,H-ZD,024
135306016413313,027,分类,2,2,Y,H-T0231,H-ZD,027
135306016413314,066,异常,1,0,Y,,H-ZD,066
135306016413315,066,异常,1,0,Y,,H-ZD,066
135306016413316,027,分类,3,2,Y,H-T0284,H-ZD,027
135307019504212,036,分类,1,1,Y,H-T0061,H-ZD,036
135307019504213,024,分类,2,2,Y,"H-T0298,H-T0497",H-ZD,024
135307019504214,024,分类,3,3,Y,H-T0228,H-ZD,024
135307019504216,036,分类,1,1,Y,H-T0061,H-ZD,036
135307019601813,027,分类,2,2,Y,"H-T0231,H-T0284",H-ZD,027
135307019601815,027,分类,3,3,Y,H-T0231,H-ZD,027
135307020504913,021,分类,2,1,Y,H-T0263,H-ZD,021
135307020504914,036,分类,1,1,Y,H-T0061,H-ZD,036
135307020601814,037,分类,1,0,Y,,H-ZD,037
135310029214622,036,分类,1,1,Y,H-T0061,H-ZD,036
135310030111212,022,分类,1,1,Y,H-T0234,H-ZD,022
135310030111222,025,分类,2,2,Y,H-T0484,H-ZD,025
135310030410122,040,分类,2,2,Y,H-T0068,H-ZD,040
135310030411812,023,分类,1,1,Y,H-T0294,H-ZD,023
135310031205812,066,异常,1,0,Y,,H-ZD,066
135310031205814,027,分类,3,3,Y,H-T0231,H-ZD,027
135310031205816,029,分类,3,1,Y,H-T0285,H-ZD,029
135310031504816,027,分类,4,4,Y,H-T0231,H-ZD,027
135310031504822,027,分类,1,1,Y,H-T0231,H-ZD,027
135311005410113,029,分类,2,0,Y,,H-ZD,029
135311005410114,030,分类,1,1,Y,H-T0289,H-ZD,030
135311005410115,030,分类,1,1,Y,H-T0289,H-ZD,030
135316029411812,023,分类,1,1,Y,H-T0294,H-ZD,023
135316029411822,023,分类,2,2,Y,H-T0294,H-ZD,023
135316029601814,021,分类,3,0,Y,,H-ZD,021
135316029809514,024,分类,2,2,Y,H-T0497,H-ZD,024
135316029809516,026,分类,1,1,Y,H-T0287,H-ZD,026
135401075311016,030,分类,1,1,Y,H-T0289,H-ZD,030
135401075311114,025,分类,1,1,Y,H-T0484,H-ZD,025
135401075601814,025,分类,2,2,Y,H-T0484,H-ZD,025
135408029600422,038,分类,1,0,Y,,H-ZD,038
135408030301412,023,分类,1,1,Y,H-T0294,H-ZD,023
135408030301414,021,分类,4,0,Y,,H-ZD,021
135408031600414,066,异常,1,0,Y,,H-ZD,066
136101115312813,028,分类,2,2,Y,H-T0237,H-ZD,028
136101115506112,038,分类,1,0,Y,,H-ZD,038
136101116113412,023,分类,2,2,Y,H-T0294,H-ZD,023
136101116113413,029,分类,2,2,Y,H-T0285,H-ZD,029
136101116113422,026,分类,1,1,Y,H-T0287,H-ZD,026
136101116414413,035,分类,4,4,Y,H-T0064,H-ZD,035
136101116414414,025,分类,3,3,Y,H-T0484,H-ZD,025
136101116414422,023,分类,2,1,Y,H-T0294,H-ZD,023
136101117305713,023,分类,1,1,Y,H-T0294,H-ZD,023
136101117305714,025,分类,2,2,Y,H-T0484,H-ZD,025
136101117305716,027,分类,1,1,Y,H-T0231,H-ZD,027
136101117506512,020,分类,2,2,Y,H-T0258,H-ZD,020
136101117506514,027,分类,1,0,Y,,H-ZD,027
136101117703212,021,分类,1,1,Y,H-T0263,H-ZD,021
136101117703216,027,分类,2,0,Y,,H-ZD,027
136101117703222,027,分类,1,1,Y,H-T0284,H-ZD,027
136106030310413,025,分类,1,1,Y,H-T0095,H-ZD,025
136106030310414,066,异常,1,0,Y,,H-ZD,066
136106030310415,031,分类,2,2,Y,H-T0156,H-ZD,031
136106030310416,031,分类,1,1,Y,H-T0283,H-ZD,031
136106030310422,028,分类,3,3,Y,H-T0237,H-ZD,028
136106030504215,027,分类,3,3,Y,H-T0231,H-ZD,027
136106030504216,066,异常,1,0,Y,,H-ZD,066
136106030504222,027,分类,2,2,Y,H-T0231,H-ZD,027
136106030601812,020,分类,4,4,Y,H-T0479,H-ZD,020
136106030601814,025,分类,1,1,Y,H-T0484,H-ZD,025
136106030601815,029,分类,2,2,Y,H-T0285,H-ZD,029
136106030703213,031,分类,1,1,Y,H-T0156,H-ZD,031
136106030703215,030,分类,6,1,Y,H-T0289,H-ZD,030
136106030703216,030,分类,8,5,Y,H-T0289,H-ZD,030
136107033213614,031,分类,5,4,Y,"H-T0156,H-T0283",H-ZD,031
136107033414312,035,分类,1,1,Y,H-T0064,H-ZD,035
136107033414314,036,分类,4,4,Y,"H-T0061,H-T0146",H-ZD,036
136107033506012,029,分类,2,0,Y,,H-ZD,029
136107033506013,030,分类,4,4,Y,H-T0289,H-ZD,030
136107033506016,025,分类,5,0,Y,,H-ZD,025
136107033506022,024,分类,3,3,Y,H-T0228,H-ZD,024
136107033601814,040,分类,1,1,Y,H-T0494,H-ZD,040
136107033601815,034,发货,1,1,Y,H-T0244,H-ZD,"034,041"
136107033601815,041,分类,1,1,Y,H-T0246,H-ZD,"034,041"
136107033601822,030,分类,1,1,Y,H-T0289,H-ZD,030
136116039414214,021,分类,1,1,Y,H-T0263,H-ZD,021
136116039414215,024,分类,1,1,Y,H-T0228,H-ZD,024
136116039414216,066,异常,1,0,Y,,H-ZD,066
136116039414222,022,分类,3,1,Y,H-T0088,H-ZD,022
136116039504813,066,异常,1,0,Y,,H-ZD,066
136116039504814,024,分类,2,2,Y,H-T0497,H-ZD,024
136116039504815,021,分类,2,2,Y,H-T0263,H-ZD,021
136116039504816,027,分类,4,4,Y,H-T0284,H-ZD,027
136116039601812,039,分类,1,0,Y,,H-ZD,039
136116039601813,043,分类,2,2,Y,H-T0274,H-ZD,043
136116039601814,026,分类,2,2,Y,H-T0287,H-ZD,026
136116039601822,029,分类,1,0,Y,,H-ZD,029
136212049113112,039,分类,1,1,Y,H-T0148,H-ZD,039
136212049113114,035,分类,2,0,Y,,H-ZD,035
136212049113116,036,分类,5,0,Y,,H-ZD,036
136212049113122,031,分类,4,4,Y,H-T0156,H-ZD,031
136212049305713,027,分类,3,2,Y,H-T0231,H-ZD,027
136212049305715,027,分类,5,5,Y,H-T0284,H-ZD,027
136212049305716,035,分类,4,4,Y,H-T0064,H-ZD,035
136212049305722,021,分类,6,6,Y,H-T0263,H-ZD,021
136212049809512,039,分类,1,1,Y,H-T0148,H-ZD,039
136212049809513,037,分类,1,0,Y,,H-ZD,037
136212049809514,035,分类,1,1,Y,H-T0049,H-ZD,035
136212049809516,038,分类,1,1,Y,H-T0149,H-ZD,038
136212049809522,027,分类,5,5,Y,H-T0231,H-ZD,027
136214041213612,024,分类,3,0,Y,,H-ZD,024
136214041213613,026,分类,2,2,Y,H-T0287,H-ZD,026
136214041213614,035,分类,4,4,Y,"H-T0049,H-T0064",H-ZD,035
136214041213615,035,分类,5,5,Y,H-T0064,H-ZD,035
136214041213616,037,分类,5,5,Y,"H-T0081,H-T0149",H-ZD,037
136214041601812,025,分类,2,2,Y,H-T0484,H-ZD,025
136214041601813,039,分类,2,2,Y,H-T0148,H-ZD,039
136214041601814,030,分类,1,1,Y,H-T0289,H-ZD,030
136214041601816,066,异常,1,0,Y,,H-ZD,066
136214041702413,026,分类,3,3,Y,H-T0287,H-ZD,026
136214041702414,024,分类,5,5,Y,H-T0228,H-ZD,024
136214041702415,035,分类,3,0,Y,,H-ZD,035
136214041702416,024,分类,2,2,Y,H-T0228,H-ZD,024
136215075113413,026,分类,2,2,Y,H-T0287,H-ZD,026
136215075113414,025,分类,2,2,Y,H-T0484,H-ZD,025
136215075113415,028,分类,1,1,Y,H-T0237,H-ZD,028
136215075113416,025,分类,2,2,Y,H-T0484,H-ZD,025
136215075312814,025,分类,1,0,Y,,H-ZD,025
136215075410112,021,分类,1,1,Y,H-T0263,H-ZD,021
136215075410113,021,分类,1,1,Y,H-T0263,H-ZD,021
136215075410114,025,分类,1,1,Y,H-T0484,H-ZD,025
136215075410115,027,分类,2,2,Y,H-T0231,H-ZD,027
136215075410116,021,分类,1,1,Y,H-T0226,H-ZD,021
136215075410122,025,分类,2,2,Y,H-T0484,H-ZD,025
136215075411513,029,分类,3,1,Y,H-T0285,H-ZD,029
136215075411514,035,分类,1,1,Y,H-T0064,H-ZD,035
136215075411515,035,分类,3,3,Y,H-T0049,H-ZD,035
136215076113412,024,分类,1,1,Y,H-T0228,H-ZD,024
136215076113414,025,分类,1,0,Y,,H-ZD,025
136215076113415,028,分类,1,1,Y,H-T0237,H-ZD,028
136215076113416,021,分类,1,1,Y,H-T0263,H-ZD,021
136215076113422,026,分类,1,0,Y,,H-ZD,026
136215076411514,029,分类,1,1,Y,H-T0285,H-ZD,029
136215076411522,039,分类,2,2,Y,H-T0148,H-ZD,039
136215076414713,021,分类,1,1,Y,H-T0263,H-ZD,021
136215076414714,025,分类,4,4,Y,H-T0484,H-ZD,025
136215076414716,040,分类,1,1,Y,H-T0068,H-ZD,040
136215076601813,021,分类,1,1,Y,H-T0263,H-ZD,021
136215076601814,026,分类,3,3,Y,H-T0287,H-ZD,026
136215076601822,025,分类,4,4,Y,H-T0484,H-ZD,025
136215077113412,029,分类,1,0,Y,,H-ZD,029
136215077113415,035,分类,1,1,Y,H-T0064,H-ZD,035
136215077113416,027,分类,1,1,Y,H-T0231,H-ZD,027
136215077313611,029,分类,1,1,Y,H-T0285,H-ZD,029
136215077313612,031,分类,1,1,Y,H-T0156,H-ZD,031
136215077313614,035,分类,2,1,Y,H-T0064,H-ZD,035
136215077704112,028,分类,1,0,Y,,H-ZD,028
136215077809513,021,分类,1,1,Y,H-T0263,H-ZD,021
136215077809516,031,分类,1,1,Y,H-T0156,H-ZD,031
136215077809522,035,分类,1,1,Y,H-T0064,H-ZD,035
136278033213612,027,分类,1,1,Y,H-T0231,H-ZD,027
136278033213613,027,分类,2,2,Y,H-T0231,H-ZD,027
136278033213614,024,分类,4,2,Y,H-T0228,H-ZD,024
136278033213615,029,分类,4,4,Y,H-T0285,H-ZD,029
136278033213616,031,分类,2,2,Y,H-T0156,H-ZD,031
136278033213622,021,分类,2,2,Y,H-T0263,H-ZD,021
136278033217112,027,分类,2,0,Y,,H-ZD,027
136278033217113,031,分类,4,4,Y,H-T0156,H-ZD,031
136278033217114,031,分类,3,3,Y,H-T0156,H-ZD,031
136278033217115,036,分类,2,0,Y,,H-ZD,036
136278033217116,035,分类,5,5,Y,H-T0064,H-ZD,035
136278033217122,031,分类,6,6,Y,H-T0156,H-ZD,031
136278033506212,030,分类,1,1,Y,H-T0289,H-ZD,030
136278033506214,030,分类,5,5,Y,H-T0289,H-ZD,030
136278033506215,031,分类,2,2,Y,H-T0156,H-ZD,031
136278033506216,030,分类,4,4,Y,H-T0289,H-ZD,030
136278033601812,035,分类,1,1,Y,H-T0049,H-ZD,035
136278033601814,028,分类,4,4,Y,H-T0237,H-ZD,028
136278033601815,025,分类,2,2,Y,H-T0484,H-ZD,025
136278033601816,021,分类,2,2,Y,H-T0263,H-ZD,021
136278033601822,025,分类,3,3,Y,H-T0484,H-ZD,025
136301191115512,030,分类,2,0,Y,,H-ZD,030
136301191115516,066,异常,1,0,Y,,H-ZD,066
136301191117113,066,异常,1,0,Y,,H-ZD,066
136301191117116,042,分类,1,1,Y,H-T0275,H-ZD,042
136301191301413,036,分类,2,2,Y,H-T0146,H-ZD,036
136301191301414,024,分类,1,0,Y,,H-ZD,024
136301191301416,066,异常,1,0,Y,,H-ZD,066
136301191601812,021,分类,1,1,Y,H-T0263,H-ZD,021
136301191601814,066,异常,1,0,Y,,H-ZD,066
136301191601816,066,异常,1,0,Y,,H-ZD,066
136301191601822,066,异常,1,0,Y,,H-ZD,066
136301192115916,066,异常,1,0,Y,,H-ZD,066
136306065115512,040,分类,2,2,Y,H-T0068,H-ZD,040
136306065115516,066,异常,2,0,Y,,H-ZD,066
136306065205812,066,异常,2,0,Y,,H-ZD,066
136306065205813,066,异常,1,0,Y,,H-ZD,066
136306065205815,066,异常,2,0,Y,,H-ZD,066
136306065205816,041,分类,2,2,Y,"H-T0246,H-T0295",H-ZD,041
136306065411512,066,异常,1,0,Y,,H-ZD,066
136306065411514,035,分类,2,2,Y,"H-T0032,H-T0064",H-ZD,035
136306065411516,066,异常,1,0,Y,,H-ZD,066
136306065601813,066,异常,1,0,Y,,H-ZD,066
136306065601814,066,异常,1,0,Y,,H-ZD,066
136307063212814,037,分类,4,4,Y,H-T0081,H-ZD,037
136307063212822,043,分类,1,0,Y,,H-ZD,043
136307063601814,043,分类,2,2,Y,"H-T0248,H-T0274",H-ZD,043
136310049415222,066,异常,1,0,Y,,H-ZD,066
136316073116014,066,异常,1,0,Y,,H-ZD,066
136316073415216,066,异常,1,0,Y,,H-ZD,066
136316074301416,066,异常,1,0,Y,,H-ZD,066
136376030104816,066,异常,1,0,Y,,H-ZD,066
1393061112912,040,分类,1,1,Y,H-T0142,H-ZD,040
1393061112915,027,分类,8,2,Y,H-T0284,H-ZD,027
1393061129811,038,分类,1,0,Y,,H-ZD,038
1393061129815,037,分类,1,1,Y,H-T0081,H-ZD,037
1393061143515,039,分类,1,1,Y,H-T0148,H-ZD,039
1604342460400,021,分类,3,0,Y,,H-ZD,021
1604342542900,066,异常,1,0,Y,,H-ZD,066
1620291023000,018,分类,75,0,Y,,H-ZD,018
1622340413503,024,分类,8,8,Y,H-T0497,H-ZD,024
1622340413504,031,分类,1,1,Y,H-T0156,H-ZD,031
1622340418303,024,分类,8,7,Y,H-T0497,H-ZD,024
1622340418304,024,分类,20,20,Y,"H-T0228,H-T0298",H-ZD,024
1622340440303,024,分类,4,0,Y,,H-ZD,024
1622340440304,026,分类,1,1,Y,H-T0287,H-ZD,026
1622460413500,022,分类,5,5,Y,H-T0234,H-ZD,022
1622460443800,021,分类,2,0,Y,,H-ZD,021
1622460480600,038,分类,1,0,Y,,H-ZD,038
1624350551603,034,发货,1,0,Y,,H-ZD,034
1624350560403,028,分类,1,0,Y,,H-ZD,028
1632344040502,021,分类,1,0,Y,,H-ZD,021
1632344050102,036,分类,1,0,Y,,H-ZD,036
1632460614403,021,分类,1,1,Y,H-T0263,H-ZD,021
1632460660403,031,分类,1,0,Y,,H-ZD,031
1632560214300,038,分类,246,0,Y,,H-ZD,038
1632560225800,038,分类,142,0,Y,,H-ZD,038
1632560245900,034,发货,1,0,Y,,H-ZD,"034,038"
1632560245900,038,分类,87,0,Y,,H-ZD,"034,038"
1632560251800,038,分类,193,0,Y,,H-ZD,038
1634345313600,021,分类,2,2,Y,H-T0263,H-ZD,021
1634345370200,028,分类,1,1,Y,H-T0237,H-ZD,028
1640250260400,034,发货,2,3,Y,"H-T0007,H-T0019,H-T0147",H-ZD,"034,066"
1640250260400,066,异常,1,0,Y,,H-ZD,"034,066"
1640250360400,020,分类,1,1,Y,H-T0479,H-ZD,020
1640261125000,020,分类,3,3,Y,H-T0258,H-ZD,020
1640261160400,028,分类,1,1,Y,H-T0237,H-ZD,028
1640340420500,021,分类,1,1,Y,H-T0300,H-ZD,021
16403943102900,066,异常,1,0,Y,,H-ZD,066
16404443202200,034,发货,1,1,Y,H-T0019,H-ZD,034
1642340947600,022,分类,1,1,Y,H-T0234,H-ZD,022
1642341674300,027,分类,3,3,Y,H-T0231,H-ZD,027
1642341683100,029,分类,6,0,Y,,H-ZD,029
1642341815800,037,分类,1,1,Y,H-T0149,H-ZD,037
1642341860400,036,分类,1,1,Y,H-T0146,H-ZD,036
1642341870300,024,分类,1,1,Y,H-T0228,H-ZD,024
1642343315703,029,分类,1,1,Y,H-T0285,H-ZD,029
16423442911200,066,异常,1,0,Y,,H-ZD,066
16423442920500,066,异常,1,0,Y,,H-ZD,066
16423442930500,066,异常,2,0,Y,,H-ZD,066
16423442960100,066,异常,2,0,Y,,H-ZD,066
16423442970200,066,异常,2,0,Y,,H-ZD,066
16433440360400,027,分类,1,1,Y,H-T0231,H-ZD,027
16433440584300,042,分类,4,4,Y,H-T0275,H-ZD,042
165025025101800,037,分类,1,1,Y,H-T0081,H-ZD,037
165025026401100,023,分类,1,1,Y,H-T0294,H-ZD,023
165025032401100,066,异常,1,0,Y,,H-ZD,066
165025033600400,034,发货,1,2,Y,"H-T0007,H-T0243",H-ZD,"034,066"
165025033600400,066,异常,1,0,Y,,H-ZD,"034,066"
165025033800300,034,发货,2,2,Y,"H-T0007,H-T0264",H-ZD,034
165025034402200,043,分类,3,1,Y,H-T0274,H-ZD,043
165025034702400,037,分类,1,1,Y,H-T0149,H-ZD,037
165025035702400,034,发货,1,1,Y,H-T0074,H-ZD,034
165025038600400,066,异常,2,0,Y,,H-ZD,066
165025040402200,040,分类,10,9,Y,"H-T0142,H-T0274,H-T0494",H-ZD,040
165025040600400,034,发货,2,2,Y,"H-T0007,H-T0019",H-ZD,034
165025040702400,034,发货,2,2,Y,"H-T0007,H-T0019",H-ZD,034
165025053210300,040,分类,1,0,Y,,H-ZD,040
165025069200700,066,异常,1,0,Y,,H-ZD,066
165025069205200,034,发货,1,2,Y,H-T0007,H-ZD,"034,066"
165025069205200,066,异常,1,0,Y,,H-ZD,"034,066"
165025069301400,034,发货,1,1,Y,H-T0147,H-ZD,034
165025069600400,037,分类,1,1,Y,H-T0149,H-ZD,037
165033002600118,066,异常,1,0,Y,,H-ZD,066
165033003200713,066,异常,1,0,Y,,H-ZD,066
165033003600113,066,异常,1,0,Y,,H-ZD,066
165033003600118,066,异常,1,0,Y,,H-ZD,066
165034012103800,043,分类,1,1,Y,H-T0274,H-ZD,043
165034012103900,034,发货,1,1,Y,H-T0007,H-ZD,034
165034012402200,066,异常,2,0,Y,,H-ZD,066
165034012600400,020,分类,1,1,Y,H-T0156,H-ZD,020
165034012700200,066,异常,5,0,Y,,H-ZD,066
165034013504900,022,分类,1,0,Y,,H-ZD,022
165034013600400,021,分类,5,5,Y,H-T0263,H-ZD,021
165034015700800,027,分类,3,0,Y,,H-ZD,027
165034017204700,066,异常,1,0,Y,,H-ZD,066
165034018601100,066,异常,2,0,Y,,H-ZD,066
165034028504900,023,分类,2,1,Y,H-T0294,H-ZD,023
165034029707300,036,分类,1,1,Y,H-T0146,H-ZD,036
165034030110500,037,分类,1,1,Y,H-T0149,H-ZD,037
165034030211300,022,分类,1,1,Y,H-T0088,H-ZD,022
165034030600400,026,分类,2,2,Y,H-T0287,H-ZD,026
165034030707300,042,分类,1,1,Y,H-T0275,H-ZD,042
165034033200700,021,分类,9,6,Y,H-T0263,H-ZD,021
165034035600400,024,分类,6,6,Y,H-T0228,H-ZD,024
165034035702400,024,分类,11,11,Y,"H-T0228,H-T0298",H-ZD,024
165034039600400,066,异常,1,0,Y,,H-ZD,066
165034039707300,035,分类,3,0,Y,,H-ZD,035
165034040600400,066,异常,1,0,Y,,H-ZD,066
165034043600400,030,分类,44,45,Y,H-T0289,H-ZD,"030,034"
165034043600400,034,发货,1,0,Y,,H-ZD,"030,034"
165035007206904,036,分类,1,1,Y,H-T0146,H-ZD,036
165035008703104,021,分类,1,1,Y,H-T0263,H-ZD,021
165035015707303,021,分类,1,0,Y,,H-ZD,021
165035016210804,036,分类,1,1,Y,H-T0061,H-ZD,036
165041001103700,066,异常,1,0,Y,,H-ZD,066
165041001413000,066,异常,1,0,Y,,H-ZD,066
165041003102700,066,异常,1,0,Y,,H-ZD,066
165041010403100,066,异常,2,0,Y,,H-ZD,066
165434038110500,066,异常,1,0,Y,,H-ZD,066
165434038600400,034,发货,1,1,Y,H-T0019,H-ZD,034
165434038603600,066,异常,1,0,Y,,H-ZD,066
165435005204704,066,异常,1,0,Y,,H-ZD,066
166025071600400,039,分类,1,1,Y,H-T0148,H-ZD,039
166025071813200,037,分类,1,1,Y,H-T0149,H-ZD,037
166025072411500,034,发货,1,2,Y,H-T0147,H-ZD,"034,066"
166025072411500,066,异常,1,0,Y,,H-ZD,"034,066"
166025072600400,066,异常,1,0,Y,,H-ZD,066
166025074506200,037,分类,2,2,Y,H-T0149,H-ZD,037
166025077600400,021,分类,3,3,Y,H-T0300,H-ZD,021
166025078802503,035,分类,1,1,Y,H-T0049,H-ZD,035
166025078902603,066,异常,1,0,Y,,H-ZD,066
166025086402200,066,异常,1,0,Y,,H-ZD,066
166025086600400,034,发货,1,1,Y,H-T0007,H-ZD,034
166025090506200,039,分类,4,1,Y,H-T0148,H-ZD,039
166025091206200,066,异常,1,0,Y,,H-ZD,066
166025091813200,066,异常,1,0,Y,,H-ZD,066
166025092600400,017,分类,175,0,Y,,H-ZD,017
166025093600400,034,发货,1,1,Y,H-T0264,H-ZD,034
166033010601803,034,发货,1,0,Y,,H-ZD,034
166034044500900,021,分类,13,13,Y,H-T0263,H-ZD,021
166034045415200,024,分类,1,1,Y,H-T0298,H-ZD,024
166034046506200,039,分类,3,3,Y,H-T0148,H-ZD,039
166034047506100,066,异常,1,0,Y,,H-ZD,066
166034048204900,021,分类,4,0,Y,,H-ZD,021
166034049601803,066,异常,1,0,Y,,H-ZD,066
166034049802402,066,异常,7,0,Y,,H-ZD,066
166034052704000,066,异常,1,0,Y,,H-ZD,066
166034052707300,034,发货,1,0,Y,,H-ZD,034
166034057212900,066,异常,1,0,Y,,H-ZD,066
166034057509200,066,异常,1,0,Y,,H-ZD,066
166034060221700,066,异常,1,0,Y,,H-ZD,066
166034060316500,066,异常,1,0,Y,,H-ZD,066
166034060411500,066,异常,1,0,Y,,H-ZD,066
166034060511500,066,异常,1,0,Y,,H-ZD,066
166034060809500,066,异常,1,0,Y,,H-ZD,066
166034090509200,028,分类,1,1,Y,H-T0237,H-ZD,028
166034090713200,026,分类,2,2,Y,H-T0287,H-ZD,026
166034091802500,040,分类,1,0,Y,,H-ZD,040
166035020411503,035,分类,1,1,Y,H-T0064,H-ZD,035
166035026305703,027,分类,2,2,Y,H-T0231,H-ZD,027
166035030600400,021,分类,33,33,Y,H-T0300,H-ZD,021
166041014815000,034,发货,1,1,Y,H-T0007,H-ZD,034
166041015411500,066,异常,1,0,Y,,H-ZD,066
166041015700800,066,异常,1,0,Y,,H-ZD,066
1680320242200,041,分类,1,1,Y,H-T0295,H-ZD,041
1680320270800,066,异常,1,0,Y,,H-ZD,066
1684350241703,028,分类,1,1,Y,H-T0237,H-ZD,028
1684350241704,022,分类,1,1,Y,H-T0234,H-ZD,022
1684350260602,028,分类,1,1,Y,H-T0237,H-ZD,028
1684350260603,028,分类,1,1,Y,H-T0237,H-ZD,028
1684350271004,026,分类,1,1,Y,H-T0287,H-ZD,026
2393070912511,039,分类,1,0,Y,,H-ZD,039
2393070912513,066,异常,1,0,Y,,H-ZD,066
2393070912514,066,异常,1,0,Y,,H-ZD,066
2393070912515,038,分类,1,1,Y,H-T0263,H-ZD,038
2393070960413,066,异常,2,0,Y,,H-ZD,066
2393070960414,035,分类,2,2,Y,"H-T0049,H-T0064",H-ZD,035
2393070970312,025,分类,3,3,Y,"H-T0095,H-T0484",H-ZD,025
2393070970314,037,分类,1,1,Y,H-T0081,H-ZD,037
253185660103,034,发货,1,4,Y,"H-T0019,H-T0074,H-T0147",H-ZD,"034,066"
253185660103,066,异常,3,0,Y,,H-ZD,"034,066"
9610340260400,024,分类,1,1,Y,H-T0228,H-ZD,024
